{"level":"info","message":"Connected to MongoDB","timestamp":"2025-07-25T17:05:41.668Z"}
{"level":"info","message":"Created unique index on EU designation number","timestamp":"2025-07-25T17:05:41.741Z"}
{"level":"info","message":"CSV Headers: Medicine name,Related EMA product number,Active substance,Date of designation / refusal,Intended use,EU designation number,Status,First published date,Last updated date,Orphan designation URL,","timestamp":"2025-07-25T17:05:41.781Z"}
{"level":"warn","message":"Skipping invalid key in record: ","timestamp":"2025-07-25T17:05:41.783Z"}
{"level":"warn","message":"Skipping invalid key in record: ","timestamp":"2025-07-25T17:05:41.784Z"}
{"level":"warn","message":"Skipping invalid key in record: ","timestamp":"2025-07-25T17:05:41.785Z"}
{"level":"warn","message":"Skipping invalid key in record: ","timestamp":"2025-07-25T17:05:41.785Z"}
{"level":"warn","message":"Skipping invalid key in record: ","timestamp":"2025-07-25T17:05:41.785Z"}
{"level":"warn","message":"Skipping invalid key in record: ","timestamp":"2025-07-25T17:05:41.786Z"}
{"level":"warn","message":"Skipping invalid key in record: ","timestamp":"2025-07-25T17:05:41.786Z"}
{"level":"warn","message":"Skipping invalid key in record: ","timestamp":"2025-07-25T17:05:41.787Z"}
{"level":"warn","message":"Skipping invalid key in record: ","timestamp":"2025-07-25T17:05:41.787Z"}
{"level":"warn","message":"Skipping invalid key in record: ","timestamp":"2025-07-25T17:05:41.787Z"}
{"level":"warn","message":"Skipping invalid key in record: ","timestamp":"2025-07-25T17:05:41.788Z"}
{"level":"warn","message":"Skipping invalid key in record: ","timestamp":"2025-07-25T17:05:41.788Z"}
{"level":"warn","message":"Skipping invalid key in record: ","timestamp":"2025-07-25T17:05:41.788Z"}
{"level":"warn","message":"Skipping invalid key in record: ","timestamp":"2025-07-25T17:05:41.788Z"}
{"level":"warn","message":"Skipping invalid key in record: ","timestamp":"2025-07-25T17:05:41.789Z"}
{"level":"warn","message":"Skipping invalid key in record: ","timestamp":"2025-07-25T17:05:41.789Z"}
{"level":"warn","message":"Skipping invalid key in record: ","timestamp":"2025-07-25T17:05:41.789Z"}
{"level":"warn","message":"Skipping invalid key in record: ","timestamp":"2025-07-25T17:05:41.789Z"}
{"level":"warn","message":"Skipping invalid key in record: ","timestamp":"2025-07-25T17:05:41.790Z"}
{"level":"warn","message":"Skipping invalid key in record: ","timestamp":"2025-07-25T17:05:41.790Z"}
{"level":"warn","message":"Skipping invalid key in record: ","timestamp":"2025-07-25T17:05:41.790Z"}
{"level":"warn","message":"Skipping invalid key in record: ","timestamp":"2025-07-25T17:05:41.790Z"}
{"level":"warn","message":"Skipping invalid key in record: ","timestamp":"2025-07-25T17:05:41.790Z"}
{"level":"warn","message":"Skipping invalid key in record: ","timestamp":"2025-07-25T17:05:41.791Z"}
{"level":"warn","message":"Skipping invalid key in record: ","timestamp":"2025-07-25T17:05:41.791Z"}
{"level":"warn","message":"Skipping invalid key in record: ","timestamp":"2025-07-25T17:05:41.791Z"}
{"level":"warn","message":"Skipping invalid key in record: ","timestamp":"2025-07-25T17:05:41.791Z"}
{"level":"warn","message":"Skipping invalid key in record: ","timestamp":"2025-07-25T17:05:41.792Z"}
{"level":"warn","message":"Skipping invalid key in record: ","timestamp":"2025-07-25T17:05:41.792Z"}
{"level":"warn","message":"Skipping invalid key in record: ","timestamp":"2025-07-25T17:05:41.792Z"}
{"level":"warn","message":"Skipping invalid key in record: ","timestamp":"2025-07-25T17:05:41.792Z"}
{"level":"warn","message":"Skipping invalid key in record: ","timestamp":"2025-07-25T17:05:41.793Z"}
{"level":"warn","message":"Skipping invalid key in record: ","timestamp":"2025-07-25T17:05:41.793Z"}
{"level":"warn","message":"Skipping invalid key in record: ","timestamp":"2025-07-25T17:05:41.793Z"}
{"level":"warn","message":"Skipping invalid key in record: ","timestamp":"2025-07-25T17:05:41.793Z"}
{"level":"warn","message":"Skipping invalid key in record: ","timestamp":"2025-07-25T17:05:41.794Z"}
{"level":"warn","message":"Skipping invalid key in record: ","timestamp":"2025-07-25T17:05:41.794Z"}
{"level":"warn","message":"Skipping invalid key in record: ","timestamp":"2025-07-25T17:05:41.794Z"}
{"level":"warn","message":"Skipping invalid key in record: ","timestamp":"2025-07-25T17:05:41.794Z"}
{"level":"warn","message":"Skipping invalid key in record: ","timestamp":"2025-07-25T17:05:41.794Z"}
{"level":"warn","message":"Skipping invalid key in record: ","timestamp":"2025-07-25T17:05:41.795Z"}
{"level":"warn","message":"Skipping invalid key in record: ","timestamp":"2025-07-25T17:05:41.795Z"}
{"level":"warn","message":"Skipping invalid key in record: ","timestamp":"2025-07-25T17:05:41.795Z"}
{"level":"warn","message":"Skipping invalid key in record: ","timestamp":"2025-07-25T17:05:41.795Z"}
{"level":"warn","message":"Skipping invalid key in record: ","timestamp":"2025-07-25T17:05:41.795Z"}
{"level":"warn","message":"Skipping invalid key in record: ","timestamp":"2025-07-25T17:05:41.795Z"}
{"level":"warn","message":"Skipping invalid key in record: ","timestamp":"2025-07-25T17:05:41.795Z"}
{"level":"warn","message":"Skipping invalid key in record: ","timestamp":"2025-07-25T17:05:41.795Z"}
{"level":"warn","message":"Skipping invalid key in record: ","timestamp":"2025-07-25T17:05:41.795Z"}
{"level":"warn","message":"Skipping invalid key in record: ","timestamp":"2025-07-25T17:05:41.796Z"}
{"level":"info","message":"CSV Headers: Medicine name,Related EMA product number,Active substance,Date of designation / refusal,Intended use,EU designation number,Status,First published date,Last updated date,Orphan designation URL,","timestamp":"2025-07-25T17:05:41.812Z"}
{"level":"warn","message":"Skipping invalid key in record: ","timestamp":"2025-07-25T17:05:41.814Z"}
{"level":"warn","message":"Skipping invalid key in record: ","timestamp":"2025-07-25T17:05:41.814Z"}
{"level":"warn","message":"Skipping invalid key in record: ","timestamp":"2025-07-25T17:05:41.814Z"}
{"level":"warn","message":"Skipping invalid key in record: ","timestamp":"2025-07-25T17:05:41.814Z"}
{"level":"warn","message":"Skipping invalid key in record: ","timestamp":"2025-07-25T17:05:41.815Z"}
{"level":"warn","message":"Skipping invalid key in record: ","timestamp":"2025-07-25T17:05:41.815Z"}
{"level":"warn","message":"Skipping invalid key in record: ","timestamp":"2025-07-25T17:05:41.815Z"}
{"level":"warn","message":"Skipping invalid key in record: ","timestamp":"2025-07-25T17:05:41.815Z"}
{"level":"warn","message":"Skipping invalid key in record: ","timestamp":"2025-07-25T17:05:41.815Z"}
{"level":"warn","message":"Skipping invalid key in record: ","timestamp":"2025-07-25T17:05:41.816Z"}
{"level":"warn","message":"Skipping invalid key in record: ","timestamp":"2025-07-25T17:05:41.816Z"}
{"level":"warn","message":"Skipping invalid key in record: ","timestamp":"2025-07-25T17:05:41.816Z"}
{"level":"warn","message":"Skipping invalid key in record: ","timestamp":"2025-07-25T17:05:41.816Z"}
{"level":"warn","message":"Skipping invalid key in record: ","timestamp":"2025-07-25T17:05:41.816Z"}
{"level":"warn","message":"Skipping invalid key in record: ","timestamp":"2025-07-25T17:05:41.817Z"}
{"level":"warn","message":"Skipping invalid key in record: ","timestamp":"2025-07-25T17:05:41.817Z"}
{"level":"warn","message":"Skipping invalid key in record: ","timestamp":"2025-07-25T17:05:41.817Z"}
{"level":"warn","message":"Skipping invalid key in record: ","timestamp":"2025-07-25T17:05:41.818Z"}
{"level":"warn","message":"Skipping invalid key in record: ","timestamp":"2025-07-25T17:05:41.818Z"}
{"level":"warn","message":"Skipping invalid key in record: ","timestamp":"2025-07-25T17:05:41.818Z"}
{"level":"warn","message":"Skipping invalid key in record: ","timestamp":"2025-07-25T17:05:41.818Z"}
{"level":"warn","message":"Skipping invalid key in record: ","timestamp":"2025-07-25T17:05:41.819Z"}
{"level":"warn","message":"Skipping invalid key in record: ","timestamp":"2025-07-25T17:05:41.819Z"}
{"level":"warn","message":"Skipping invalid key in record: ","timestamp":"2025-07-25T17:05:41.819Z"}
{"level":"warn","message":"Skipping invalid key in record: ","timestamp":"2025-07-25T17:05:41.819Z"}
{"level":"warn","message":"Skipping invalid key in record: ","timestamp":"2025-07-25T17:05:41.820Z"}
{"level":"warn","message":"Skipping invalid key in record: ","timestamp":"2025-07-25T17:05:41.820Z"}
{"level":"warn","message":"Skipping invalid key in record: ","timestamp":"2025-07-25T17:05:41.820Z"}
{"level":"warn","message":"Skipping invalid key in record: ","timestamp":"2025-07-25T17:05:41.821Z"}
{"level":"warn","message":"Skipping invalid key in record: ","timestamp":"2025-07-25T17:05:41.821Z"}
{"level":"warn","message":"Skipping invalid key in record: ","timestamp":"2025-07-25T17:05:41.821Z"}
{"level":"warn","message":"Skipping invalid key in record: ","timestamp":"2025-07-25T17:05:41.821Z"}
{"level":"warn","message":"Skipping invalid key in record: ","timestamp":"2025-07-25T17:05:41.822Z"}
{"level":"warn","message":"Skipping invalid key in record: ","timestamp":"2025-07-25T17:05:41.822Z"}
{"level":"warn","message":"Skipping invalid key in record: ","timestamp":"2025-07-25T17:05:41.822Z"}
{"level":"warn","message":"Skipping invalid key in record: ","timestamp":"2025-07-25T17:05:41.822Z"}
{"level":"warn","message":"Skipping invalid key in record: ","timestamp":"2025-07-25T17:05:41.823Z"}
{"level":"warn","message":"Skipping invalid key in record: ","timestamp":"2025-07-25T17:05:41.823Z"}
{"level":"warn","message":"Skipping invalid key in record: ","timestamp":"2025-07-25T17:05:41.823Z"}
{"level":"warn","message":"Skipping invalid key in record: ","timestamp":"2025-07-25T17:05:41.823Z"}
{"level":"warn","message":"Skipping invalid key in record: ","timestamp":"2025-07-25T17:05:41.824Z"}
{"level":"warn","message":"Skipping invalid key in record: ","timestamp":"2025-07-25T17:05:41.824Z"}
{"level":"warn","message":"Skipping invalid key in record: ","timestamp":"2025-07-25T17:05:41.824Z"}
{"level":"warn","message":"Skipping invalid key in record: ","timestamp":"2025-07-25T17:05:41.824Z"}
{"level":"warn","message":"Skipping invalid key in record: ","timestamp":"2025-07-25T17:05:41.824Z"}
{"level":"warn","message":"Skipping invalid key in record: ","timestamp":"2025-07-25T17:05:41.825Z"}
{"level":"warn","message":"Skipping invalid key in record: ","timestamp":"2025-07-25T17:05:41.825Z"}
{"level":"warn","message":"Skipping invalid key in record: ","timestamp":"2025-07-25T17:05:41.825Z"}
{"level":"warn","message":"Skipping invalid key in record: ","timestamp":"2025-07-25T17:05:41.826Z"}
{"level":"warn","message":"Skipping invalid key in record: ","timestamp":"2025-07-25T17:05:41.826Z"}
{"level":"warn","message":"Skipping invalid key in record: ","timestamp":"2025-07-25T17:05:41.826Z"}
{"level":"warn","message":"Skipping invalid key in record: ","timestamp":"2025-07-25T17:05:41.826Z"}
{"level":"warn","message":"Skipping invalid key in record: ","timestamp":"2025-07-25T17:05:41.827Z"}
{"level":"info","message":"CSV Headers: Medicine name,Related EMA product number,Active substance,Date of designation / refusal,Intended use,EU designation number,Status,First published date,Last updated date,Orphan designation URL,","timestamp":"2025-07-25T17:05:41.836Z"}
{"level":"warn","message":"Skipping invalid key in record: ","timestamp":"2025-07-25T17:05:41.837Z"}
{"level":"warn","message":"Skipping invalid key in record: ","timestamp":"2025-07-25T17:05:41.837Z"}
{"level":"warn","message":"Skipping record with missing or invalid Active substance: {\"Medicine name\":null,\"Related EMA product number\":null,\"Active substance\":null,\"Date of designation / refusal\":\"2025-02-26T00:00:00.000Z\",\"Intended use\":\"Treatment of  X-linked hypohidrotic ectodermal dysplasia (Christ-Siemens-Touraine Syndrome)\",\"EU designation number\":\"EU/3/05/334\",\"Status\":\"Positive\",\"First published date\":\"2007-12-04T00:00:00.000Z\",\"Last updated date\":\"2025-03-11T00:00:00.000Z\",\"Orphan designation URL\":\"https://www.ema.europa.eu/en/medicines/human/orphan-designations/eu-3-05-334\"}","timestamp":"2025-07-25T17:05:41.837Z"}
{"level":"warn","message":"Skipping invalid key in record: ","timestamp":"2025-07-25T17:05:41.837Z"}
{"level":"warn","message":"Skipping invalid key in record: ","timestamp":"2025-07-25T17:05:41.838Z"}
{"level":"warn","message":"Skipping invalid key in record: ","timestamp":"2025-07-25T17:05:41.838Z"}
{"level":"warn","message":"Skipping invalid key in record: ","timestamp":"2025-07-25T17:05:41.838Z"}
{"level":"warn","message":"Skipping invalid key in record: ","timestamp":"2025-07-25T17:05:41.838Z"}
{"level":"warn","message":"Skipping invalid key in record: ","timestamp":"2025-07-25T17:05:41.838Z"}
{"level":"warn","message":"Skipping invalid key in record: ","timestamp":"2025-07-25T17:05:41.838Z"}
{"level":"warn","message":"Skipping invalid key in record: ","timestamp":"2025-07-25T17:05:41.839Z"}
{"level":"warn","message":"Skipping invalid key in record: ","timestamp":"2025-07-25T17:05:41.839Z"}
{"level":"warn","message":"Skipping invalid key in record: ","timestamp":"2025-07-25T17:05:41.839Z"}
{"level":"warn","message":"Skipping invalid key in record: ","timestamp":"2025-07-25T17:05:41.839Z"}
{"level":"warn","message":"Skipping invalid key in record: ","timestamp":"2025-07-25T17:05:41.839Z"}
{"level":"warn","message":"Skipping invalid key in record: ","timestamp":"2025-07-25T17:05:41.840Z"}
{"level":"warn","message":"Skipping invalid key in record: ","timestamp":"2025-07-25T17:05:41.840Z"}
{"level":"warn","message":"Skipping invalid key in record: ","timestamp":"2025-07-25T17:05:41.840Z"}
{"level":"warn","message":"Skipping invalid key in record: ","timestamp":"2025-07-25T17:05:41.840Z"}
{"level":"warn","message":"Skipping invalid key in record: ","timestamp":"2025-07-25T17:05:41.840Z"}
{"level":"warn","message":"Skipping invalid key in record: ","timestamp":"2025-07-25T17:05:41.840Z"}
{"level":"warn","message":"Skipping invalid key in record: ","timestamp":"2025-07-25T17:05:41.841Z"}
{"level":"warn","message":"Skipping invalid key in record: ","timestamp":"2025-07-25T17:05:41.841Z"}
{"level":"warn","message":"Skipping invalid key in record: ","timestamp":"2025-07-25T17:05:41.841Z"}
{"level":"warn","message":"Skipping invalid key in record: ","timestamp":"2025-07-25T17:05:41.841Z"}
{"level":"warn","message":"Skipping invalid key in record: ","timestamp":"2025-07-25T17:05:41.841Z"}
{"level":"warn","message":"Skipping invalid key in record: ","timestamp":"2025-07-25T17:05:41.841Z"}
{"level":"warn","message":"Skipping invalid key in record: ","timestamp":"2025-07-25T17:05:41.841Z"}
{"level":"warn","message":"Skipping invalid key in record: ","timestamp":"2025-07-25T17:05:41.842Z"}
{"level":"warn","message":"Skipping invalid key in record: ","timestamp":"2025-07-25T17:05:41.842Z"}
{"level":"warn","message":"Skipping invalid key in record: ","timestamp":"2025-07-25T17:05:41.842Z"}
{"level":"warn","message":"Skipping invalid key in record: ","timestamp":"2025-07-25T17:05:41.842Z"}
{"level":"warn","message":"Skipping invalid key in record: ","timestamp":"2025-07-25T17:05:41.843Z"}
{"level":"warn","message":"Skipping invalid key in record: ","timestamp":"2025-07-25T17:05:41.843Z"}
{"level":"warn","message":"Skipping invalid key in record: ","timestamp":"2025-07-25T17:05:41.843Z"}
{"level":"warn","message":"Skipping invalid key in record: ","timestamp":"2025-07-25T17:05:41.843Z"}
{"level":"warn","message":"Skipping invalid key in record: ","timestamp":"2025-07-25T17:05:41.843Z"}
{"level":"warn","message":"Skipping invalid key in record: ","timestamp":"2025-07-25T17:05:41.843Z"}
{"level":"warn","message":"Skipping invalid key in record: ","timestamp":"2025-07-25T17:05:41.843Z"}
{"level":"warn","message":"Skipping invalid key in record: ","timestamp":"2025-07-25T17:05:41.844Z"}
{"level":"warn","message":"Skipping invalid key in record: ","timestamp":"2025-07-25T17:05:41.844Z"}
{"level":"warn","message":"Skipping record with missing or invalid Active substance: {\"Medicine name\":null,\"Related EMA product number\":null,\"Active substance\":null,\"Date of designation / refusal\":\"2023-02-15T00:00:00.000Z\",\"Intended use\":\"Treatment of Huntington's disease\",\"EU designation number\":\"EU/3/23/2754\",\"Status\":\"Withdrawn\",\"First published date\":\"2024-01-24T00:00:00.000Z\",\"Last updated date\":\"2025-01-15T00:00:00.000Z\",\"Orphan designation URL\":\"https://www.ema.europa.eu/en/medicines/human/orphan-designations/eu-3-23-2754\"}","timestamp":"2025-07-25T17:05:41.844Z"}
{"level":"warn","message":"Skipping invalid key in record: ","timestamp":"2025-07-25T17:05:41.844Z"}
{"level":"warn","message":"Skipping invalid key in record: ","timestamp":"2025-07-25T17:05:41.844Z"}
{"level":"warn","message":"Skipping invalid key in record: ","timestamp":"2025-07-25T17:05:41.844Z"}
{"level":"warn","message":"Skipping invalid key in record: ","timestamp":"2025-07-25T17:05:41.845Z"}
{"level":"warn","message":"Skipping invalid key in record: ","timestamp":"2025-07-25T17:05:41.845Z"}
{"level":"warn","message":"Skipping invalid key in record: ","timestamp":"2025-07-25T17:05:41.845Z"}
{"level":"warn","message":"Skipping invalid key in record: ","timestamp":"2025-07-25T17:05:41.845Z"}
{"level":"warn","message":"Skipping invalid key in record: ","timestamp":"2025-07-25T17:05:41.845Z"}
{"level":"warn","message":"Skipping invalid key in record: ","timestamp":"2025-07-25T17:05:41.845Z"}
{"level":"warn","message":"Skipping invalid key in record: ","timestamp":"2025-07-25T17:05:41.846Z"}
{"level":"warn","message":"Skipping invalid key in record: ","timestamp":"2025-07-25T17:05:41.846Z"}
{"level":"warn","message":"Skipping invalid key in record: ","timestamp":"2025-07-25T17:05:41.846Z"}
{"level":"warn","message":"Skipping invalid key in record: ","timestamp":"2025-07-25T17:05:41.846Z"}
{"level":"info","message":"CSV Headers: Medicine name,Related EMA product number,Active substance,Date of designation / refusal,Intended use,EU designation number,Status,First published date,Last updated date,Orphan designation URL,","timestamp":"2025-07-25T17:05:41.854Z"}
{"level":"warn","message":"Skipping invalid key in record: ","timestamp":"2025-07-25T17:05:41.855Z"}
{"level":"warn","message":"Skipping invalid key in record: ","timestamp":"2025-07-25T17:05:41.855Z"}
{"level":"warn","message":"Skipping invalid key in record: ","timestamp":"2025-07-25T17:05:41.855Z"}
{"level":"warn","message":"Skipping invalid key in record: ","timestamp":"2025-07-25T17:05:41.856Z"}
{"level":"warn","message":"Skipping invalid key in record: ","timestamp":"2025-07-25T17:05:41.856Z"}
{"level":"warn","message":"Skipping invalid key in record: ","timestamp":"2025-07-25T17:05:41.856Z"}
{"level":"warn","message":"Skipping invalid key in record: ","timestamp":"2025-07-25T17:05:41.856Z"}
{"level":"warn","message":"Skipping invalid key in record: ","timestamp":"2025-07-25T17:05:41.856Z"}
{"level":"warn","message":"Skipping invalid key in record: ","timestamp":"2025-07-25T17:05:41.857Z"}
{"level":"warn","message":"Skipping invalid key in record: ","timestamp":"2025-07-25T17:05:41.857Z"}
{"level":"warn","message":"Skipping invalid key in record: ","timestamp":"2025-07-25T17:05:41.857Z"}
{"level":"warn","message":"Skipping invalid key in record: ","timestamp":"2025-07-25T17:05:41.857Z"}
{"level":"warn","message":"Skipping invalid key in record: ","timestamp":"2025-07-25T17:05:41.857Z"}
{"level":"warn","message":"Skipping invalid key in record: ","timestamp":"2025-07-25T17:05:41.857Z"}
{"level":"warn","message":"Skipping invalid key in record: ","timestamp":"2025-07-25T17:05:41.858Z"}
{"level":"warn","message":"Skipping invalid key in record: ","timestamp":"2025-07-25T17:05:41.858Z"}
{"level":"warn","message":"Skipping invalid key in record: ","timestamp":"2025-07-25T17:05:41.858Z"}
{"level":"warn","message":"Skipping invalid key in record: ","timestamp":"2025-07-25T17:05:41.858Z"}
{"level":"warn","message":"Skipping invalid key in record: ","timestamp":"2025-07-25T17:05:41.858Z"}
{"level":"warn","message":"Skipping invalid key in record: ","timestamp":"2025-07-25T17:05:41.858Z"}
{"level":"warn","message":"Skipping invalid key in record: ","timestamp":"2025-07-25T17:05:41.858Z"}
{"level":"warn","message":"Skipping invalid key in record: ","timestamp":"2025-07-25T17:05:41.858Z"}
{"level":"warn","message":"Skipping invalid key in record: ","timestamp":"2025-07-25T17:05:41.859Z"}
{"level":"warn","message":"Skipping invalid key in record: ","timestamp":"2025-07-25T17:05:41.859Z"}
{"level":"warn","message":"Skipping invalid key in record: ","timestamp":"2025-07-25T17:05:41.859Z"}
{"level":"warn","message":"Skipping invalid key in record: ","timestamp":"2025-07-25T17:05:41.859Z"}
{"level":"warn","message":"Skipping invalid key in record: ","timestamp":"2025-07-25T17:05:41.859Z"}
{"level":"warn","message":"Skipping invalid key in record: ","timestamp":"2025-07-25T17:05:41.859Z"}
{"level":"warn","message":"Skipping invalid key in record: ","timestamp":"2025-07-25T17:05:41.860Z"}
{"level":"warn","message":"Skipping invalid key in record: ","timestamp":"2025-07-25T17:05:41.860Z"}
{"level":"warn","message":"Skipping invalid key in record: ","timestamp":"2025-07-25T17:05:41.860Z"}
{"level":"warn","message":"Skipping record with missing or invalid Active substance: {\"Medicine name\":null,\"Related EMA product number\":null,\"Active substance\":null,\"Date of designation / refusal\":\"2020-06-26T00:00:00.000Z\",\"Intended use\":\"Treatment of Becker muscular dystrophy\",\"EU designation number\":\"EU/3/20/2293\",\"Status\":\"Withdrawn\",\"First published date\":\"2020-09-23T00:00:00.000Z\",\"Last updated date\":\"2024-11-19T00:00:00.000Z\",\"Orphan designation URL\":\"https://www.ema.europa.eu/en/medicines/human/orphan-designations/eu-3-20-2293\"}","timestamp":"2025-07-25T17:05:41.860Z"}
{"level":"warn","message":"Skipping invalid key in record: ","timestamp":"2025-07-25T17:05:41.860Z"}
{"level":"warn","message":"Skipping invalid key in record: ","timestamp":"2025-07-25T17:05:41.861Z"}
{"level":"warn","message":"Skipping invalid key in record: ","timestamp":"2025-07-25T17:05:41.861Z"}
{"level":"warn","message":"Skipping invalid key in record: ","timestamp":"2025-07-25T17:05:41.861Z"}
{"level":"warn","message":"Skipping invalid key in record: ","timestamp":"2025-07-25T17:05:41.861Z"}
{"level":"warn","message":"Skipping invalid key in record: ","timestamp":"2025-07-25T17:05:41.861Z"}
{"level":"warn","message":"Skipping invalid key in record: ","timestamp":"2025-07-25T17:05:41.862Z"}
{"level":"warn","message":"Skipping invalid key in record: ","timestamp":"2025-07-25T17:05:41.862Z"}
{"level":"warn","message":"Skipping invalid key in record: ","timestamp":"2025-07-25T17:05:41.862Z"}
{"level":"warn","message":"Skipping invalid key in record: ","timestamp":"2025-07-25T17:05:41.862Z"}
{"level":"warn","message":"Skipping invalid key in record: ","timestamp":"2025-07-25T17:05:41.862Z"}
{"level":"warn","message":"Skipping invalid key in record: ","timestamp":"2025-07-25T17:05:41.862Z"}
{"level":"warn","message":"Skipping invalid key in record: ","timestamp":"2025-07-25T17:05:41.862Z"}
{"level":"warn","message":"Skipping invalid key in record: ","timestamp":"2025-07-25T17:05:41.862Z"}
{"level":"warn","message":"Skipping invalid key in record: ","timestamp":"2025-07-25T17:05:41.863Z"}
{"level":"warn","message":"Skipping invalid key in record: ","timestamp":"2025-07-25T17:05:41.863Z"}
{"level":"warn","message":"Skipping invalid key in record: ","timestamp":"2025-07-25T17:05:41.863Z"}
{"level":"warn","message":"Skipping invalid key in record: ","timestamp":"2025-07-25T17:05:41.863Z"}
{"level":"warn","message":"Skipping invalid key in record: ","timestamp":"2025-07-25T17:05:41.863Z"}
{"level":"warn","message":"Skipping invalid key in record: ","timestamp":"2025-07-25T17:05:41.863Z"}
{"level":"warn","message":"Skipping invalid key in record: ","timestamp":"2025-07-25T17:05:41.863Z"}
{"level":"info","message":"CSV Headers: Medicine name,Related EMA product number,Active substance,Date of designation / refusal,Intended use,EU designation number,Status,First published date,Last updated date,Orphan designation URL,","timestamp":"2025-07-25T17:05:41.872Z"}
{"level":"warn","message":"Skipping invalid key in record: ","timestamp":"2025-07-25T17:05:41.872Z"}
{"level":"warn","message":"Skipping invalid key in record: ","timestamp":"2025-07-25T17:05:41.872Z"}
{"level":"warn","message":"Skipping invalid key in record: ","timestamp":"2025-07-25T17:05:41.872Z"}
{"level":"warn","message":"Skipping invalid key in record: ","timestamp":"2025-07-25T17:05:41.873Z"}
{"level":"warn","message":"Skipping invalid key in record: ","timestamp":"2025-07-25T17:05:41.873Z"}
{"level":"warn","message":"Skipping invalid key in record: ","timestamp":"2025-07-25T17:05:41.873Z"}
{"level":"warn","message":"Skipping invalid key in record: ","timestamp":"2025-07-25T17:05:41.873Z"}
{"level":"warn","message":"Skipping invalid key in record: ","timestamp":"2025-07-25T17:05:41.873Z"}
{"level":"warn","message":"Skipping invalid key in record: ","timestamp":"2025-07-25T17:05:41.873Z"}
{"level":"warn","message":"Skipping invalid key in record: ","timestamp":"2025-07-25T17:05:41.874Z"}
{"level":"warn","message":"Skipping invalid key in record: ","timestamp":"2025-07-25T17:05:41.874Z"}
{"level":"warn","message":"Skipping invalid key in record: ","timestamp":"2025-07-25T17:05:41.874Z"}
{"level":"warn","message":"Skipping invalid key in record: ","timestamp":"2025-07-25T17:05:41.874Z"}
{"level":"warn","message":"Skipping invalid key in record: ","timestamp":"2025-07-25T17:05:41.875Z"}
{"level":"warn","message":"Skipping invalid key in record: ","timestamp":"2025-07-25T17:05:41.875Z"}
{"level":"warn","message":"Skipping invalid key in record: ","timestamp":"2025-07-25T17:05:41.875Z"}
{"level":"warn","message":"Skipping invalid key in record: ","timestamp":"2025-07-25T17:05:41.875Z"}
{"level":"warn","message":"Skipping invalid key in record: ","timestamp":"2025-07-25T17:05:41.875Z"}
{"level":"warn","message":"Skipping invalid key in record: ","timestamp":"2025-07-25T17:05:41.875Z"}
{"level":"warn","message":"Skipping invalid key in record: ","timestamp":"2025-07-25T17:05:41.875Z"}
{"level":"warn","message":"Skipping invalid key in record: ","timestamp":"2025-07-25T17:05:41.876Z"}
{"level":"warn","message":"Skipping invalid key in record: ","timestamp":"2025-07-25T17:05:41.876Z"}
{"level":"warn","message":"Skipping invalid key in record: ","timestamp":"2025-07-25T17:05:41.876Z"}
{"level":"warn","message":"Skipping invalid key in record: ","timestamp":"2025-07-25T17:05:41.876Z"}
{"level":"warn","message":"Skipping invalid key in record: ","timestamp":"2025-07-25T17:05:41.876Z"}
{"level":"warn","message":"Skipping invalid key in record: ","timestamp":"2025-07-25T17:05:41.876Z"}
{"level":"warn","message":"Skipping invalid key in record: ","timestamp":"2025-07-25T17:05:41.876Z"}
{"level":"warn","message":"Skipping invalid key in record: ","timestamp":"2025-07-25T17:05:41.877Z"}
{"level":"warn","message":"Skipping invalid key in record: ","timestamp":"2025-07-25T17:05:41.877Z"}
{"level":"warn","message":"Skipping invalid key in record: ","timestamp":"2025-07-25T17:05:41.877Z"}
{"level":"warn","message":"Skipping invalid key in record: ","timestamp":"2025-07-25T17:05:41.877Z"}
{"level":"warn","message":"Skipping invalid key in record: ","timestamp":"2025-07-25T17:05:41.877Z"}
{"level":"warn","message":"Skipping invalid key in record: ","timestamp":"2025-07-25T17:05:41.877Z"}
{"level":"warn","message":"Skipping invalid key in record: ","timestamp":"2025-07-25T17:05:41.877Z"}
{"level":"warn","message":"Skipping invalid key in record: ","timestamp":"2025-07-25T17:05:41.877Z"}
{"level":"warn","message":"Skipping invalid key in record: ","timestamp":"2025-07-25T17:05:41.878Z"}
{"level":"warn","message":"Skipping invalid key in record: ","timestamp":"2025-07-25T17:05:41.878Z"}
{"level":"warn","message":"Skipping invalid key in record: ","timestamp":"2025-07-25T17:05:41.878Z"}
{"level":"warn","message":"Skipping invalid key in record: ","timestamp":"2025-07-25T17:05:41.878Z"}
{"level":"warn","message":"Skipping invalid key in record: ","timestamp":"2025-07-25T17:05:41.878Z"}
{"level":"warn","message":"Skipping invalid key in record: ","timestamp":"2025-07-25T17:05:41.878Z"}
{"level":"warn","message":"Skipping invalid key in record: ","timestamp":"2025-07-25T17:05:41.879Z"}
{"level":"warn","message":"Skipping invalid key in record: ","timestamp":"2025-07-25T17:05:41.879Z"}
{"level":"warn","message":"Skipping invalid key in record: ","timestamp":"2025-07-25T17:05:41.879Z"}
{"level":"warn","message":"Skipping invalid key in record: ","timestamp":"2025-07-25T17:05:41.879Z"}
{"level":"warn","message":"Skipping invalid key in record: ","timestamp":"2025-07-25T17:05:41.879Z"}
{"level":"warn","message":"Skipping invalid key in record: ","timestamp":"2025-07-25T17:05:41.879Z"}
{"level":"warn","message":"Skipping invalid key in record: ","timestamp":"2025-07-25T17:05:41.879Z"}
{"level":"warn","message":"Skipping invalid key in record: ","timestamp":"2025-07-25T17:05:41.879Z"}
{"level":"warn","message":"Skipping invalid key in record: ","timestamp":"2025-07-25T17:05:41.880Z"}
{"level":"warn","message":"Skipping invalid key in record: ","timestamp":"2025-07-25T17:05:41.880Z"}
{"level":"warn","message":"Skipping invalid key in record: ","timestamp":"2025-07-25T17:05:41.880Z"}
{"level":"info","message":"CSV Headers: Medicine name,Related EMA product number,Active substance,Date of designation / refusal,Intended use,EU designation number,Status,First published date,Last updated date,Orphan designation URL,","timestamp":"2025-07-25T17:05:41.890Z"}
{"level":"warn","message":"Skipping invalid key in record: ","timestamp":"2025-07-25T17:05:41.890Z"}
{"level":"warn","message":"Skipping invalid key in record: ","timestamp":"2025-07-25T17:05:41.891Z"}
{"level":"warn","message":"Skipping invalid key in record: ","timestamp":"2025-07-25T17:05:41.891Z"}
{"level":"warn","message":"Skipping invalid key in record: ","timestamp":"2025-07-25T17:05:41.891Z"}
{"level":"warn","message":"Skipping invalid key in record: ","timestamp":"2025-07-25T17:05:41.891Z"}
{"level":"warn","message":"Skipping invalid key in record: ","timestamp":"2025-07-25T17:05:41.891Z"}
{"level":"warn","message":"Skipping invalid key in record: ","timestamp":"2025-07-25T17:05:41.891Z"}
{"level":"warn","message":"Skipping invalid key in record: ","timestamp":"2025-07-25T17:05:41.892Z"}
{"level":"warn","message":"Skipping invalid key in record: ","timestamp":"2025-07-25T17:05:41.892Z"}
{"level":"warn","message":"Skipping record with missing or invalid Active substance: {\"Medicine name\":\"Bylvay\",\"Related EMA product number\":\"EMEA/H/C/004691\",\"Active substance\":null,\"Date of designation / refusal\":\"2012-07-17T00:00:00.000Z\",\"Intended use\":\"Treatment of progressive familial intrahepatic cholestasis\",\"EU designation number\":\"EU/3/12/1028\",\"Status\":\"Positive\",\"First published date\":\"2012-08-30T00:00:00.000Z\",\"Last updated date\":\"2024-10-11T00:00:00.000Z\",\"Orphan designation URL\":\"https://www.ema.europa.eu/en/medicines/human/orphan-designations/eu-3-12-1028\"}","timestamp":"2025-07-25T17:05:41.892Z"}
{"level":"warn","message":"Skipping invalid key in record: ","timestamp":"2025-07-25T17:05:41.892Z"}
{"level":"warn","message":"Skipping invalid key in record: ","timestamp":"2025-07-25T17:05:41.892Z"}
{"level":"warn","message":"Skipping invalid key in record: ","timestamp":"2025-07-25T17:05:41.892Z"}
{"level":"warn","message":"Skipping invalid key in record: ","timestamp":"2025-07-25T17:05:41.892Z"}
{"level":"warn","message":"Skipping invalid key in record: ","timestamp":"2025-07-25T17:05:41.892Z"}
{"level":"warn","message":"Skipping invalid key in record: ","timestamp":"2025-07-25T17:05:41.892Z"}
{"level":"warn","message":"Skipping invalid key in record: ","timestamp":"2025-07-25T17:05:41.893Z"}
{"level":"warn","message":"Skipping invalid key in record: ","timestamp":"2025-07-25T17:05:41.893Z"}
{"level":"warn","message":"Skipping invalid key in record: ","timestamp":"2025-07-25T17:05:41.893Z"}
{"level":"warn","message":"Skipping invalid key in record: ","timestamp":"2025-07-25T17:05:41.893Z"}
{"level":"warn","message":"Skipping invalid key in record: ","timestamp":"2025-07-25T17:05:41.893Z"}
{"level":"warn","message":"Skipping invalid key in record: ","timestamp":"2025-07-25T17:05:41.893Z"}
{"level":"warn","message":"Skipping invalid key in record: ","timestamp":"2025-07-25T17:05:41.893Z"}
{"level":"warn","message":"Skipping invalid key in record: ","timestamp":"2025-07-25T17:05:41.893Z"}
{"level":"warn","message":"Skipping invalid key in record: ","timestamp":"2025-07-25T17:05:41.893Z"}
{"level":"warn","message":"Skipping invalid key in record: ","timestamp":"2025-07-25T17:05:41.893Z"}
{"level":"warn","message":"Skipping invalid key in record: ","timestamp":"2025-07-25T17:05:41.893Z"}
{"level":"warn","message":"Skipping invalid key in record: ","timestamp":"2025-07-25T17:05:41.894Z"}
{"level":"warn","message":"Skipping invalid key in record: ","timestamp":"2025-07-25T17:05:41.894Z"}
{"level":"warn","message":"Skipping invalid key in record: ","timestamp":"2025-07-25T17:05:41.894Z"}
{"level":"warn","message":"Skipping invalid key in record: ","timestamp":"2025-07-25T17:05:41.894Z"}
{"level":"warn","message":"Skipping invalid key in record: ","timestamp":"2025-07-25T17:05:41.894Z"}
{"level":"warn","message":"Skipping invalid key in record: ","timestamp":"2025-07-25T17:05:41.894Z"}
{"level":"warn","message":"Skipping invalid key in record: ","timestamp":"2025-07-25T17:05:41.895Z"}
{"level":"warn","message":"Skipping invalid key in record: ","timestamp":"2025-07-25T17:05:41.895Z"}
{"level":"warn","message":"Skipping invalid key in record: ","timestamp":"2025-07-25T17:05:41.895Z"}
{"level":"warn","message":"Skipping invalid key in record: ","timestamp":"2025-07-25T17:05:41.895Z"}
{"level":"warn","message":"Skipping invalid key in record: ","timestamp":"2025-07-25T17:05:41.895Z"}
{"level":"warn","message":"Skipping invalid key in record: ","timestamp":"2025-07-25T17:05:41.896Z"}
{"level":"warn","message":"Skipping invalid key in record: ","timestamp":"2025-07-25T17:05:41.896Z"}
{"level":"warn","message":"Skipping invalid key in record: ","timestamp":"2025-07-25T17:05:41.896Z"}
{"level":"warn","message":"Skipping invalid key in record: ","timestamp":"2025-07-25T17:05:41.896Z"}
{"level":"warn","message":"Skipping invalid key in record: ","timestamp":"2025-07-25T17:05:41.896Z"}
{"level":"warn","message":"Skipping invalid key in record: ","timestamp":"2025-07-25T17:05:41.896Z"}
{"level":"warn","message":"Skipping invalid key in record: ","timestamp":"2025-07-25T17:05:41.896Z"}
{"level":"warn","message":"Skipping invalid key in record: ","timestamp":"2025-07-25T17:05:41.897Z"}
{"level":"warn","message":"Skipping invalid key in record: ","timestamp":"2025-07-25T17:05:41.897Z"}
{"level":"warn","message":"Skipping invalid key in record: ","timestamp":"2025-07-25T17:05:41.897Z"}
{"level":"warn","message":"Skipping invalid key in record: ","timestamp":"2025-07-25T17:05:41.897Z"}
{"level":"warn","message":"Skipping invalid key in record: ","timestamp":"2025-07-25T17:05:41.897Z"}
{"level":"warn","message":"Skipping invalid key in record: ","timestamp":"2025-07-25T17:05:41.897Z"}
{"level":"warn","message":"Skipping invalid key in record: ","timestamp":"2025-07-25T17:05:41.898Z"}
{"level":"warn","message":"Skipping invalid key in record: ","timestamp":"2025-07-25T17:05:41.898Z"}
{"level":"warn","message":"Skipping invalid key in record: ","timestamp":"2025-07-25T17:05:41.898Z"}
{"level":"info","message":"CSV Headers: Medicine name,Related EMA product number,Active substance,Date of designation / refusal,Intended use,EU designation number,Status,First published date,Last updated date,Orphan designation URL,","timestamp":"2025-07-25T17:05:41.908Z"}
{"level":"warn","message":"Skipping invalid key in record: ","timestamp":"2025-07-25T17:05:41.909Z"}
{"level":"warn","message":"Skipping invalid key in record: ","timestamp":"2025-07-25T17:05:41.909Z"}
{"level":"warn","message":"Skipping invalid key in record: ","timestamp":"2025-07-25T17:05:41.909Z"}
{"level":"warn","message":"Skipping invalid key in record: ","timestamp":"2025-07-25T17:05:41.910Z"}
{"level":"warn","message":"Skipping invalid key in record: ","timestamp":"2025-07-25T17:05:41.910Z"}
{"level":"warn","message":"Skipping invalid key in record: ","timestamp":"2025-07-25T17:05:41.910Z"}
{"level":"warn","message":"Skipping invalid key in record: ","timestamp":"2025-07-25T17:05:41.910Z"}
{"level":"warn","message":"Skipping invalid key in record: ","timestamp":"2025-07-25T17:05:41.910Z"}
{"level":"warn","message":"Skipping invalid key in record: ","timestamp":"2025-07-25T17:05:41.910Z"}
{"level":"warn","message":"Skipping invalid key in record: ","timestamp":"2025-07-25T17:05:41.910Z"}
{"level":"warn","message":"Skipping invalid key in record: ","timestamp":"2025-07-25T17:05:41.910Z"}
{"level":"warn","message":"Skipping invalid key in record: ","timestamp":"2025-07-25T17:05:41.911Z"}
{"level":"warn","message":"Skipping invalid key in record: ","timestamp":"2025-07-25T17:05:41.911Z"}
{"level":"warn","message":"Skipping invalid key in record: ","timestamp":"2025-07-25T17:05:41.911Z"}
{"level":"warn","message":"Skipping invalid key in record: ","timestamp":"2025-07-25T17:05:41.911Z"}
{"level":"warn","message":"Skipping invalid key in record: ","timestamp":"2025-07-25T17:05:41.911Z"}
{"level":"warn","message":"Skipping invalid key in record: ","timestamp":"2025-07-25T17:05:41.911Z"}
{"level":"warn","message":"Skipping invalid key in record: ","timestamp":"2025-07-25T17:05:41.911Z"}
{"level":"warn","message":"Skipping invalid key in record: ","timestamp":"2025-07-25T17:05:41.911Z"}
{"level":"warn","message":"Skipping invalid key in record: ","timestamp":"2025-07-25T17:05:41.911Z"}
{"level":"warn","message":"Skipping invalid key in record: ","timestamp":"2025-07-25T17:05:41.911Z"}
{"level":"warn","message":"Skipping invalid key in record: ","timestamp":"2025-07-25T17:05:41.911Z"}
{"level":"warn","message":"Skipping invalid key in record: ","timestamp":"2025-07-25T17:05:41.912Z"}
{"level":"warn","message":"Skipping invalid key in record: ","timestamp":"2025-07-25T17:05:41.912Z"}
{"level":"warn","message":"Skipping invalid key in record: ","timestamp":"2025-07-25T17:05:41.912Z"}
{"level":"warn","message":"Skipping invalid key in record: ","timestamp":"2025-07-25T17:05:41.912Z"}
{"level":"warn","message":"Skipping invalid key in record: ","timestamp":"2025-07-25T17:05:41.912Z"}
{"level":"warn","message":"Skipping invalid key in record: ","timestamp":"2025-07-25T17:05:41.912Z"}
{"level":"warn","message":"Skipping invalid key in record: ","timestamp":"2025-07-25T17:05:41.912Z"}
{"level":"warn","message":"Skipping invalid key in record: ","timestamp":"2025-07-25T17:05:41.912Z"}
{"level":"warn","message":"Skipping invalid key in record: ","timestamp":"2025-07-25T17:05:41.912Z"}
{"level":"warn","message":"Skipping invalid key in record: ","timestamp":"2025-07-25T17:05:41.912Z"}
{"level":"warn","message":"Skipping invalid key in record: ","timestamp":"2025-07-25T17:05:41.912Z"}
{"level":"warn","message":"Skipping invalid key in record: ","timestamp":"2025-07-25T17:05:41.913Z"}
{"level":"warn","message":"Skipping invalid key in record: ","timestamp":"2025-07-25T17:05:41.913Z"}
{"level":"warn","message":"Skipping invalid key in record: ","timestamp":"2025-07-25T17:05:41.913Z"}
{"level":"warn","message":"Skipping invalid key in record: ","timestamp":"2025-07-25T17:05:41.913Z"}
{"level":"warn","message":"Skipping invalid key in record: ","timestamp":"2025-07-25T17:05:41.913Z"}
{"level":"warn","message":"Skipping invalid key in record: ","timestamp":"2025-07-25T17:05:41.913Z"}
{"level":"warn","message":"Skipping invalid key in record: ","timestamp":"2025-07-25T17:05:41.913Z"}
{"level":"warn","message":"Skipping invalid key in record: ","timestamp":"2025-07-25T17:05:41.913Z"}
{"level":"warn","message":"Skipping invalid key in record: ","timestamp":"2025-07-25T17:05:41.914Z"}
{"level":"warn","message":"Skipping invalid key in record: ","timestamp":"2025-07-25T17:05:41.914Z"}
{"level":"warn","message":"Skipping invalid key in record: ","timestamp":"2025-07-25T17:05:41.914Z"}
{"level":"warn","message":"Skipping invalid key in record: ","timestamp":"2025-07-25T17:05:41.914Z"}
{"level":"warn","message":"Skipping invalid key in record: ","timestamp":"2025-07-25T17:05:41.914Z"}
{"level":"warn","message":"Skipping invalid key in record: ","timestamp":"2025-07-25T17:05:41.914Z"}
{"level":"warn","message":"Skipping invalid key in record: ","timestamp":"2025-07-25T17:05:41.914Z"}
{"level":"warn","message":"Skipping invalid key in record: ","timestamp":"2025-07-25T17:05:41.914Z"}
{"level":"warn","message":"Skipping invalid key in record: ","timestamp":"2025-07-25T17:05:41.914Z"}
{"level":"warn","message":"Skipping invalid key in record: ","timestamp":"2025-07-25T17:05:41.915Z"}
{"level":"warn","message":"Skipping invalid key in record: ","timestamp":"2025-07-25T17:05:41.915Z"}
{"level":"warn","message":"Skipping invalid key in record: ","timestamp":"2025-07-25T17:05:41.915Z"}
{"level":"info","message":"CSV Headers: Medicine name,Related EMA product number,Active substance,Date of designation / refusal,Intended use,EU designation number,Status,First published date,Last updated date,Orphan designation URL,","timestamp":"2025-07-25T17:05:41.924Z"}
{"level":"warn","message":"Skipping invalid key in record: ","timestamp":"2025-07-25T17:05:41.925Z"}
{"level":"warn","message":"Skipping invalid key in record: ","timestamp":"2025-07-25T17:05:41.925Z"}
{"level":"warn","message":"Skipping invalid key in record: ","timestamp":"2025-07-25T17:05:41.925Z"}
{"level":"warn","message":"Skipping invalid key in record: ","timestamp":"2025-07-25T17:05:41.925Z"}
{"level":"warn","message":"Skipping invalid key in record: ","timestamp":"2025-07-25T17:05:41.925Z"}
{"level":"warn","message":"Skipping invalid key in record: ","timestamp":"2025-07-25T17:05:41.925Z"}
{"level":"warn","message":"Skipping invalid key in record: ","timestamp":"2025-07-25T17:05:41.925Z"}
{"level":"warn","message":"Skipping invalid key in record: ","timestamp":"2025-07-25T17:05:41.926Z"}
{"level":"warn","message":"Skipping invalid key in record: ","timestamp":"2025-07-25T17:05:41.926Z"}
{"level":"warn","message":"Skipping invalid key in record: ","timestamp":"2025-07-25T17:05:41.926Z"}
{"level":"warn","message":"Skipping invalid key in record: ","timestamp":"2025-07-25T17:05:41.926Z"}
{"level":"warn","message":"Skipping invalid key in record: ","timestamp":"2025-07-25T17:05:41.926Z"}
{"level":"warn","message":"Skipping invalid key in record: ","timestamp":"2025-07-25T17:05:41.926Z"}
{"level":"warn","message":"Skipping invalid key in record: ","timestamp":"2025-07-25T17:05:41.926Z"}
{"level":"warn","message":"Skipping invalid key in record: ","timestamp":"2025-07-25T17:05:41.926Z"}
{"level":"warn","message":"Skipping invalid key in record: ","timestamp":"2025-07-25T17:05:41.926Z"}
{"level":"warn","message":"Skipping invalid key in record: ","timestamp":"2025-07-25T17:05:41.927Z"}
{"level":"warn","message":"Skipping invalid key in record: ","timestamp":"2025-07-25T17:05:41.927Z"}
{"level":"warn","message":"Skipping invalid key in record: ","timestamp":"2025-07-25T17:05:41.927Z"}
{"level":"warn","message":"Skipping record with missing or invalid Active substance: {\"Medicine name\":null,\"Related EMA product number\":null,\"Active substance\":null,\"Date of designation / refusal\":\"2014-01-16T00:00:00.000Z\",\"Intended use\":\"Treatment of acute lymphoblastic leukaemia\",\"EU designation number\":\"EU/3/13/1231\",\"Status\":\"Positive\",\"First published date\":\"2014-03-24T00:00:00.000Z\",\"Last updated date\":\"2024-04-11T00:00:00.000Z\",\"Orphan designation URL\":\"https://www.ema.europa.eu/en/medicines/human/orphan-designations/eu-3-13-1231\"}","timestamp":"2025-07-25T17:05:41.927Z"}
{"level":"warn","message":"Skipping invalid key in record: ","timestamp":"2025-07-25T17:05:41.927Z"}
{"level":"warn","message":"Skipping record with missing or invalid Active substance: {\"Medicine name\":null,\"Related EMA product number\":null,\"Active substance\":null,\"Date of designation / refusal\":\"2014-01-16T00:00:00.000Z\",\"Intended use\":\"Treatment of acute myeloid leukaemia\",\"EU designation number\":\"EU/3/13/1230\",\"Status\":\"Withdrawn\",\"First published date\":\"2014-03-24T00:00:00.000Z\",\"Last updated date\":\"2024-04-11T00:00:00.000Z\",\"Orphan designation URL\":\"https://www.ema.europa.eu/en/medicines/human/orphan-designations/eu-3-13-1230\"}","timestamp":"2025-07-25T17:05:41.927Z"}
{"level":"warn","message":"Skipping invalid key in record: ","timestamp":"2025-07-25T17:05:41.927Z"}
{"level":"warn","message":"Skipping invalid key in record: ","timestamp":"2025-07-25T17:05:41.927Z"}
{"level":"warn","message":"Skipping invalid key in record: ","timestamp":"2025-07-25T17:05:41.927Z"}
{"level":"warn","message":"Skipping invalid key in record: ","timestamp":"2025-07-25T17:05:41.928Z"}
{"level":"warn","message":"Skipping invalid key in record: ","timestamp":"2025-07-25T17:05:41.928Z"}
{"level":"warn","message":"Skipping invalid key in record: ","timestamp":"2025-07-25T17:05:41.928Z"}
{"level":"warn","message":"Skipping invalid key in record: ","timestamp":"2025-07-25T17:05:41.928Z"}
{"level":"warn","message":"Skipping record with missing or invalid Active substance: {\"Medicine name\":null,\"Related EMA product number\":null,\"Active substance\":null,\"Date of designation / refusal\":\"2024-02-19T00:00:00.000Z\",\"Intended use\":\"Treatment of small cell lung cancer\",\"EU designation number\":\"EU/3/24/2892\",\"Status\":\"Positive\",\"First published date\":\"2024-04-11T00:00:00.000Z\",\"Last updated date\":null,\"Orphan designation URL\":\"https://www.ema.europa.eu/en/medicines/human/orphan-designations/eu-3-24-2892\"}","timestamp":"2025-07-25T17:05:41.928Z"}
{"level":"warn","message":"Skipping invalid key in record: ","timestamp":"2025-07-25T17:05:41.928Z"}
{"level":"warn","message":"Skipping invalid key in record: ","timestamp":"2025-07-25T17:05:41.928Z"}
{"level":"warn","message":"Skipping invalid key in record: ","timestamp":"2025-07-25T17:05:41.928Z"}
{"level":"warn","message":"Skipping invalid key in record: ","timestamp":"2025-07-25T17:05:41.928Z"}
{"level":"warn","message":"Skipping invalid key in record: ","timestamp":"2025-07-25T17:05:41.929Z"}
{"level":"warn","message":"Skipping invalid key in record: ","timestamp":"2025-07-25T17:05:41.929Z"}
{"level":"warn","message":"Skipping invalid key in record: ","timestamp":"2025-07-25T17:05:41.929Z"}
{"level":"warn","message":"Skipping invalid key in record: ","timestamp":"2025-07-25T17:05:41.929Z"}
{"level":"warn","message":"Skipping invalid key in record: ","timestamp":"2025-07-25T17:05:41.929Z"}
{"level":"warn","message":"Skipping invalid key in record: ","timestamp":"2025-07-25T17:05:41.929Z"}
{"level":"warn","message":"Skipping invalid key in record: ","timestamp":"2025-07-25T17:05:41.929Z"}
{"level":"warn","message":"Skipping invalid key in record: ","timestamp":"2025-07-25T17:05:41.929Z"}
{"level":"warn","message":"Skipping invalid key in record: ","timestamp":"2025-07-25T17:05:41.930Z"}
{"level":"warn","message":"Skipping invalid key in record: ","timestamp":"2025-07-25T17:05:41.930Z"}
{"level":"warn","message":"Skipping invalid key in record: ","timestamp":"2025-07-25T17:05:41.930Z"}
{"level":"warn","message":"Skipping invalid key in record: ","timestamp":"2025-07-25T17:05:41.930Z"}
{"level":"warn","message":"Skipping invalid key in record: ","timestamp":"2025-07-25T17:05:41.930Z"}
{"level":"warn","message":"Skipping invalid key in record: ","timestamp":"2025-07-25T17:05:41.930Z"}
{"level":"warn","message":"Skipping invalid key in record: ","timestamp":"2025-07-25T17:05:41.930Z"}
{"level":"warn","message":"Skipping invalid key in record: ","timestamp":"2025-07-25T17:05:41.930Z"}
{"level":"warn","message":"Skipping invalid key in record: ","timestamp":"2025-07-25T17:05:41.930Z"}
{"level":"warn","message":"Skipping invalid key in record: ","timestamp":"2025-07-25T17:05:41.931Z"}
{"level":"warn","message":"Skipping invalid key in record: ","timestamp":"2025-07-25T17:05:41.931Z"}
{"level":"warn","message":"Skipping invalid key in record: ","timestamp":"2025-07-25T17:05:41.931Z"}
{"level":"warn","message":"Skipping invalid key in record: ","timestamp":"2025-07-25T17:05:41.931Z"}
{"level":"warn","message":"Skipping invalid key in record: ","timestamp":"2025-07-25T17:05:41.931Z"}
{"level":"info","message":"CSV Headers: Medicine name,Related EMA product number,Active substance,Date of designation / refusal,Intended use,EU designation number,Status,First published date,Last updated date,Orphan designation URL,","timestamp":"2025-07-25T17:05:41.939Z"}
{"level":"warn","message":"Skipping invalid key in record: ","timestamp":"2025-07-25T17:05:41.939Z"}
{"level":"warn","message":"Skipping invalid key in record: ","timestamp":"2025-07-25T17:05:41.939Z"}
{"level":"warn","message":"Skipping invalid key in record: ","timestamp":"2025-07-25T17:05:41.939Z"}
{"level":"warn","message":"Skipping invalid key in record: ","timestamp":"2025-07-25T17:05:41.940Z"}
{"level":"warn","message":"Skipping invalid key in record: ","timestamp":"2025-07-25T17:05:41.940Z"}
{"level":"warn","message":"Skipping invalid key in record: ","timestamp":"2025-07-25T17:05:41.940Z"}
{"level":"warn","message":"Skipping invalid key in record: ","timestamp":"2025-07-25T17:05:41.940Z"}
{"level":"warn","message":"Skipping invalid key in record: ","timestamp":"2025-07-25T17:05:41.940Z"}
{"level":"warn","message":"Skipping invalid key in record: ","timestamp":"2025-07-25T17:05:41.940Z"}
{"level":"warn","message":"Skipping invalid key in record: ","timestamp":"2025-07-25T17:05:41.940Z"}
{"level":"warn","message":"Skipping invalid key in record: ","timestamp":"2025-07-25T17:05:41.940Z"}
{"level":"warn","message":"Skipping invalid key in record: ","timestamp":"2025-07-25T17:05:41.940Z"}
{"level":"warn","message":"Skipping invalid key in record: ","timestamp":"2025-07-25T17:05:41.940Z"}
{"level":"warn","message":"Skipping invalid key in record: ","timestamp":"2025-07-25T17:05:41.940Z"}
{"level":"warn","message":"Skipping invalid key in record: ","timestamp":"2025-07-25T17:05:41.941Z"}
{"level":"warn","message":"Skipping invalid key in record: ","timestamp":"2025-07-25T17:05:41.941Z"}
{"level":"warn","message":"Skipping invalid key in record: ","timestamp":"2025-07-25T17:05:41.941Z"}
{"level":"warn","message":"Skipping invalid key in record: ","timestamp":"2025-07-25T17:05:41.941Z"}
{"level":"warn","message":"Skipping invalid key in record: ","timestamp":"2025-07-25T17:05:41.941Z"}
{"level":"warn","message":"Skipping invalid key in record: ","timestamp":"2025-07-25T17:05:41.941Z"}
{"level":"warn","message":"Skipping invalid key in record: ","timestamp":"2025-07-25T17:05:41.941Z"}
{"level":"warn","message":"Skipping invalid key in record: ","timestamp":"2025-07-25T17:05:41.941Z"}
{"level":"warn","message":"Skipping invalid key in record: ","timestamp":"2025-07-25T17:05:41.941Z"}
{"level":"warn","message":"Skipping invalid key in record: ","timestamp":"2025-07-25T17:05:41.941Z"}
{"level":"warn","message":"Skipping invalid key in record: ","timestamp":"2025-07-25T17:05:41.941Z"}
{"level":"warn","message":"Skipping invalid key in record: ","timestamp":"2025-07-25T17:05:41.942Z"}
{"level":"warn","message":"Skipping invalid key in record: ","timestamp":"2025-07-25T17:05:41.942Z"}
{"level":"warn","message":"Skipping invalid key in record: ","timestamp":"2025-07-25T17:05:41.942Z"}
{"level":"warn","message":"Skipping invalid key in record: ","timestamp":"2025-07-25T17:05:41.942Z"}
{"level":"warn","message":"Skipping invalid key in record: ","timestamp":"2025-07-25T17:05:41.942Z"}
{"level":"warn","message":"Skipping invalid key in record: ","timestamp":"2025-07-25T17:05:41.942Z"}
{"level":"warn","message":"Skipping invalid key in record: ","timestamp":"2025-07-25T17:05:41.942Z"}
{"level":"warn","message":"Skipping invalid key in record: ","timestamp":"2025-07-25T17:05:41.942Z"}
{"level":"warn","message":"Skipping invalid key in record: ","timestamp":"2025-07-25T17:05:41.942Z"}
{"level":"warn","message":"Skipping invalid key in record: ","timestamp":"2025-07-25T17:05:41.942Z"}
{"level":"warn","message":"Skipping invalid key in record: ","timestamp":"2025-07-25T17:05:41.942Z"}
{"level":"warn","message":"Skipping invalid key in record: ","timestamp":"2025-07-25T17:05:41.942Z"}
{"level":"warn","message":"Skipping invalid key in record: ","timestamp":"2025-07-25T17:05:41.943Z"}
{"level":"warn","message":"Skipping invalid key in record: ","timestamp":"2025-07-25T17:05:41.943Z"}
{"level":"warn","message":"Skipping invalid key in record: ","timestamp":"2025-07-25T17:05:41.943Z"}
{"level":"warn","message":"Skipping invalid key in record: ","timestamp":"2025-07-25T17:05:41.943Z"}
{"level":"warn","message":"Skipping invalid key in record: ","timestamp":"2025-07-25T17:05:41.943Z"}
{"level":"warn","message":"Skipping invalid key in record: ","timestamp":"2025-07-25T17:05:41.943Z"}
{"level":"warn","message":"Skipping invalid key in record: ","timestamp":"2025-07-25T17:05:41.943Z"}
{"level":"warn","message":"Skipping invalid key in record: ","timestamp":"2025-07-25T17:05:41.943Z"}
{"level":"warn","message":"Skipping invalid key in record: ","timestamp":"2025-07-25T17:05:41.944Z"}
{"level":"warn","message":"Skipping invalid key in record: ","timestamp":"2025-07-25T17:05:41.944Z"}
{"level":"warn","message":"Skipping invalid key in record: ","timestamp":"2025-07-25T17:05:41.944Z"}
{"level":"warn","message":"Skipping invalid key in record: ","timestamp":"2025-07-25T17:05:41.944Z"}
{"level":"warn","message":"Skipping invalid key in record: ","timestamp":"2025-07-25T17:05:41.944Z"}
{"level":"warn","message":"Skipping invalid key in record: ","timestamp":"2025-07-25T17:05:41.944Z"}
{"level":"warn","message":"Skipping invalid key in record: ","timestamp":"2025-07-25T17:05:41.944Z"}
{"level":"info","message":"CSV Headers: Medicine name,Related EMA product number,Active substance,Date of designation / refusal,Intended use,EU designation number,Status,First published date,Last updated date,Orphan designation URL,","timestamp":"2025-07-25T17:05:41.953Z"}
{"level":"warn","message":"Skipping invalid key in record: ","timestamp":"2025-07-25T17:05:41.954Z"}
{"level":"warn","message":"Skipping invalid key in record: ","timestamp":"2025-07-25T17:05:41.954Z"}
{"level":"warn","message":"Skipping invalid key in record: ","timestamp":"2025-07-25T17:05:41.954Z"}
{"level":"warn","message":"Skipping invalid key in record: ","timestamp":"2025-07-25T17:05:41.954Z"}
{"level":"warn","message":"Skipping invalid key in record: ","timestamp":"2025-07-25T17:05:41.954Z"}
{"level":"warn","message":"Skipping invalid key in record: ","timestamp":"2025-07-25T17:05:41.954Z"}
{"level":"warn","message":"Skipping invalid key in record: ","timestamp":"2025-07-25T17:05:41.954Z"}
{"level":"warn","message":"Skipping invalid key in record: ","timestamp":"2025-07-25T17:05:41.954Z"}
{"level":"warn","message":"Skipping invalid key in record: ","timestamp":"2025-07-25T17:05:41.955Z"}
{"level":"warn","message":"Skipping invalid key in record: ","timestamp":"2025-07-25T17:05:41.955Z"}
{"level":"warn","message":"Skipping invalid key in record: ","timestamp":"2025-07-25T17:05:41.955Z"}
{"level":"warn","message":"Skipping invalid key in record: ","timestamp":"2025-07-25T17:05:41.955Z"}
{"level":"warn","message":"Skipping invalid key in record: ","timestamp":"2025-07-25T17:05:41.955Z"}
{"level":"warn","message":"Skipping invalid key in record: ","timestamp":"2025-07-25T17:05:41.955Z"}
{"level":"warn","message":"Skipping invalid key in record: ","timestamp":"2025-07-25T17:05:41.955Z"}
{"level":"warn","message":"Skipping invalid key in record: ","timestamp":"2025-07-25T17:05:41.955Z"}
{"level":"warn","message":"Skipping invalid key in record: ","timestamp":"2025-07-25T17:05:41.955Z"}
{"level":"warn","message":"Skipping invalid key in record: ","timestamp":"2025-07-25T17:05:41.955Z"}
{"level":"warn","message":"Skipping invalid key in record: ","timestamp":"2025-07-25T17:05:41.956Z"}
{"level":"warn","message":"Skipping invalid key in record: ","timestamp":"2025-07-25T17:05:41.956Z"}
{"level":"warn","message":"Skipping invalid key in record: ","timestamp":"2025-07-25T17:05:41.956Z"}
{"level":"warn","message":"Skipping invalid key in record: ","timestamp":"2025-07-25T17:05:41.956Z"}
{"level":"warn","message":"Skipping invalid key in record: ","timestamp":"2025-07-25T17:05:41.956Z"}
{"level":"warn","message":"Skipping invalid key in record: ","timestamp":"2025-07-25T17:05:41.956Z"}
{"level":"warn","message":"Skipping invalid key in record: ","timestamp":"2025-07-25T17:05:41.956Z"}
{"level":"warn","message":"Skipping invalid key in record: ","timestamp":"2025-07-25T17:05:41.956Z"}
{"level":"warn","message":"Skipping invalid key in record: ","timestamp":"2025-07-25T17:05:41.956Z"}
{"level":"warn","message":"Skipping invalid key in record: ","timestamp":"2025-07-25T17:05:41.956Z"}
{"level":"warn","message":"Skipping invalid key in record: ","timestamp":"2025-07-25T17:05:41.957Z"}
{"level":"warn","message":"Skipping invalid key in record: ","timestamp":"2025-07-25T17:05:41.957Z"}
{"level":"warn","message":"Skipping invalid key in record: ","timestamp":"2025-07-25T17:05:41.957Z"}
{"level":"warn","message":"Skipping invalid key in record: ","timestamp":"2025-07-25T17:05:41.957Z"}
{"level":"warn","message":"Skipping invalid key in record: ","timestamp":"2025-07-25T17:05:41.957Z"}
{"level":"warn","message":"Skipping invalid key in record: ","timestamp":"2025-07-25T17:05:41.957Z"}
{"level":"warn","message":"Skipping invalid key in record: ","timestamp":"2025-07-25T17:05:41.957Z"}
{"level":"warn","message":"Skipping invalid key in record: ","timestamp":"2025-07-25T17:05:41.958Z"}
{"level":"warn","message":"Skipping invalid key in record: ","timestamp":"2025-07-25T17:05:41.958Z"}
{"level":"warn","message":"Skipping invalid key in record: ","timestamp":"2025-07-25T17:05:41.958Z"}
{"level":"warn","message":"Skipping invalid key in record: ","timestamp":"2025-07-25T17:05:41.958Z"}
{"level":"warn","message":"Skipping invalid key in record: ","timestamp":"2025-07-25T17:05:41.958Z"}
{"level":"warn","message":"Skipping invalid key in record: ","timestamp":"2025-07-25T17:05:41.958Z"}
{"level":"warn","message":"Skipping invalid key in record: ","timestamp":"2025-07-25T17:05:41.958Z"}
{"level":"warn","message":"Skipping invalid key in record: ","timestamp":"2025-07-25T17:05:41.958Z"}
{"level":"warn","message":"Skipping invalid key in record: ","timestamp":"2025-07-25T17:05:41.959Z"}
{"level":"warn","message":"Skipping invalid key in record: ","timestamp":"2025-07-25T17:05:41.959Z"}
{"level":"warn","message":"Skipping invalid key in record: ","timestamp":"2025-07-25T17:05:41.959Z"}
{"level":"warn","message":"Skipping invalid key in record: ","timestamp":"2025-07-25T17:05:41.959Z"}
{"level":"warn","message":"Skipping invalid key in record: ","timestamp":"2025-07-25T17:05:41.959Z"}
{"level":"warn","message":"Skipping invalid key in record: ","timestamp":"2025-07-25T17:05:41.959Z"}
{"level":"warn","message":"Skipping invalid key in record: ","timestamp":"2025-07-25T17:05:41.959Z"}
{"level":"warn","message":"Skipping invalid key in record: ","timestamp":"2025-07-25T17:05:41.959Z"}
{"level":"warn","message":"Skipping invalid key in record: ","timestamp":"2025-07-25T17:05:41.960Z"}
{"level":"warn","message":"Skipping invalid key in record: ","timestamp":"2025-07-25T17:05:41.960Z"}
{"level":"warn","message":"Skipping invalid key in record: ","timestamp":"2025-07-25T17:05:41.960Z"}
{"level":"info","message":"CSV Headers: Medicine name,Related EMA product number,Active substance,Date of designation / refusal,Intended use,EU designation number,Status,First published date,Last updated date,Orphan designation URL,","timestamp":"2025-07-25T17:05:41.968Z"}
{"level":"warn","message":"Skipping invalid key in record: ","timestamp":"2025-07-25T17:05:41.969Z"}
{"level":"warn","message":"Skipping invalid key in record: ","timestamp":"2025-07-25T17:05:41.969Z"}
{"level":"warn","message":"Skipping invalid key in record: ","timestamp":"2025-07-25T17:05:41.969Z"}
{"level":"warn","message":"Skipping invalid key in record: ","timestamp":"2025-07-25T17:05:41.969Z"}
{"level":"warn","message":"Skipping invalid key in record: ","timestamp":"2025-07-25T17:05:41.969Z"}
{"level":"warn","message":"Skipping invalid key in record: ","timestamp":"2025-07-25T17:05:41.969Z"}
{"level":"warn","message":"Skipping invalid key in record: ","timestamp":"2025-07-25T17:05:41.969Z"}
{"level":"warn","message":"Skipping invalid key in record: ","timestamp":"2025-07-25T17:05:41.970Z"}
{"level":"warn","message":"Skipping invalid key in record: ","timestamp":"2025-07-25T17:05:41.970Z"}
{"level":"warn","message":"Skipping invalid key in record: ","timestamp":"2025-07-25T17:05:41.970Z"}
{"level":"warn","message":"Skipping invalid key in record: ","timestamp":"2025-07-25T17:05:41.970Z"}
{"level":"warn","message":"Skipping invalid key in record: ","timestamp":"2025-07-25T17:05:41.970Z"}
{"level":"warn","message":"Skipping invalid key in record: ","timestamp":"2025-07-25T17:05:41.970Z"}
{"level":"warn","message":"Skipping invalid key in record: ","timestamp":"2025-07-25T17:05:41.971Z"}
{"level":"warn","message":"Skipping invalid key in record: ","timestamp":"2025-07-25T17:05:41.971Z"}
{"level":"warn","message":"Skipping invalid key in record: ","timestamp":"2025-07-25T17:05:41.971Z"}
{"level":"warn","message":"Skipping invalid key in record: ","timestamp":"2025-07-25T17:05:41.971Z"}
{"level":"warn","message":"Skipping invalid key in record: ","timestamp":"2025-07-25T17:05:41.971Z"}
{"level":"warn","message":"Skipping invalid key in record: ","timestamp":"2025-07-25T17:05:41.971Z"}
{"level":"warn","message":"Skipping invalid key in record: ","timestamp":"2025-07-25T17:05:41.971Z"}
{"level":"warn","message":"Skipping invalid key in record: ","timestamp":"2025-07-25T17:05:41.972Z"}
{"level":"warn","message":"Skipping invalid key in record: ","timestamp":"2025-07-25T17:05:41.972Z"}
{"level":"warn","message":"Skipping invalid key in record: ","timestamp":"2025-07-25T17:05:41.972Z"}
{"level":"warn","message":"Skipping invalid key in record: ","timestamp":"2025-07-25T17:05:41.972Z"}
{"level":"warn","message":"Skipping invalid key in record: ","timestamp":"2025-07-25T17:05:41.972Z"}
{"level":"warn","message":"Skipping invalid key in record: ","timestamp":"2025-07-25T17:05:41.972Z"}
{"level":"warn","message":"Skipping invalid key in record: ","timestamp":"2025-07-25T17:05:41.972Z"}
{"level":"warn","message":"Skipping invalid key in record: ","timestamp":"2025-07-25T17:05:41.972Z"}
{"level":"warn","message":"Skipping invalid key in record: ","timestamp":"2025-07-25T17:05:41.972Z"}
{"level":"warn","message":"Skipping invalid key in record: ","timestamp":"2025-07-25T17:05:41.973Z"}
{"level":"warn","message":"Skipping invalid key in record: ","timestamp":"2025-07-25T17:05:41.973Z"}
{"level":"warn","message":"Skipping invalid key in record: ","timestamp":"2025-07-25T17:05:41.973Z"}
{"level":"warn","message":"Skipping invalid key in record: ","timestamp":"2025-07-25T17:05:41.973Z"}
{"level":"warn","message":"Skipping invalid key in record: ","timestamp":"2025-07-25T17:05:41.973Z"}
{"level":"warn","message":"Skipping invalid key in record: ","timestamp":"2025-07-25T17:05:41.973Z"}
{"level":"warn","message":"Skipping invalid key in record: ","timestamp":"2025-07-25T17:05:41.973Z"}
{"level":"warn","message":"Skipping invalid key in record: ","timestamp":"2025-07-25T17:05:41.973Z"}
{"level":"warn","message":"Skipping invalid key in record: ","timestamp":"2025-07-25T17:05:41.974Z"}
{"level":"warn","message":"Skipping invalid key in record: ","timestamp":"2025-07-25T17:05:41.974Z"}
{"level":"warn","message":"Skipping record with missing or invalid Active substance: {\"Medicine name\":null,\"Related EMA product number\":null,\"Active substance\":null,\"Date of designation / refusal\":\"2023-02-15T00:00:00.000Z\",\"Intended use\":\"Treatment of GM2 gangliosidosis\",\"EU designation number\":\"EU/3/23/2762\",\"Status\":\"Positive\",\"First published date\":\"2024-01-19T00:00:00.000Z\",\"Last updated date\":null,\"Orphan designation URL\":\"https://www.ema.europa.eu/en/medicines/human/orphan-designations/eu-3-23-2762\"}","timestamp":"2025-07-25T17:05:41.974Z"}
{"level":"warn","message":"Skipping invalid key in record: ","timestamp":"2025-07-25T17:05:41.974Z"}
{"level":"warn","message":"Skipping invalid key in record: ","timestamp":"2025-07-25T17:05:41.974Z"}
{"level":"warn","message":"Skipping invalid key in record: ","timestamp":"2025-07-25T17:05:41.974Z"}
{"level":"warn","message":"Skipping invalid key in record: ","timestamp":"2025-07-25T17:05:41.974Z"}
{"level":"warn","message":"Skipping invalid key in record: ","timestamp":"2025-07-25T17:05:41.975Z"}
{"level":"warn","message":"Skipping invalid key in record: ","timestamp":"2025-07-25T17:05:41.975Z"}
{"level":"warn","message":"Skipping invalid key in record: ","timestamp":"2025-07-25T17:05:41.975Z"}
{"level":"warn","message":"Skipping invalid key in record: ","timestamp":"2025-07-25T17:05:41.975Z"}
{"level":"warn","message":"Skipping invalid key in record: ","timestamp":"2025-07-25T17:05:41.975Z"}
{"level":"warn","message":"Skipping invalid key in record: ","timestamp":"2025-07-25T17:05:41.975Z"}
{"level":"warn","message":"Skipping invalid key in record: ","timestamp":"2025-07-25T17:05:41.975Z"}
{"level":"warn","message":"Skipping invalid key in record: ","timestamp":"2025-07-25T17:05:41.975Z"}
{"level":"warn","message":"Skipping invalid key in record: ","timestamp":"2025-07-25T17:05:41.975Z"}
{"level":"info","message":"CSV Headers: Medicine name,Related EMA product number,Active substance,Date of designation / refusal,Intended use,EU designation number,Status,First published date,Last updated date,Orphan designation URL,","timestamp":"2025-07-25T17:05:41.984Z"}
{"level":"warn","message":"Skipping invalid key in record: ","timestamp":"2025-07-25T17:05:41.984Z"}
{"level":"warn","message":"Skipping invalid key in record: ","timestamp":"2025-07-25T17:05:41.985Z"}
{"level":"warn","message":"Skipping invalid key in record: ","timestamp":"2025-07-25T17:05:41.985Z"}
{"level":"warn","message":"Skipping invalid key in record: ","timestamp":"2025-07-25T17:05:41.985Z"}
{"level":"warn","message":"Skipping invalid key in record: ","timestamp":"2025-07-25T17:05:41.985Z"}
{"level":"warn","message":"Skipping invalid key in record: ","timestamp":"2025-07-25T17:05:41.986Z"}
{"level":"warn","message":"Skipping invalid key in record: ","timestamp":"2025-07-25T17:05:41.986Z"}
{"level":"warn","message":"Skipping invalid key in record: ","timestamp":"2025-07-25T17:05:41.986Z"}
{"level":"warn","message":"Skipping invalid key in record: ","timestamp":"2025-07-25T17:05:41.986Z"}
{"level":"warn","message":"Skipping invalid key in record: ","timestamp":"2025-07-25T17:05:41.986Z"}
{"level":"warn","message":"Skipping invalid key in record: ","timestamp":"2025-07-25T17:05:41.986Z"}
{"level":"warn","message":"Skipping invalid key in record: ","timestamp":"2025-07-25T17:05:41.986Z"}
{"level":"warn","message":"Skipping invalid key in record: ","timestamp":"2025-07-25T17:05:41.986Z"}
{"level":"warn","message":"Skipping invalid key in record: ","timestamp":"2025-07-25T17:05:41.987Z"}
{"level":"warn","message":"Skipping invalid key in record: ","timestamp":"2025-07-25T17:05:41.987Z"}
{"level":"warn","message":"Skipping invalid key in record: ","timestamp":"2025-07-25T17:05:41.987Z"}
{"level":"warn","message":"Skipping invalid key in record: ","timestamp":"2025-07-25T17:05:41.987Z"}
{"level":"warn","message":"Skipping invalid key in record: ","timestamp":"2025-07-25T17:05:41.987Z"}
{"level":"warn","message":"Skipping invalid key in record: ","timestamp":"2025-07-25T17:05:41.987Z"}
{"level":"warn","message":"Skipping invalid key in record: ","timestamp":"2025-07-25T17:05:41.987Z"}
{"level":"warn","message":"Skipping invalid key in record: ","timestamp":"2025-07-25T17:05:41.987Z"}
{"level":"warn","message":"Skipping invalid key in record: ","timestamp":"2025-07-25T17:05:41.987Z"}
{"level":"warn","message":"Skipping invalid key in record: ","timestamp":"2025-07-25T17:05:41.987Z"}
{"level":"warn","message":"Skipping invalid key in record: ","timestamp":"2025-07-25T17:05:41.987Z"}
{"level":"warn","message":"Skipping invalid key in record: ","timestamp":"2025-07-25T17:05:41.988Z"}
{"level":"warn","message":"Skipping invalid key in record: ","timestamp":"2025-07-25T17:05:41.988Z"}
{"level":"warn","message":"Skipping invalid key in record: ","timestamp":"2025-07-25T17:05:41.988Z"}
{"level":"warn","message":"Skipping invalid key in record: ","timestamp":"2025-07-25T17:05:41.988Z"}
{"level":"warn","message":"Skipping invalid key in record: ","timestamp":"2025-07-25T17:05:41.988Z"}
{"level":"warn","message":"Skipping invalid key in record: ","timestamp":"2025-07-25T17:05:41.988Z"}
{"level":"warn","message":"Skipping invalid key in record: ","timestamp":"2025-07-25T17:05:41.988Z"}
{"level":"warn","message":"Skipping invalid key in record: ","timestamp":"2025-07-25T17:05:41.988Z"}
{"level":"warn","message":"Skipping invalid key in record: ","timestamp":"2025-07-25T17:05:41.988Z"}
{"level":"warn","message":"Skipping invalid key in record: ","timestamp":"2025-07-25T17:05:41.988Z"}
{"level":"warn","message":"Skipping invalid key in record: ","timestamp":"2025-07-25T17:05:41.989Z"}
{"level":"warn","message":"Skipping invalid key in record: ","timestamp":"2025-07-25T17:05:41.989Z"}
{"level":"warn","message":"Skipping invalid key in record: ","timestamp":"2025-07-25T17:05:41.989Z"}
{"level":"warn","message":"Skipping record with missing or invalid Active substance: {\"Medicine name\":\"Cerdelga\",\"Related EMA product number\":\"EMEA/H/C/003724\",\"Active substance\":null,\"Date of designation / refusal\":\"2007-12-04T00:00:00.000Z\",\"Intended use\":\"Treatment of Gaucher disease\",\"EU designation number\":\"EU/3/07/514\",\"Status\":\"Positive\",\"First published date\":\"2008-07-02T00:00:00.000Z\",\"Last updated date\":\"2023-07-18T00:00:00.000Z\",\"Orphan designation URL\":\"https://www.ema.europa.eu/en/medicines/human/orphan-designations/eu-3-07-514\"}","timestamp":"2025-07-25T17:05:41.989Z"}
{"level":"warn","message":"Skipping invalid key in record: ","timestamp":"2025-07-25T17:05:41.989Z"}
{"level":"warn","message":"Skipping invalid key in record: ","timestamp":"2025-07-25T17:05:41.989Z"}
{"level":"warn","message":"Skipping invalid key in record: ","timestamp":"2025-07-25T17:05:41.989Z"}
{"level":"warn","message":"Skipping record with missing or invalid Active substance: {\"Medicine name\":null,\"Related EMA product number\":null,\"Active substance\":null,\"Date of designation / refusal\":\"2014-08-22T00:00:00.000Z\",\"Intended use\":\"Treatment of Fabry disease\",\"EU designation number\":\"EU/3/14/1310\",\"Status\":\"Positive\",\"First published date\":\"2014-09-30T00:00:00.000Z\",\"Last updated date\":\"2023-07-18T00:00:00.000Z\",\"Orphan designation URL\":\"https://www.ema.europa.eu/en/medicines/human/orphan-designations/eu-3-14-1310\"}","timestamp":"2025-07-25T17:05:41.989Z"}
{"level":"warn","message":"Skipping invalid key in record: ","timestamp":"2025-07-25T17:05:41.989Z"}
{"level":"warn","message":"Skipping invalid key in record: ","timestamp":"2025-07-25T17:05:41.989Z"}
{"level":"warn","message":"Skipping invalid key in record: ","timestamp":"2025-07-25T17:05:41.989Z"}
{"level":"warn","message":"Skipping invalid key in record: ","timestamp":"2025-07-25T17:05:41.990Z"}
{"level":"warn","message":"Skipping invalid key in record: ","timestamp":"2025-07-25T17:05:41.990Z"}
{"level":"warn","message":"Skipping invalid key in record: ","timestamp":"2025-07-25T17:05:41.990Z"}
{"level":"warn","message":"Skipping invalid key in record: ","timestamp":"2025-07-25T17:05:41.990Z"}
{"level":"warn","message":"Skipping invalid key in record: ","timestamp":"2025-07-25T17:05:41.990Z"}
{"level":"warn","message":"Skipping invalid key in record: ","timestamp":"2025-07-25T17:05:41.990Z"}
{"level":"warn","message":"Skipping invalid key in record: ","timestamp":"2025-07-25T17:05:41.990Z"}
{"level":"warn","message":"Skipping invalid key in record: ","timestamp":"2025-07-25T17:05:41.990Z"}
{"level":"warn","message":"Skipping invalid key in record: ","timestamp":"2025-07-25T17:05:41.990Z"}
{"level":"info","message":"CSV Headers: Medicine name,Related EMA product number,Active substance,Date of designation / refusal,Intended use,EU designation number,Status,First published date,Last updated date,Orphan designation URL,","timestamp":"2025-07-25T17:05:41.998Z"}
{"level":"warn","message":"Skipping invalid key in record: ","timestamp":"2025-07-25T17:05:41.999Z"}
{"level":"warn","message":"Skipping invalid key in record: ","timestamp":"2025-07-25T17:05:41.999Z"}
{"level":"warn","message":"Skipping invalid key in record: ","timestamp":"2025-07-25T17:05:41.999Z"}
{"level":"warn","message":"Skipping invalid key in record: ","timestamp":"2025-07-25T17:05:41.999Z"}
{"level":"warn","message":"Skipping invalid key in record: ","timestamp":"2025-07-25T17:05:42.000Z"}
{"level":"warn","message":"Skipping invalid key in record: ","timestamp":"2025-07-25T17:05:42.000Z"}
{"level":"warn","message":"Skipping invalid key in record: ","timestamp":"2025-07-25T17:05:42.000Z"}
{"level":"warn","message":"Skipping invalid key in record: ","timestamp":"2025-07-25T17:05:42.000Z"}
{"level":"warn","message":"Skipping invalid key in record: ","timestamp":"2025-07-25T17:05:42.000Z"}
{"level":"warn","message":"Skipping invalid key in record: ","timestamp":"2025-07-25T17:05:42.001Z"}
{"level":"warn","message":"Skipping invalid key in record: ","timestamp":"2025-07-25T17:05:42.001Z"}
{"level":"warn","message":"Skipping invalid key in record: ","timestamp":"2025-07-25T17:05:42.001Z"}
{"level":"warn","message":"Skipping invalid key in record: ","timestamp":"2025-07-25T17:05:42.002Z"}
{"level":"warn","message":"Skipping invalid key in record: ","timestamp":"2025-07-25T17:05:42.002Z"}
{"level":"warn","message":"Skipping invalid key in record: ","timestamp":"2025-07-25T17:05:42.002Z"}
{"level":"warn","message":"Skipping invalid key in record: ","timestamp":"2025-07-25T17:05:42.002Z"}
{"level":"warn","message":"Skipping invalid key in record: ","timestamp":"2025-07-25T17:05:42.002Z"}
{"level":"warn","message":"Skipping invalid key in record: ","timestamp":"2025-07-25T17:05:42.002Z"}
{"level":"warn","message":"Skipping invalid key in record: ","timestamp":"2025-07-25T17:05:42.003Z"}
{"level":"warn","message":"Skipping invalid key in record: ","timestamp":"2025-07-25T17:05:42.003Z"}
{"level":"warn","message":"Skipping invalid key in record: ","timestamp":"2025-07-25T17:05:42.003Z"}
{"level":"warn","message":"Skipping invalid key in record: ","timestamp":"2025-07-25T17:05:42.003Z"}
{"level":"warn","message":"Skipping invalid key in record: ","timestamp":"2025-07-25T17:05:42.003Z"}
{"level":"warn","message":"Skipping invalid key in record: ","timestamp":"2025-07-25T17:05:42.003Z"}
{"level":"warn","message":"Skipping invalid key in record: ","timestamp":"2025-07-25T17:05:42.003Z"}
{"level":"warn","message":"Skipping invalid key in record: ","timestamp":"2025-07-25T17:05:42.003Z"}
{"level":"warn","message":"Skipping invalid key in record: ","timestamp":"2025-07-25T17:05:42.003Z"}
{"level":"warn","message":"Skipping invalid key in record: ","timestamp":"2025-07-25T17:05:42.003Z"}
{"level":"warn","message":"Skipping invalid key in record: ","timestamp":"2025-07-25T17:05:42.003Z"}
{"level":"warn","message":"Skipping invalid key in record: ","timestamp":"2025-07-25T17:05:42.003Z"}
{"level":"warn","message":"Skipping invalid key in record: ","timestamp":"2025-07-25T17:05:42.004Z"}
{"level":"warn","message":"Skipping invalid key in record: ","timestamp":"2025-07-25T17:05:42.004Z"}
{"level":"warn","message":"Skipping invalid key in record: ","timestamp":"2025-07-25T17:05:42.004Z"}
{"level":"warn","message":"Skipping invalid key in record: ","timestamp":"2025-07-25T17:05:42.004Z"}
{"level":"warn","message":"Skipping invalid key in record: ","timestamp":"2025-07-25T17:05:42.004Z"}
{"level":"warn","message":"Skipping invalid key in record: ","timestamp":"2025-07-25T17:05:42.004Z"}
{"level":"warn","message":"Skipping invalid key in record: ","timestamp":"2025-07-25T17:05:42.004Z"}
{"level":"warn","message":"Skipping invalid key in record: ","timestamp":"2025-07-25T17:05:42.004Z"}
{"level":"warn","message":"Skipping invalid key in record: ","timestamp":"2025-07-25T17:05:42.004Z"}
{"level":"warn","message":"Skipping invalid key in record: ","timestamp":"2025-07-25T17:05:42.004Z"}
{"level":"warn","message":"Skipping invalid key in record: ","timestamp":"2025-07-25T17:05:42.004Z"}
{"level":"warn","message":"Skipping invalid key in record: ","timestamp":"2025-07-25T17:05:42.004Z"}
{"level":"warn","message":"Skipping invalid key in record: ","timestamp":"2025-07-25T17:05:42.004Z"}
{"level":"warn","message":"Skipping invalid key in record: ","timestamp":"2025-07-25T17:05:42.004Z"}
{"level":"warn","message":"Skipping invalid key in record: ","timestamp":"2025-07-25T17:05:42.005Z"}
{"level":"warn","message":"Skipping invalid key in record: ","timestamp":"2025-07-25T17:05:42.005Z"}
{"level":"warn","message":"Skipping invalid key in record: ","timestamp":"2025-07-25T17:05:42.005Z"}
{"level":"warn","message":"Skipping invalid key in record: ","timestamp":"2025-07-25T17:05:42.005Z"}
{"level":"warn","message":"Skipping invalid key in record: ","timestamp":"2025-07-25T17:05:42.005Z"}
{"level":"warn","message":"Skipping invalid key in record: ","timestamp":"2025-07-25T17:05:42.005Z"}
{"level":"warn","message":"Skipping invalid key in record: ","timestamp":"2025-07-25T17:05:42.005Z"}
{"level":"warn","message":"Skipping invalid key in record: ","timestamp":"2025-07-25T17:05:42.005Z"}
{"level":"warn","message":"Skipping invalid key in record: ","timestamp":"2025-07-25T17:05:42.005Z"}
{"level":"info","message":"CSV Headers: Medicine name,Related EMA product number,Active substance,Date of designation / refusal,Intended use,EU designation number,Status,First published date,Last updated date,Orphan designation URL,","timestamp":"2025-07-25T17:05:42.013Z"}
{"level":"warn","message":"Skipping invalid key in record: ","timestamp":"2025-07-25T17:05:42.013Z"}
{"level":"warn","message":"Skipping invalid key in record: ","timestamp":"2025-07-25T17:05:42.014Z"}
{"level":"warn","message":"Skipping invalid key in record: ","timestamp":"2025-07-25T17:05:42.014Z"}
{"level":"warn","message":"Skipping invalid key in record: ","timestamp":"2025-07-25T17:05:42.014Z"}
{"level":"warn","message":"Skipping invalid key in record: ","timestamp":"2025-07-25T17:05:42.014Z"}
{"level":"warn","message":"Skipping invalid key in record: ","timestamp":"2025-07-25T17:05:42.014Z"}
{"level":"warn","message":"Skipping invalid key in record: ","timestamp":"2025-07-25T17:05:42.014Z"}
{"level":"warn","message":"Skipping invalid key in record: ","timestamp":"2025-07-25T17:05:42.014Z"}
{"level":"warn","message":"Skipping invalid key in record: ","timestamp":"2025-07-25T17:05:42.014Z"}
{"level":"warn","message":"Skipping invalid key in record: ","timestamp":"2025-07-25T17:05:42.015Z"}
{"level":"warn","message":"Skipping invalid key in record: ","timestamp":"2025-07-25T17:05:42.015Z"}
{"level":"warn","message":"Skipping invalid key in record: ","timestamp":"2025-07-25T17:05:42.015Z"}
{"level":"warn","message":"Skipping invalid key in record: ","timestamp":"2025-07-25T17:05:42.015Z"}
{"level":"warn","message":"Skipping invalid key in record: ","timestamp":"2025-07-25T17:05:42.015Z"}
{"level":"warn","message":"Skipping invalid key in record: ","timestamp":"2025-07-25T17:05:42.015Z"}
{"level":"warn","message":"Skipping invalid key in record: ","timestamp":"2025-07-25T17:05:42.015Z"}
{"level":"warn","message":"Skipping invalid key in record: ","timestamp":"2025-07-25T17:05:42.015Z"}
{"level":"warn","message":"Skipping invalid key in record: ","timestamp":"2025-07-25T17:05:42.015Z"}
{"level":"warn","message":"Skipping invalid key in record: ","timestamp":"2025-07-25T17:05:42.015Z"}
{"level":"warn","message":"Skipping invalid key in record: ","timestamp":"2025-07-25T17:05:42.015Z"}
{"level":"warn","message":"Skipping invalid key in record: ","timestamp":"2025-07-25T17:05:42.015Z"}
{"level":"warn","message":"Skipping invalid key in record: ","timestamp":"2025-07-25T17:05:42.016Z"}
{"level":"warn","message":"Skipping invalid key in record: ","timestamp":"2025-07-25T17:05:42.016Z"}
{"level":"warn","message":"Skipping invalid key in record: ","timestamp":"2025-07-25T17:05:42.016Z"}
{"level":"warn","message":"Skipping invalid key in record: ","timestamp":"2025-07-25T17:05:42.016Z"}
{"level":"warn","message":"Skipping invalid key in record: ","timestamp":"2025-07-25T17:05:42.016Z"}
{"level":"warn","message":"Skipping invalid key in record: ","timestamp":"2025-07-25T17:05:42.016Z"}
{"level":"warn","message":"Skipping invalid key in record: ","timestamp":"2025-07-25T17:05:42.016Z"}
{"level":"warn","message":"Skipping invalid key in record: ","timestamp":"2025-07-25T17:05:42.016Z"}
{"level":"warn","message":"Skipping invalid key in record: ","timestamp":"2025-07-25T17:05:42.016Z"}
{"level":"warn","message":"Skipping invalid key in record: ","timestamp":"2025-07-25T17:05:42.016Z"}
{"level":"warn","message":"Skipping invalid key in record: ","timestamp":"2025-07-25T17:05:42.016Z"}
{"level":"warn","message":"Skipping invalid key in record: ","timestamp":"2025-07-25T17:05:42.016Z"}
{"level":"warn","message":"Skipping invalid key in record: ","timestamp":"2025-07-25T17:05:42.016Z"}
{"level":"warn","message":"Skipping invalid key in record: ","timestamp":"2025-07-25T17:05:42.016Z"}
{"level":"warn","message":"Skipping invalid key in record: ","timestamp":"2025-07-25T17:05:42.017Z"}
{"level":"warn","message":"Skipping invalid key in record: ","timestamp":"2025-07-25T17:05:42.017Z"}
{"level":"warn","message":"Skipping invalid key in record: ","timestamp":"2025-07-25T17:05:42.017Z"}
{"level":"warn","message":"Skipping invalid key in record: ","timestamp":"2025-07-25T17:05:42.017Z"}
{"level":"warn","message":"Skipping invalid key in record: ","timestamp":"2025-07-25T17:05:42.017Z"}
{"level":"warn","message":"Skipping invalid key in record: ","timestamp":"2025-07-25T17:05:42.017Z"}
{"level":"warn","message":"Skipping invalid key in record: ","timestamp":"2025-07-25T17:05:42.017Z"}
{"level":"warn","message":"Skipping invalid key in record: ","timestamp":"2025-07-25T17:05:42.017Z"}
{"level":"warn","message":"Skipping invalid key in record: ","timestamp":"2025-07-25T17:05:42.017Z"}
{"level":"warn","message":"Skipping invalid key in record: ","timestamp":"2025-07-25T17:05:42.017Z"}
{"level":"warn","message":"Skipping invalid key in record: ","timestamp":"2025-07-25T17:05:42.017Z"}
{"level":"warn","message":"Skipping invalid key in record: ","timestamp":"2025-07-25T17:05:42.017Z"}
{"level":"warn","message":"Skipping invalid key in record: ","timestamp":"2025-07-25T17:05:42.017Z"}
{"level":"warn","message":"Skipping invalid key in record: ","timestamp":"2025-07-25T17:05:42.018Z"}
{"level":"warn","message":"Skipping invalid key in record: ","timestamp":"2025-07-25T17:05:42.018Z"}
{"level":"warn","message":"Skipping invalid key in record: ","timestamp":"2025-07-25T17:05:42.018Z"}
{"level":"warn","message":"Skipping invalid key in record: ","timestamp":"2025-07-25T17:05:42.018Z"}
{"level":"info","message":"CSV Headers: Medicine name,Related EMA product number,Active substance,Date of designation / refusal,Intended use,EU designation number,Status,First published date,Last updated date,Orphan designation URL,","timestamp":"2025-07-25T17:05:42.026Z"}
{"level":"warn","message":"Skipping invalid key in record: ","timestamp":"2025-07-25T17:05:42.027Z"}
{"level":"warn","message":"Skipping invalid key in record: ","timestamp":"2025-07-25T17:05:42.027Z"}
{"level":"warn","message":"Skipping invalid key in record: ","timestamp":"2025-07-25T17:05:42.027Z"}
{"level":"warn","message":"Skipping invalid key in record: ","timestamp":"2025-07-25T17:05:42.027Z"}
{"level":"warn","message":"Skipping invalid key in record: ","timestamp":"2025-07-25T17:05:42.027Z"}
{"level":"warn","message":"Skipping invalid key in record: ","timestamp":"2025-07-25T17:05:42.028Z"}
{"level":"warn","message":"Skipping invalid key in record: ","timestamp":"2025-07-25T17:05:42.028Z"}
{"level":"warn","message":"Skipping invalid key in record: ","timestamp":"2025-07-25T17:05:42.028Z"}
{"level":"warn","message":"Skipping invalid key in record: ","timestamp":"2025-07-25T17:05:42.028Z"}
{"level":"warn","message":"Skipping invalid key in record: ","timestamp":"2025-07-25T17:05:42.028Z"}
{"level":"warn","message":"Skipping invalid key in record: ","timestamp":"2025-07-25T17:05:42.028Z"}
{"level":"warn","message":"Skipping invalid key in record: ","timestamp":"2025-07-25T17:05:42.028Z"}
{"level":"warn","message":"Skipping invalid key in record: ","timestamp":"2025-07-25T17:05:42.028Z"}
{"level":"warn","message":"Skipping invalid key in record: ","timestamp":"2025-07-25T17:05:42.029Z"}
{"level":"warn","message":"Skipping invalid key in record: ","timestamp":"2025-07-25T17:05:42.029Z"}
{"level":"warn","message":"Skipping invalid key in record: ","timestamp":"2025-07-25T17:05:42.029Z"}
{"level":"warn","message":"Skipping invalid key in record: ","timestamp":"2025-07-25T17:05:42.029Z"}
{"level":"warn","message":"Skipping invalid key in record: ","timestamp":"2025-07-25T17:05:42.029Z"}
{"level":"warn","message":"Skipping invalid key in record: ","timestamp":"2025-07-25T17:05:42.029Z"}
{"level":"warn","message":"Skipping invalid key in record: ","timestamp":"2025-07-25T17:05:42.029Z"}
{"level":"warn","message":"Skipping invalid key in record: ","timestamp":"2025-07-25T17:05:42.029Z"}
{"level":"warn","message":"Skipping invalid key in record: ","timestamp":"2025-07-25T17:05:42.029Z"}
{"level":"warn","message":"Skipping invalid key in record: ","timestamp":"2025-07-25T17:05:42.029Z"}
{"level":"warn","message":"Skipping invalid key in record: ","timestamp":"2025-07-25T17:05:42.029Z"}
{"level":"warn","message":"Skipping invalid key in record: ","timestamp":"2025-07-25T17:05:42.029Z"}
{"level":"warn","message":"Skipping invalid key in record: ","timestamp":"2025-07-25T17:05:42.029Z"}
{"level":"warn","message":"Skipping invalid key in record: ","timestamp":"2025-07-25T17:05:42.029Z"}
{"level":"warn","message":"Skipping invalid key in record: ","timestamp":"2025-07-25T17:05:42.029Z"}
{"level":"warn","message":"Skipping invalid key in record: ","timestamp":"2025-07-25T17:05:42.029Z"}
{"level":"warn","message":"Skipping invalid key in record: ","timestamp":"2025-07-25T17:05:42.029Z"}
{"level":"warn","message":"Skipping invalid key in record: ","timestamp":"2025-07-25T17:05:42.030Z"}
{"level":"warn","message":"Skipping invalid key in record: ","timestamp":"2025-07-25T17:05:42.030Z"}
{"level":"warn","message":"Skipping invalid key in record: ","timestamp":"2025-07-25T17:05:42.030Z"}
{"level":"warn","message":"Skipping invalid key in record: ","timestamp":"2025-07-25T17:05:42.030Z"}
{"level":"warn","message":"Skipping invalid key in record: ","timestamp":"2025-07-25T17:05:42.030Z"}
{"level":"warn","message":"Skipping invalid key in record: ","timestamp":"2025-07-25T17:05:42.030Z"}
{"level":"warn","message":"Skipping invalid key in record: ","timestamp":"2025-07-25T17:05:42.030Z"}
{"level":"warn","message":"Skipping invalid key in record: ","timestamp":"2025-07-25T17:05:42.030Z"}
{"level":"warn","message":"Skipping invalid key in record: ","timestamp":"2025-07-25T17:05:42.030Z"}
{"level":"warn","message":"Skipping invalid key in record: ","timestamp":"2025-07-25T17:05:42.030Z"}
{"level":"warn","message":"Skipping invalid key in record: ","timestamp":"2025-07-25T17:05:42.030Z"}
{"level":"warn","message":"Skipping invalid key in record: ","timestamp":"2025-07-25T17:05:42.030Z"}
{"level":"warn","message":"Skipping invalid key in record: ","timestamp":"2025-07-25T17:05:42.030Z"}
{"level":"warn","message":"Skipping invalid key in record: ","timestamp":"2025-07-25T17:05:42.030Z"}
{"level":"warn","message":"Skipping invalid key in record: ","timestamp":"2025-07-25T17:05:42.030Z"}
{"level":"warn","message":"Skipping invalid key in record: ","timestamp":"2025-07-25T17:05:42.030Z"}
{"level":"warn","message":"Skipping invalid key in record: ","timestamp":"2025-07-25T17:05:42.030Z"}
{"level":"warn","message":"Skipping invalid key in record: ","timestamp":"2025-07-25T17:05:42.030Z"}
{"level":"warn","message":"Skipping invalid key in record: ","timestamp":"2025-07-25T17:05:42.031Z"}
{"level":"warn","message":"Skipping invalid key in record: ","timestamp":"2025-07-25T17:05:42.031Z"}
{"level":"warn","message":"Skipping invalid key in record: ","timestamp":"2025-07-25T17:05:42.031Z"}
{"level":"warn","message":"Skipping invalid key in record: ","timestamp":"2025-07-25T17:05:42.031Z"}
{"level":"warn","message":"Skipping invalid key in record: ","timestamp":"2025-07-25T17:05:42.031Z"}
{"level":"info","message":"CSV Headers: Medicine name,Related EMA product number,Active substance,Date of designation / refusal,Intended use,EU designation number,Status,First published date,Last updated date,Orphan designation URL,","timestamp":"2025-07-25T17:05:42.038Z"}
{"level":"warn","message":"Skipping invalid key in record: ","timestamp":"2025-07-25T17:05:42.038Z"}
{"level":"warn","message":"Skipping invalid key in record: ","timestamp":"2025-07-25T17:05:42.038Z"}
{"level":"warn","message":"Skipping invalid key in record: ","timestamp":"2025-07-25T17:05:42.038Z"}
{"level":"warn","message":"Skipping invalid key in record: ","timestamp":"2025-07-25T17:05:42.038Z"}
{"level":"warn","message":"Skipping invalid key in record: ","timestamp":"2025-07-25T17:05:42.038Z"}
{"level":"warn","message":"Skipping invalid key in record: ","timestamp":"2025-07-25T17:05:42.039Z"}
{"level":"warn","message":"Skipping invalid key in record: ","timestamp":"2025-07-25T17:05:42.039Z"}
{"level":"warn","message":"Skipping invalid key in record: ","timestamp":"2025-07-25T17:05:42.039Z"}
{"level":"warn","message":"Skipping invalid key in record: ","timestamp":"2025-07-25T17:05:42.039Z"}
{"level":"warn","message":"Skipping invalid key in record: ","timestamp":"2025-07-25T17:05:42.039Z"}
{"level":"warn","message":"Skipping invalid key in record: ","timestamp":"2025-07-25T17:05:42.039Z"}
{"level":"warn","message":"Skipping invalid key in record: ","timestamp":"2025-07-25T17:05:42.039Z"}
{"level":"warn","message":"Skipping invalid key in record: ","timestamp":"2025-07-25T17:05:42.039Z"}
{"level":"warn","message":"Skipping invalid key in record: ","timestamp":"2025-07-25T17:05:42.039Z"}
{"level":"warn","message":"Skipping invalid key in record: ","timestamp":"2025-07-25T17:05:42.039Z"}
{"level":"warn","message":"Skipping invalid key in record: ","timestamp":"2025-07-25T17:05:42.040Z"}
{"level":"warn","message":"Skipping invalid key in record: ","timestamp":"2025-07-25T17:05:42.040Z"}
{"level":"warn","message":"Skipping invalid key in record: ","timestamp":"2025-07-25T17:05:42.040Z"}
{"level":"warn","message":"Skipping invalid key in record: ","timestamp":"2025-07-25T17:05:42.040Z"}
{"level":"warn","message":"Skipping invalid key in record: ","timestamp":"2025-07-25T17:05:42.040Z"}
{"level":"warn","message":"Skipping invalid key in record: ","timestamp":"2025-07-25T17:05:42.040Z"}
{"level":"warn","message":"Skipping invalid key in record: ","timestamp":"2025-07-25T17:05:42.040Z"}
{"level":"warn","message":"Skipping invalid key in record: ","timestamp":"2025-07-25T17:05:42.040Z"}
{"level":"warn","message":"Skipping invalid key in record: ","timestamp":"2025-07-25T17:05:42.041Z"}
{"level":"warn","message":"Skipping invalid key in record: ","timestamp":"2025-07-25T17:05:42.041Z"}
{"level":"warn","message":"Skipping invalid key in record: ","timestamp":"2025-07-25T17:05:42.041Z"}
{"level":"warn","message":"Skipping invalid key in record: ","timestamp":"2025-07-25T17:05:42.041Z"}
{"level":"warn","message":"Skipping invalid key in record: ","timestamp":"2025-07-25T17:05:42.041Z"}
{"level":"warn","message":"Skipping invalid key in record: ","timestamp":"2025-07-25T17:05:42.041Z"}
{"level":"warn","message":"Skipping invalid key in record: ","timestamp":"2025-07-25T17:05:42.041Z"}
{"level":"warn","message":"Skipping invalid key in record: ","timestamp":"2025-07-25T17:05:42.041Z"}
{"level":"warn","message":"Skipping invalid key in record: ","timestamp":"2025-07-25T17:05:42.041Z"}
{"level":"warn","message":"Skipping invalid key in record: ","timestamp":"2025-07-25T17:05:42.042Z"}
{"level":"warn","message":"Skipping invalid key in record: ","timestamp":"2025-07-25T17:05:42.042Z"}
{"level":"warn","message":"Skipping invalid key in record: ","timestamp":"2025-07-25T17:05:42.042Z"}
{"level":"warn","message":"Skipping invalid key in record: ","timestamp":"2025-07-25T17:05:42.042Z"}
{"level":"warn","message":"Skipping invalid key in record: ","timestamp":"2025-07-25T17:05:42.042Z"}
{"level":"warn","message":"Skipping invalid key in record: ","timestamp":"2025-07-25T17:05:42.042Z"}
{"level":"warn","message":"Skipping invalid key in record: ","timestamp":"2025-07-25T17:05:42.042Z"}
{"level":"warn","message":"Skipping invalid key in record: ","timestamp":"2025-07-25T17:05:42.042Z"}
{"level":"warn","message":"Skipping invalid key in record: ","timestamp":"2025-07-25T17:05:42.042Z"}
{"level":"warn","message":"Skipping invalid key in record: ","timestamp":"2025-07-25T17:05:42.042Z"}
{"level":"warn","message":"Skipping invalid key in record: ","timestamp":"2025-07-25T17:05:42.043Z"}
{"level":"warn","message":"Skipping invalid key in record: ","timestamp":"2025-07-25T17:05:42.043Z"}
{"level":"warn","message":"Skipping invalid key in record: ","timestamp":"2025-07-25T17:05:42.043Z"}
{"level":"warn","message":"Skipping invalid key in record: ","timestamp":"2025-07-25T17:05:42.043Z"}
{"level":"warn","message":"Skipping invalid key in record: ","timestamp":"2025-07-25T17:05:42.043Z"}
{"level":"warn","message":"Skipping invalid key in record: ","timestamp":"2025-07-25T17:05:42.043Z"}
{"level":"warn","message":"Skipping invalid key in record: ","timestamp":"2025-07-25T17:05:42.043Z"}
{"level":"warn","message":"Skipping invalid key in record: ","timestamp":"2025-07-25T17:05:42.043Z"}
{"level":"warn","message":"Skipping invalid key in record: ","timestamp":"2025-07-25T17:05:42.043Z"}
{"level":"warn","message":"Skipping invalid key in record: ","timestamp":"2025-07-25T17:05:42.043Z"}
{"level":"warn","message":"Skipping invalid key in record: ","timestamp":"2025-07-25T17:05:42.043Z"}
{"level":"info","message":"CSV Headers: Medicine name,Related EMA product number,Active substance,Date of designation / refusal,Intended use,EU designation number,Status,First published date,Last updated date,Orphan designation URL,","timestamp":"2025-07-25T17:05:42.050Z"}
{"level":"warn","message":"Skipping invalid key in record: ","timestamp":"2025-07-25T17:05:42.051Z"}
{"level":"warn","message":"Skipping invalid key in record: ","timestamp":"2025-07-25T17:05:42.051Z"}
{"level":"warn","message":"Skipping invalid key in record: ","timestamp":"2025-07-25T17:05:42.051Z"}
{"level":"warn","message":"Skipping invalid key in record: ","timestamp":"2025-07-25T17:05:42.051Z"}
{"level":"warn","message":"Skipping invalid key in record: ","timestamp":"2025-07-25T17:05:42.051Z"}
{"level":"warn","message":"Skipping invalid key in record: ","timestamp":"2025-07-25T17:05:42.051Z"}
{"level":"warn","message":"Skipping invalid key in record: ","timestamp":"2025-07-25T17:05:42.051Z"}
{"level":"warn","message":"Skipping invalid key in record: ","timestamp":"2025-07-25T17:05:42.052Z"}
{"level":"warn","message":"Skipping invalid key in record: ","timestamp":"2025-07-25T17:05:42.052Z"}
{"level":"warn","message":"Skipping invalid key in record: ","timestamp":"2025-07-25T17:05:42.052Z"}
{"level":"warn","message":"Skipping invalid key in record: ","timestamp":"2025-07-25T17:05:42.052Z"}
{"level":"warn","message":"Skipping invalid key in record: ","timestamp":"2025-07-25T17:05:42.052Z"}
{"level":"warn","message":"Skipping invalid key in record: ","timestamp":"2025-07-25T17:05:42.052Z"}
{"level":"warn","message":"Skipping invalid key in record: ","timestamp":"2025-07-25T17:05:42.052Z"}
{"level":"warn","message":"Skipping invalid key in record: ","timestamp":"2025-07-25T17:05:42.052Z"}
{"level":"warn","message":"Skipping invalid key in record: ","timestamp":"2025-07-25T17:05:42.052Z"}
{"level":"warn","message":"Skipping invalid key in record: ","timestamp":"2025-07-25T17:05:42.052Z"}
{"level":"warn","message":"Skipping invalid key in record: ","timestamp":"2025-07-25T17:05:42.052Z"}
{"level":"warn","message":"Skipping invalid key in record: ","timestamp":"2025-07-25T17:05:42.052Z"}
{"level":"warn","message":"Skipping invalid key in record: ","timestamp":"2025-07-25T17:05:42.052Z"}
{"level":"warn","message":"Skipping invalid key in record: ","timestamp":"2025-07-25T17:05:42.052Z"}
{"level":"warn","message":"Skipping invalid key in record: ","timestamp":"2025-07-25T17:05:42.053Z"}
{"level":"warn","message":"Skipping invalid key in record: ","timestamp":"2025-07-25T17:05:42.053Z"}
{"level":"warn","message":"Skipping invalid key in record: ","timestamp":"2025-07-25T17:05:42.053Z"}
{"level":"warn","message":"Skipping invalid key in record: ","timestamp":"2025-07-25T17:05:42.053Z"}
{"level":"warn","message":"Skipping invalid key in record: ","timestamp":"2025-07-25T17:05:42.053Z"}
{"level":"warn","message":"Skipping invalid key in record: ","timestamp":"2025-07-25T17:05:42.053Z"}
{"level":"warn","message":"Skipping invalid key in record: ","timestamp":"2025-07-25T17:05:42.053Z"}
{"level":"warn","message":"Skipping invalid key in record: ","timestamp":"2025-07-25T17:05:42.053Z"}
{"level":"warn","message":"Skipping invalid key in record: ","timestamp":"2025-07-25T17:05:42.053Z"}
{"level":"warn","message":"Skipping invalid key in record: ","timestamp":"2025-07-25T17:05:42.053Z"}
{"level":"warn","message":"Skipping invalid key in record: ","timestamp":"2025-07-25T17:05:42.053Z"}
{"level":"warn","message":"Skipping invalid key in record: ","timestamp":"2025-07-25T17:05:42.053Z"}
{"level":"warn","message":"Skipping invalid key in record: ","timestamp":"2025-07-25T17:05:42.053Z"}
{"level":"warn","message":"Skipping invalid key in record: ","timestamp":"2025-07-25T17:05:42.053Z"}
{"level":"warn","message":"Skipping invalid key in record: ","timestamp":"2025-07-25T17:05:42.054Z"}
{"level":"warn","message":"Skipping invalid key in record: ","timestamp":"2025-07-25T17:05:42.054Z"}
{"level":"warn","message":"Skipping invalid key in record: ","timestamp":"2025-07-25T17:05:42.054Z"}
{"level":"warn","message":"Skipping invalid key in record: ","timestamp":"2025-07-25T17:05:42.054Z"}
{"level":"warn","message":"Skipping invalid key in record: ","timestamp":"2025-07-25T17:05:42.054Z"}
{"level":"warn","message":"Skipping invalid key in record: ","timestamp":"2025-07-25T17:05:42.054Z"}
{"level":"warn","message":"Skipping invalid key in record: ","timestamp":"2025-07-25T17:05:42.054Z"}
{"level":"warn","message":"Skipping invalid key in record: ","timestamp":"2025-07-25T17:05:42.054Z"}
{"level":"warn","message":"Skipping invalid key in record: ","timestamp":"2025-07-25T17:05:42.055Z"}
{"level":"warn","message":"Skipping invalid key in record: ","timestamp":"2025-07-25T17:05:42.055Z"}
{"level":"warn","message":"Skipping invalid key in record: ","timestamp":"2025-07-25T17:05:42.055Z"}
{"level":"warn","message":"Skipping invalid key in record: ","timestamp":"2025-07-25T17:05:42.055Z"}
{"level":"warn","message":"Skipping record with missing or invalid Active substance: {\"Medicine name\":null,\"Related EMA product number\":null,\"Active substance\":null,\"Date of designation / refusal\":\"2005-08-26T00:00:00.000Z\",\"Intended use\":\"Treatment of progressive myoclonic epilepsies\",\"EU designation number\":\"EU/3/05/315\",\"Status\":\"Withdrawn\",\"First published date\":\"2008-08-18T00:00:00.000Z\",\"Last updated date\":\"2022-11-08T00:00:00.000Z\",\"Orphan designation URL\":\"https://www.ema.europa.eu/en/medicines/human/orphan-designations/eu-3-05-315\"}","timestamp":"2025-07-25T17:05:42.055Z"}
{"level":"warn","message":"Skipping invalid key in record: ","timestamp":"2025-07-25T17:05:42.055Z"}
{"level":"warn","message":"Skipping invalid key in record: ","timestamp":"2025-07-25T17:05:42.055Z"}
{"level":"warn","message":"Skipping invalid key in record: ","timestamp":"2025-07-25T17:05:42.055Z"}
{"level":"warn","message":"Skipping invalid key in record: ","timestamp":"2025-07-25T17:05:42.055Z"}
{"level":"info","message":"CSV Headers: Medicine name,Related EMA product number,Active substance,Date of designation / refusal,Intended use,EU designation number,Status,First published date,Last updated date,Orphan designation URL,","timestamp":"2025-07-25T17:05:42.062Z"}
{"level":"warn","message":"Skipping invalid key in record: ","timestamp":"2025-07-25T17:05:42.062Z"}
{"level":"warn","message":"Skipping invalid key in record: ","timestamp":"2025-07-25T17:05:42.063Z"}
{"level":"warn","message":"Skipping invalid key in record: ","timestamp":"2025-07-25T17:05:42.063Z"}
{"level":"warn","message":"Skipping invalid key in record: ","timestamp":"2025-07-25T17:05:42.063Z"}
{"level":"warn","message":"Skipping invalid key in record: ","timestamp":"2025-07-25T17:05:42.063Z"}
{"level":"warn","message":"Skipping invalid key in record: ","timestamp":"2025-07-25T17:05:42.063Z"}
{"level":"warn","message":"Skipping invalid key in record: ","timestamp":"2025-07-25T17:05:42.063Z"}
{"level":"warn","message":"Skipping invalid key in record: ","timestamp":"2025-07-25T17:05:42.063Z"}
{"level":"warn","message":"Skipping invalid key in record: ","timestamp":"2025-07-25T17:05:42.063Z"}
{"level":"warn","message":"Skipping invalid key in record: ","timestamp":"2025-07-25T17:05:42.063Z"}
{"level":"warn","message":"Skipping invalid key in record: ","timestamp":"2025-07-25T17:05:42.063Z"}
{"level":"warn","message":"Skipping invalid key in record: ","timestamp":"2025-07-25T17:05:42.063Z"}
{"level":"warn","message":"Skipping invalid key in record: ","timestamp":"2025-07-25T17:05:42.064Z"}
{"level":"warn","message":"Skipping invalid key in record: ","timestamp":"2025-07-25T17:05:42.064Z"}
{"level":"warn","message":"Skipping invalid key in record: ","timestamp":"2025-07-25T17:05:42.064Z"}
{"level":"warn","message":"Skipping invalid key in record: ","timestamp":"2025-07-25T17:05:42.064Z"}
{"level":"warn","message":"Skipping invalid key in record: ","timestamp":"2025-07-25T17:05:42.064Z"}
{"level":"warn","message":"Skipping invalid key in record: ","timestamp":"2025-07-25T17:05:42.064Z"}
{"level":"warn","message":"Skipping invalid key in record: ","timestamp":"2025-07-25T17:05:42.064Z"}
{"level":"warn","message":"Skipping invalid key in record: ","timestamp":"2025-07-25T17:05:42.064Z"}
{"level":"warn","message":"Skipping invalid key in record: ","timestamp":"2025-07-25T17:05:42.064Z"}
{"level":"warn","message":"Skipping invalid key in record: ","timestamp":"2025-07-25T17:05:42.064Z"}
{"level":"warn","message":"Skipping invalid key in record: ","timestamp":"2025-07-25T17:05:42.064Z"}
{"level":"warn","message":"Skipping invalid key in record: ","timestamp":"2025-07-25T17:05:42.064Z"}
{"level":"warn","message":"Skipping invalid key in record: ","timestamp":"2025-07-25T17:05:42.065Z"}
{"level":"warn","message":"Skipping invalid key in record: ","timestamp":"2025-07-25T17:05:42.065Z"}
{"level":"warn","message":"Skipping invalid key in record: ","timestamp":"2025-07-25T17:05:42.065Z"}
{"level":"warn","message":"Skipping invalid key in record: ","timestamp":"2025-07-25T17:05:42.065Z"}
{"level":"warn","message":"Skipping invalid key in record: ","timestamp":"2025-07-25T17:05:42.065Z"}
{"level":"warn","message":"Skipping invalid key in record: ","timestamp":"2025-07-25T17:05:42.065Z"}
{"level":"warn","message":"Skipping invalid key in record: ","timestamp":"2025-07-25T17:05:42.065Z"}
{"level":"warn","message":"Skipping invalid key in record: ","timestamp":"2025-07-25T17:05:42.065Z"}
{"level":"warn","message":"Skipping invalid key in record: ","timestamp":"2025-07-25T17:05:42.065Z"}
{"level":"warn","message":"Skipping invalid key in record: ","timestamp":"2025-07-25T17:05:42.065Z"}
{"level":"warn","message":"Skipping invalid key in record: ","timestamp":"2025-07-25T17:05:42.065Z"}
{"level":"warn","message":"Skipping invalid key in record: ","timestamp":"2025-07-25T17:05:42.065Z"}
{"level":"warn","message":"Skipping invalid key in record: ","timestamp":"2025-07-25T17:05:42.066Z"}
{"level":"warn","message":"Skipping invalid key in record: ","timestamp":"2025-07-25T17:05:42.066Z"}
{"level":"warn","message":"Skipping invalid key in record: ","timestamp":"2025-07-25T17:05:42.066Z"}
{"level":"warn","message":"Skipping invalid key in record: ","timestamp":"2025-07-25T17:05:42.066Z"}
{"level":"warn","message":"Skipping invalid key in record: ","timestamp":"2025-07-25T17:05:42.066Z"}
{"level":"warn","message":"Skipping invalid key in record: ","timestamp":"2025-07-25T17:05:42.066Z"}
{"level":"warn","message":"Skipping invalid key in record: ","timestamp":"2025-07-25T17:05:42.066Z"}
{"level":"warn","message":"Skipping invalid key in record: ","timestamp":"2025-07-25T17:05:42.066Z"}
{"level":"warn","message":"Skipping invalid key in record: ","timestamp":"2025-07-25T17:05:42.066Z"}
{"level":"warn","message":"Skipping invalid key in record: ","timestamp":"2025-07-25T17:05:42.066Z"}
{"level":"warn","message":"Skipping invalid key in record: ","timestamp":"2025-07-25T17:05:42.066Z"}
{"level":"warn","message":"Skipping invalid key in record: ","timestamp":"2025-07-25T17:05:42.066Z"}
{"level":"warn","message":"Skipping invalid key in record: ","timestamp":"2025-07-25T17:05:42.066Z"}
{"level":"warn","message":"Skipping invalid key in record: ","timestamp":"2025-07-25T17:05:42.066Z"}
{"level":"warn","message":"Skipping invalid key in record: ","timestamp":"2025-07-25T17:05:42.066Z"}
{"level":"info","message":"CSV Headers: Medicine name,Related EMA product number,Active substance,Date of designation / refusal,Intended use,EU designation number,Status,First published date,Last updated date,Orphan designation URL,","timestamp":"2025-07-25T17:05:42.074Z"}
{"level":"warn","message":"Skipping invalid key in record: ","timestamp":"2025-07-25T17:05:42.074Z"}
{"level":"warn","message":"Skipping invalid key in record: ","timestamp":"2025-07-25T17:05:42.075Z"}
{"level":"warn","message":"Skipping invalid key in record: ","timestamp":"2025-07-25T17:05:42.075Z"}
{"level":"warn","message":"Skipping invalid key in record: ","timestamp":"2025-07-25T17:05:42.075Z"}
{"level":"warn","message":"Skipping invalid key in record: ","timestamp":"2025-07-25T17:05:42.075Z"}
{"level":"warn","message":"Skipping invalid key in record: ","timestamp":"2025-07-25T17:05:42.075Z"}
{"level":"warn","message":"Skipping invalid key in record: ","timestamp":"2025-07-25T17:05:42.076Z"}
{"level":"warn","message":"Skipping invalid key in record: ","timestamp":"2025-07-25T17:05:42.076Z"}
{"level":"warn","message":"Skipping invalid key in record: ","timestamp":"2025-07-25T17:05:42.076Z"}
{"level":"warn","message":"Skipping invalid key in record: ","timestamp":"2025-07-25T17:05:42.076Z"}
{"level":"warn","message":"Skipping invalid key in record: ","timestamp":"2025-07-25T17:05:42.076Z"}
{"level":"warn","message":"Skipping invalid key in record: ","timestamp":"2025-07-25T17:05:42.076Z"}
{"level":"warn","message":"Skipping invalid key in record: ","timestamp":"2025-07-25T17:05:42.076Z"}
{"level":"warn","message":"Skipping invalid key in record: ","timestamp":"2025-07-25T17:05:42.076Z"}
{"level":"warn","message":"Skipping invalid key in record: ","timestamp":"2025-07-25T17:05:42.076Z"}
{"level":"warn","message":"Skipping invalid key in record: ","timestamp":"2025-07-25T17:05:42.077Z"}
{"level":"warn","message":"Skipping invalid key in record: ","timestamp":"2025-07-25T17:05:42.077Z"}
{"level":"warn","message":"Skipping invalid key in record: ","timestamp":"2025-07-25T17:05:42.077Z"}
{"level":"warn","message":"Skipping invalid key in record: ","timestamp":"2025-07-25T17:05:42.077Z"}
{"level":"warn","message":"Skipping invalid key in record: ","timestamp":"2025-07-25T17:05:42.077Z"}
{"level":"warn","message":"Skipping invalid key in record: ","timestamp":"2025-07-25T17:05:42.077Z"}
{"level":"warn","message":"Skipping invalid key in record: ","timestamp":"2025-07-25T17:05:42.077Z"}
{"level":"warn","message":"Skipping invalid key in record: ","timestamp":"2025-07-25T17:05:42.077Z"}
{"level":"warn","message":"Skipping invalid key in record: ","timestamp":"2025-07-25T17:05:42.077Z"}
{"level":"warn","message":"Skipping invalid key in record: ","timestamp":"2025-07-25T17:05:42.077Z"}
{"level":"warn","message":"Skipping invalid key in record: ","timestamp":"2025-07-25T17:05:42.077Z"}
{"level":"warn","message":"Skipping invalid key in record: ","timestamp":"2025-07-25T17:05:42.078Z"}
{"level":"warn","message":"Skipping invalid key in record: ","timestamp":"2025-07-25T17:05:42.078Z"}
{"level":"warn","message":"Skipping invalid key in record: ","timestamp":"2025-07-25T17:05:42.078Z"}
{"level":"warn","message":"Skipping invalid key in record: ","timestamp":"2025-07-25T17:05:42.078Z"}
{"level":"warn","message":"Skipping invalid key in record: ","timestamp":"2025-07-25T17:05:42.078Z"}
{"level":"warn","message":"Skipping invalid key in record: ","timestamp":"2025-07-25T17:05:42.078Z"}
{"level":"warn","message":"Skipping invalid key in record: ","timestamp":"2025-07-25T17:05:42.078Z"}
{"level":"warn","message":"Skipping invalid key in record: ","timestamp":"2025-07-25T17:05:42.078Z"}
{"level":"warn","message":"Skipping invalid key in record: ","timestamp":"2025-07-25T17:05:42.078Z"}
{"level":"warn","message":"Skipping invalid key in record: ","timestamp":"2025-07-25T17:05:42.078Z"}
{"level":"warn","message":"Skipping invalid key in record: ","timestamp":"2025-07-25T17:05:42.078Z"}
{"level":"warn","message":"Skipping invalid key in record: ","timestamp":"2025-07-25T17:05:42.078Z"}
{"level":"warn","message":"Skipping invalid key in record: ","timestamp":"2025-07-25T17:05:42.078Z"}
{"level":"warn","message":"Skipping record with missing or invalid Active substance: {\"Medicine name\":null,\"Related EMA product number\":null,\"Active substance\":null,\"Date of designation / refusal\":\"2022-04-13T00:00:00.000Z\",\"Intended use\":\"Treatment of primary sclerosing cholangitis\",\"EU designation number\":\"EU/3/22/2604\",\"Status\":\"Positive\",\"First published date\":\"2022-07-19T00:00:00.000Z\",\"Last updated date\":null,\"Orphan designation URL\":\"https://www.ema.europa.eu/en/medicines/human/orphan-designations/eu-3-22-2604\"}","timestamp":"2025-07-25T17:05:42.079Z"}
{"level":"warn","message":"Skipping invalid key in record: ","timestamp":"2025-07-25T17:05:42.079Z"}
{"level":"warn","message":"Skipping invalid key in record: ","timestamp":"2025-07-25T17:05:42.079Z"}
{"level":"warn","message":"Skipping invalid key in record: ","timestamp":"2025-07-25T17:05:42.079Z"}
{"level":"warn","message":"Skipping invalid key in record: ","timestamp":"2025-07-25T17:05:42.079Z"}
{"level":"warn","message":"Skipping invalid key in record: ","timestamp":"2025-07-25T17:05:42.079Z"}
{"level":"warn","message":"Skipping invalid key in record: ","timestamp":"2025-07-25T17:05:42.079Z"}
{"level":"warn","message":"Skipping invalid key in record: ","timestamp":"2025-07-25T17:05:42.079Z"}
{"level":"warn","message":"Skipping invalid key in record: ","timestamp":"2025-07-25T17:05:42.079Z"}
{"level":"warn","message":"Skipping invalid key in record: ","timestamp":"2025-07-25T17:05:42.079Z"}
{"level":"warn","message":"Skipping invalid key in record: ","timestamp":"2025-07-25T17:05:42.079Z"}
{"level":"warn","message":"Skipping invalid key in record: ","timestamp":"2025-07-25T17:05:42.079Z"}
{"level":"warn","message":"Skipping invalid key in record: ","timestamp":"2025-07-25T17:05:42.079Z"}
{"level":"warn","message":"Skipping invalid key in record: ","timestamp":"2025-07-25T17:05:42.079Z"}
{"level":"warn","message":"Skipping invalid key in record: ","timestamp":"2025-07-25T17:05:42.079Z"}
{"level":"info","message":"CSV Headers: Medicine name,Related EMA product number,Active substance,Date of designation / refusal,Intended use,EU designation number,Status,First published date,Last updated date,Orphan designation URL,","timestamp":"2025-07-25T17:05:42.087Z"}
{"level":"warn","message":"Skipping invalid key in record: ","timestamp":"2025-07-25T17:05:42.087Z"}
{"level":"warn","message":"Skipping invalid key in record: ","timestamp":"2025-07-25T17:05:42.087Z"}
{"level":"warn","message":"Skipping invalid key in record: ","timestamp":"2025-07-25T17:05:42.087Z"}
{"level":"warn","message":"Skipping invalid key in record: ","timestamp":"2025-07-25T17:05:42.087Z"}
{"level":"warn","message":"Skipping invalid key in record: ","timestamp":"2025-07-25T17:05:42.087Z"}
{"level":"info","message":"Processed 1000 records (inserted: 0, updated: 0, skipped: 12)","timestamp":"2025-07-25T17:05:42.087Z"}
{"level":"warn","message":"Skipping invalid key in record: ","timestamp":"2025-07-25T17:05:42.088Z"}
{"level":"warn","message":"Skipping invalid key in record: ","timestamp":"2025-07-25T17:05:42.088Z"}
{"level":"warn","message":"Skipping invalid key in record: ","timestamp":"2025-07-25T17:05:42.088Z"}
{"level":"warn","message":"Skipping record with missing or invalid Active substance: {\"Medicine name\":[\"Vynpenta (previously AvacopanChemoCentryx)\",\"Tavneos\"],\"Related EMA product number\":[\"EMEA/H/C/004487\",\"EMEA/H/C/005523\"],\"Active substance\":null,\"Date of designation / refusal\":\"2014-11-19T00:00:00.000Z\",\"Intended use\":\"Treatment of granulomatosis with polyangiitis\",\"EU designation number\":\"EU/3/14/1373\",\"Status\":\"Positive\",\"First published date\":\"2015-01-15T00:00:00.000Z\",\"Last updated date\":\"2022-07-04T00:00:00.000Z\",\"Orphan designation URL\":\"https://www.ema.europa.eu/en/medicines/human/orphan-designations/eu-3-14-1373\"}","timestamp":"2025-07-25T17:05:42.088Z"}
{"level":"warn","message":"Skipping invalid key in record: ","timestamp":"2025-07-25T17:05:42.088Z"}
{"level":"warn","message":"Skipping invalid key in record: ","timestamp":"2025-07-25T17:05:42.088Z"}
{"level":"warn","message":"Skipping invalid key in record: ","timestamp":"2025-07-25T17:05:42.088Z"}
{"level":"warn","message":"Skipping invalid key in record: ","timestamp":"2025-07-25T17:05:42.088Z"}
{"level":"warn","message":"Skipping invalid key in record: ","timestamp":"2025-07-25T17:05:42.088Z"}
{"level":"warn","message":"Skipping invalid key in record: ","timestamp":"2025-07-25T17:05:42.088Z"}
{"level":"warn","message":"Skipping invalid key in record: ","timestamp":"2025-07-25T17:05:42.089Z"}
{"level":"warn","message":"Skipping invalid key in record: ","timestamp":"2025-07-25T17:05:42.089Z"}
{"level":"warn","message":"Skipping invalid key in record: ","timestamp":"2025-07-25T17:05:42.089Z"}
{"level":"warn","message":"Skipping invalid key in record: ","timestamp":"2025-07-25T17:05:42.089Z"}
{"level":"info","message":"Processed batch: inserted 999, updated 1","timestamp":"2025-07-25T17:05:47.058Z"}
{"level":"warn","message":"Skipping invalid key in record: ","timestamp":"2025-07-25T17:05:47.059Z"}
{"level":"warn","message":"Skipping invalid key in record: ","timestamp":"2025-07-25T17:05:47.059Z"}
{"level":"warn","message":"Skipping invalid key in record: ","timestamp":"2025-07-25T17:05:47.059Z"}
{"level":"warn","message":"Skipping invalid key in record: ","timestamp":"2025-07-25T17:05:47.059Z"}
{"level":"warn","message":"Skipping invalid key in record: ","timestamp":"2025-07-25T17:05:47.059Z"}
{"level":"warn","message":"Skipping invalid key in record: ","timestamp":"2025-07-25T17:05:47.060Z"}
{"level":"warn","message":"Skipping record with missing or invalid Active substance: {\"Medicine name\":null,\"Related EMA product number\":null,\"Active substance\":null,\"Date of designation / refusal\":\"2022-01-14T00:00:00.000Z\",\"Intended use\":\"Treatment of Leber’s hereditary optic neuropathy\",\"EU designation number\":\"EU/3/21/2571\",\"Status\":\"Positive\",\"First published date\":\"2022-06-16T00:00:00.000Z\",\"Last updated date\":null,\"Orphan designation URL\":\"https://www.ema.europa.eu/en/medicines/human/orphan-designations/eu-3-21-2571\"}","timestamp":"2025-07-25T17:05:47.060Z"}
{"level":"warn","message":"Skipping invalid key in record: ","timestamp":"2025-07-25T17:05:47.060Z"}
{"level":"warn","message":"Skipping invalid key in record: ","timestamp":"2025-07-25T17:05:47.060Z"}
{"level":"warn","message":"Skipping invalid key in record: ","timestamp":"2025-07-25T17:05:47.060Z"}
{"level":"warn","message":"Skipping invalid key in record: ","timestamp":"2025-07-25T17:05:47.061Z"}
{"level":"warn","message":"Skipping invalid key in record: ","timestamp":"2025-07-25T17:05:47.061Z"}
{"level":"warn","message":"Skipping invalid key in record: ","timestamp":"2025-07-25T17:05:47.061Z"}
{"level":"warn","message":"Skipping invalid key in record: ","timestamp":"2025-07-25T17:05:47.061Z"}
{"level":"warn","message":"Skipping invalid key in record: ","timestamp":"2025-07-25T17:05:47.061Z"}
{"level":"warn","message":"Skipping invalid key in record: ","timestamp":"2025-07-25T17:05:47.061Z"}
{"level":"warn","message":"Skipping invalid key in record: ","timestamp":"2025-07-25T17:05:47.062Z"}
{"level":"warn","message":"Skipping invalid key in record: ","timestamp":"2025-07-25T17:05:47.062Z"}
{"level":"warn","message":"Skipping invalid key in record: ","timestamp":"2025-07-25T17:05:47.062Z"}
{"level":"warn","message":"Skipping invalid key in record: ","timestamp":"2025-07-25T17:05:47.062Z"}
{"level":"warn","message":"Skipping invalid key in record: ","timestamp":"2025-07-25T17:05:47.062Z"}
{"level":"warn","message":"Skipping invalid key in record: ","timestamp":"2025-07-25T17:05:47.063Z"}
{"level":"warn","message":"Skipping invalid key in record: ","timestamp":"2025-07-25T17:05:47.063Z"}
{"level":"warn","message":"Skipping invalid key in record: ","timestamp":"2025-07-25T17:05:47.063Z"}
{"level":"warn","message":"Skipping invalid key in record: ","timestamp":"2025-07-25T17:05:47.063Z"}
{"level":"warn","message":"Skipping invalid key in record: ","timestamp":"2025-07-25T17:05:47.063Z"}
{"level":"warn","message":"Skipping invalid key in record: ","timestamp":"2025-07-25T17:05:47.063Z"}
{"level":"warn","message":"Skipping invalid key in record: ","timestamp":"2025-07-25T17:05:47.063Z"}
{"level":"warn","message":"Skipping invalid key in record: ","timestamp":"2025-07-25T17:05:47.063Z"}
{"level":"warn","message":"Skipping invalid key in record: ","timestamp":"2025-07-25T17:05:47.063Z"}
{"level":"warn","message":"Skipping invalid key in record: ","timestamp":"2025-07-25T17:05:47.063Z"}
{"level":"warn","message":"Skipping invalid key in record: ","timestamp":"2025-07-25T17:05:47.063Z"}
{"level":"warn","message":"Skipping invalid key in record: ","timestamp":"2025-07-25T17:05:47.064Z"}
{"level":"warn","message":"Skipping invalid key in record: ","timestamp":"2025-07-25T17:05:47.064Z"}
{"level":"warn","message":"Skipping invalid key in record: ","timestamp":"2025-07-25T17:05:47.064Z"}
{"level":"info","message":"CSV Headers: Medicine name,Related EMA product number,Active substance,Date of designation / refusal,Intended use,EU designation number,Status,First published date,Last updated date,Orphan designation URL,","timestamp":"2025-07-25T17:05:47.071Z"}
{"level":"warn","message":"Skipping invalid key in record: ","timestamp":"2025-07-25T17:05:47.071Z"}
{"level":"warn","message":"Skipping invalid key in record: ","timestamp":"2025-07-25T17:05:47.072Z"}
{"level":"warn","message":"Skipping invalid key in record: ","timestamp":"2025-07-25T17:05:47.072Z"}
{"level":"warn","message":"Skipping invalid key in record: ","timestamp":"2025-07-25T17:05:47.072Z"}
{"level":"warn","message":"Skipping invalid key in record: ","timestamp":"2025-07-25T17:05:47.072Z"}
{"level":"warn","message":"Skipping invalid key in record: ","timestamp":"2025-07-25T17:05:47.072Z"}
{"level":"warn","message":"Skipping invalid key in record: ","timestamp":"2025-07-25T17:05:47.073Z"}
{"level":"warn","message":"Skipping invalid key in record: ","timestamp":"2025-07-25T17:05:47.073Z"}
{"level":"warn","message":"Skipping invalid key in record: ","timestamp":"2025-07-25T17:05:47.073Z"}
{"level":"warn","message":"Skipping invalid key in record: ","timestamp":"2025-07-25T17:05:47.073Z"}
{"level":"warn","message":"Skipping invalid key in record: ","timestamp":"2025-07-25T17:05:47.073Z"}
{"level":"warn","message":"Skipping invalid key in record: ","timestamp":"2025-07-25T17:05:47.073Z"}
{"level":"warn","message":"Skipping invalid key in record: ","timestamp":"2025-07-25T17:05:47.073Z"}
{"level":"warn","message":"Skipping invalid key in record: ","timestamp":"2025-07-25T17:05:47.073Z"}
{"level":"warn","message":"Skipping invalid key in record: ","timestamp":"2025-07-25T17:05:47.074Z"}
{"level":"warn","message":"Skipping invalid key in record: ","timestamp":"2025-07-25T17:05:47.074Z"}
{"level":"warn","message":"Skipping invalid key in record: ","timestamp":"2025-07-25T17:05:47.074Z"}
{"level":"warn","message":"Skipping invalid key in record: ","timestamp":"2025-07-25T17:05:47.074Z"}
{"level":"warn","message":"Skipping invalid key in record: ","timestamp":"2025-07-25T17:05:47.074Z"}
{"level":"warn","message":"Skipping invalid key in record: ","timestamp":"2025-07-25T17:05:47.074Z"}
{"level":"warn","message":"Skipping invalid key in record: ","timestamp":"2025-07-25T17:05:47.074Z"}
{"level":"warn","message":"Skipping invalid key in record: ","timestamp":"2025-07-25T17:05:47.074Z"}
{"level":"warn","message":"Skipping invalid key in record: ","timestamp":"2025-07-25T17:05:47.074Z"}
{"level":"warn","message":"Skipping invalid key in record: ","timestamp":"2025-07-25T17:05:47.075Z"}
{"level":"warn","message":"Skipping invalid key in record: ","timestamp":"2025-07-25T17:05:47.075Z"}
{"level":"warn","message":"Skipping invalid key in record: ","timestamp":"2025-07-25T17:05:47.075Z"}
{"level":"warn","message":"Skipping invalid key in record: ","timestamp":"2025-07-25T17:05:47.075Z"}
{"level":"warn","message":"Skipping invalid key in record: ","timestamp":"2025-07-25T17:05:47.075Z"}
{"level":"warn","message":"Skipping invalid key in record: ","timestamp":"2025-07-25T17:05:47.075Z"}
{"level":"warn","message":"Skipping invalid key in record: ","timestamp":"2025-07-25T17:05:47.075Z"}
{"level":"warn","message":"Skipping invalid key in record: ","timestamp":"2025-07-25T17:05:47.075Z"}
{"level":"warn","message":"Skipping invalid key in record: ","timestamp":"2025-07-25T17:05:47.075Z"}
{"level":"warn","message":"Skipping invalid key in record: ","timestamp":"2025-07-25T17:05:47.076Z"}
{"level":"warn","message":"Skipping invalid key in record: ","timestamp":"2025-07-25T17:05:47.076Z"}
{"level":"warn","message":"Skipping invalid key in record: ","timestamp":"2025-07-25T17:05:47.076Z"}
{"level":"warn","message":"Skipping invalid key in record: ","timestamp":"2025-07-25T17:05:47.076Z"}
{"level":"warn","message":"Skipping invalid key in record: ","timestamp":"2025-07-25T17:05:47.076Z"}
{"level":"warn","message":"Skipping invalid key in record: ","timestamp":"2025-07-25T17:05:47.076Z"}
{"level":"warn","message":"Skipping invalid key in record: ","timestamp":"2025-07-25T17:05:47.076Z"}
{"level":"warn","message":"Skipping invalid key in record: ","timestamp":"2025-07-25T17:05:47.076Z"}
{"level":"warn","message":"Skipping invalid key in record: ","timestamp":"2025-07-25T17:05:47.077Z"}
{"level":"warn","message":"Skipping invalid key in record: ","timestamp":"2025-07-25T17:05:47.077Z"}
{"level":"warn","message":"Skipping invalid key in record: ","timestamp":"2025-07-25T17:05:47.077Z"}
{"level":"warn","message":"Skipping invalid key in record: ","timestamp":"2025-07-25T17:05:47.077Z"}
{"level":"warn","message":"Skipping invalid key in record: ","timestamp":"2025-07-25T17:05:47.077Z"}
{"level":"warn","message":"Skipping invalid key in record: ","timestamp":"2025-07-25T17:05:47.077Z"}
{"level":"warn","message":"Skipping invalid key in record: ","timestamp":"2025-07-25T17:05:47.077Z"}
{"level":"warn","message":"Skipping invalid key in record: ","timestamp":"2025-07-25T17:05:47.078Z"}
{"level":"warn","message":"Skipping invalid key in record: ","timestamp":"2025-07-25T17:05:47.078Z"}
{"level":"warn","message":"Skipping invalid key in record: ","timestamp":"2025-07-25T17:05:47.078Z"}
{"level":"warn","message":"Skipping invalid key in record: ","timestamp":"2025-07-25T17:05:47.078Z"}
{"level":"warn","message":"Skipping invalid key in record: ","timestamp":"2025-07-25T17:05:47.078Z"}
{"level":"info","message":"CSV Headers: Medicine name,Related EMA product number,Active substance,Date of designation / refusal,Intended use,EU designation number,Status,First published date,Last updated date,Orphan designation URL,","timestamp":"2025-07-25T17:05:47.085Z"}
{"level":"warn","message":"Skipping invalid key in record: ","timestamp":"2025-07-25T17:05:47.086Z"}
{"level":"warn","message":"Skipping invalid key in record: ","timestamp":"2025-07-25T17:05:47.086Z"}
{"level":"warn","message":"Skipping invalid key in record: ","timestamp":"2025-07-25T17:05:47.086Z"}
{"level":"warn","message":"Skipping invalid key in record: ","timestamp":"2025-07-25T17:05:47.086Z"}
{"level":"warn","message":"Skipping invalid key in record: ","timestamp":"2025-07-25T17:05:47.086Z"}
{"level":"warn","message":"Skipping invalid key in record: ","timestamp":"2025-07-25T17:05:47.087Z"}
{"level":"warn","message":"Skipping invalid key in record: ","timestamp":"2025-07-25T17:05:47.087Z"}
{"level":"warn","message":"Skipping invalid key in record: ","timestamp":"2025-07-25T17:05:47.087Z"}
{"level":"warn","message":"Skipping invalid key in record: ","timestamp":"2025-07-25T17:05:47.087Z"}
{"level":"warn","message":"Skipping invalid key in record: ","timestamp":"2025-07-25T17:05:47.087Z"}
{"level":"warn","message":"Skipping invalid key in record: ","timestamp":"2025-07-25T17:05:47.088Z"}
{"level":"warn","message":"Skipping invalid key in record: ","timestamp":"2025-07-25T17:05:47.088Z"}
{"level":"warn","message":"Skipping invalid key in record: ","timestamp":"2025-07-25T17:05:47.088Z"}
{"level":"warn","message":"Skipping invalid key in record: ","timestamp":"2025-07-25T17:05:47.088Z"}
{"level":"warn","message":"Skipping invalid key in record: ","timestamp":"2025-07-25T17:05:47.088Z"}
{"level":"warn","message":"Skipping invalid key in record: ","timestamp":"2025-07-25T17:05:47.088Z"}
{"level":"warn","message":"Skipping invalid key in record: ","timestamp":"2025-07-25T17:05:47.088Z"}
{"level":"warn","message":"Skipping invalid key in record: ","timestamp":"2025-07-25T17:05:47.088Z"}
{"level":"warn","message":"Skipping invalid key in record: ","timestamp":"2025-07-25T17:05:47.089Z"}
{"level":"warn","message":"Skipping invalid key in record: ","timestamp":"2025-07-25T17:05:47.089Z"}
{"level":"warn","message":"Skipping invalid key in record: ","timestamp":"2025-07-25T17:05:47.089Z"}
{"level":"warn","message":"Skipping invalid key in record: ","timestamp":"2025-07-25T17:05:47.089Z"}
{"level":"warn","message":"Skipping invalid key in record: ","timestamp":"2025-07-25T17:05:47.089Z"}
{"level":"warn","message":"Skipping invalid key in record: ","timestamp":"2025-07-25T17:05:47.089Z"}
{"level":"warn","message":"Skipping invalid key in record: ","timestamp":"2025-07-25T17:05:47.089Z"}
{"level":"warn","message":"Skipping invalid key in record: ","timestamp":"2025-07-25T17:05:47.089Z"}
{"level":"warn","message":"Skipping invalid key in record: ","timestamp":"2025-07-25T17:05:47.090Z"}
{"level":"warn","message":"Skipping invalid key in record: ","timestamp":"2025-07-25T17:05:47.090Z"}
{"level":"warn","message":"Skipping invalid key in record: ","timestamp":"2025-07-25T17:05:47.090Z"}
{"level":"warn","message":"Skipping invalid key in record: ","timestamp":"2025-07-25T17:05:47.090Z"}
{"level":"warn","message":"Skipping invalid key in record: ","timestamp":"2025-07-25T17:05:47.090Z"}
{"level":"warn","message":"Skipping invalid key in record: ","timestamp":"2025-07-25T17:05:47.090Z"}
{"level":"warn","message":"Skipping invalid key in record: ","timestamp":"2025-07-25T17:05:47.090Z"}
{"level":"warn","message":"Skipping invalid key in record: ","timestamp":"2025-07-25T17:05:47.090Z"}
{"level":"warn","message":"Skipping invalid key in record: ","timestamp":"2025-07-25T17:05:47.090Z"}
{"level":"warn","message":"Skipping invalid key in record: ","timestamp":"2025-07-25T17:05:47.090Z"}
{"level":"warn","message":"Skipping invalid key in record: ","timestamp":"2025-07-25T17:05:47.091Z"}
{"level":"warn","message":"Skipping invalid key in record: ","timestamp":"2025-07-25T17:05:47.091Z"}
{"level":"warn","message":"Skipping invalid key in record: ","timestamp":"2025-07-25T17:05:47.091Z"}
{"level":"warn","message":"Skipping invalid key in record: ","timestamp":"2025-07-25T17:05:47.091Z"}
{"level":"warn","message":"Skipping invalid key in record: ","timestamp":"2025-07-25T17:05:47.091Z"}
{"level":"warn","message":"Skipping invalid key in record: ","timestamp":"2025-07-25T17:05:47.091Z"}
{"level":"warn","message":"Skipping invalid key in record: ","timestamp":"2025-07-25T17:05:47.091Z"}
{"level":"warn","message":"Skipping invalid key in record: ","timestamp":"2025-07-25T17:05:47.091Z"}
{"level":"warn","message":"Skipping invalid key in record: ","timestamp":"2025-07-25T17:05:47.091Z"}
{"level":"warn","message":"Skipping invalid key in record: ","timestamp":"2025-07-25T17:05:47.091Z"}
{"level":"warn","message":"Skipping invalid key in record: ","timestamp":"2025-07-25T17:05:47.092Z"}
{"level":"warn","message":"Skipping invalid key in record: ","timestamp":"2025-07-25T17:05:47.092Z"}
{"level":"warn","message":"Skipping invalid key in record: ","timestamp":"2025-07-25T17:05:47.092Z"}
{"level":"warn","message":"Skipping invalid key in record: ","timestamp":"2025-07-25T17:05:47.092Z"}
{"level":"warn","message":"Skipping invalid key in record: ","timestamp":"2025-07-25T17:05:47.092Z"}
{"level":"warn","message":"Skipping invalid key in record: ","timestamp":"2025-07-25T17:05:47.092Z"}
{"level":"info","message":"CSV Headers: Medicine name,Related EMA product number,Active substance,Date of designation / refusal,Intended use,EU designation number,Status,First published date,Last updated date,Orphan designation URL,","timestamp":"2025-07-25T17:05:47.101Z"}
{"level":"warn","message":"Skipping invalid key in record: ","timestamp":"2025-07-25T17:05:47.101Z"}
{"level":"warn","message":"Skipping invalid key in record: ","timestamp":"2025-07-25T17:05:47.101Z"}
{"level":"warn","message":"Skipping invalid key in record: ","timestamp":"2025-07-25T17:05:47.101Z"}
{"level":"warn","message":"Skipping invalid key in record: ","timestamp":"2025-07-25T17:05:47.102Z"}
{"level":"warn","message":"Skipping invalid key in record: ","timestamp":"2025-07-25T17:05:47.102Z"}
{"level":"warn","message":"Skipping invalid key in record: ","timestamp":"2025-07-25T17:05:47.102Z"}
{"level":"warn","message":"Skipping invalid key in record: ","timestamp":"2025-07-25T17:05:47.102Z"}
{"level":"warn","message":"Skipping invalid key in record: ","timestamp":"2025-07-25T17:05:47.102Z"}
{"level":"warn","message":"Skipping invalid key in record: ","timestamp":"2025-07-25T17:05:47.102Z"}
{"level":"warn","message":"Skipping invalid key in record: ","timestamp":"2025-07-25T17:05:47.103Z"}
{"level":"warn","message":"Skipping invalid key in record: ","timestamp":"2025-07-25T17:05:47.103Z"}
{"level":"warn","message":"Skipping invalid key in record: ","timestamp":"2025-07-25T17:05:47.103Z"}
{"level":"warn","message":"Skipping invalid key in record: ","timestamp":"2025-07-25T17:05:47.103Z"}
{"level":"warn","message":"Skipping invalid key in record: ","timestamp":"2025-07-25T17:05:47.103Z"}
{"level":"warn","message":"Skipping invalid key in record: ","timestamp":"2025-07-25T17:05:47.103Z"}
{"level":"warn","message":"Skipping invalid key in record: ","timestamp":"2025-07-25T17:05:47.103Z"}
{"level":"warn","message":"Skipping invalid key in record: ","timestamp":"2025-07-25T17:05:47.104Z"}
{"level":"warn","message":"Skipping invalid key in record: ","timestamp":"2025-07-25T17:05:47.104Z"}
{"level":"warn","message":"Skipping invalid key in record: ","timestamp":"2025-07-25T17:05:47.104Z"}
{"level":"warn","message":"Skipping invalid key in record: ","timestamp":"2025-07-25T17:05:47.104Z"}
{"level":"warn","message":"Skipping invalid key in record: ","timestamp":"2025-07-25T17:05:47.104Z"}
{"level":"warn","message":"Skipping invalid key in record: ","timestamp":"2025-07-25T17:05:47.104Z"}
{"level":"warn","message":"Skipping invalid key in record: ","timestamp":"2025-07-25T17:05:47.104Z"}
{"level":"warn","message":"Skipping invalid key in record: ","timestamp":"2025-07-25T17:05:47.104Z"}
{"level":"warn","message":"Skipping invalid key in record: ","timestamp":"2025-07-25T17:05:47.105Z"}
{"level":"warn","message":"Skipping invalid key in record: ","timestamp":"2025-07-25T17:05:47.105Z"}
{"level":"warn","message":"Skipping invalid key in record: ","timestamp":"2025-07-25T17:05:47.105Z"}
{"level":"warn","message":"Skipping invalid key in record: ","timestamp":"2025-07-25T17:05:47.105Z"}
{"level":"warn","message":"Skipping invalid key in record: ","timestamp":"2025-07-25T17:05:47.105Z"}
{"level":"warn","message":"Skipping invalid key in record: ","timestamp":"2025-07-25T17:05:47.105Z"}
{"level":"warn","message":"Skipping invalid key in record: ","timestamp":"2025-07-25T17:05:47.106Z"}
{"level":"warn","message":"Skipping invalid key in record: ","timestamp":"2025-07-25T17:05:47.106Z"}
{"level":"warn","message":"Skipping invalid key in record: ","timestamp":"2025-07-25T17:05:47.106Z"}
{"level":"warn","message":"Skipping invalid key in record: ","timestamp":"2025-07-25T17:05:47.106Z"}
{"level":"warn","message":"Skipping invalid key in record: ","timestamp":"2025-07-25T17:05:47.106Z"}
{"level":"warn","message":"Skipping invalid key in record: ","timestamp":"2025-07-25T17:05:47.106Z"}
{"level":"warn","message":"Skipping record with missing or invalid Active substance: {\"Medicine name\":null,\"Related EMA product number\":null,\"Active substance\":null,\"Date of designation / refusal\":\"2021-02-19T00:00:00.000Z\",\"Intended use\":\"Treatment of leishmaniasis\",\"EU designation number\":\"EU/3/21/2404\",\"Status\":\"Positive\",\"First published date\":\"2022-02-22T00:00:00.000Z\",\"Last updated date\":null,\"Orphan designation URL\":\"https://www.ema.europa.eu/en/medicines/human/orphan-designations/eu-3-21-2404\"}","timestamp":"2025-07-25T17:05:47.106Z"}
{"level":"warn","message":"Skipping invalid key in record: ","timestamp":"2025-07-25T17:05:47.106Z"}
{"level":"warn","message":"Skipping invalid key in record: ","timestamp":"2025-07-25T17:05:47.106Z"}
{"level":"warn","message":"Skipping invalid key in record: ","timestamp":"2025-07-25T17:05:47.106Z"}
{"level":"warn","message":"Skipping record with missing or invalid Active substance: {\"Medicine name\":null,\"Related EMA product number\":null,\"Active substance\":null,\"Date of designation / refusal\":\"2021-02-19T00:00:00.000Z\",\"Intended use\":\"Treatment of paroxysmal nocturnal haemoglobinuria\",\"EU designation number\":\"EU/3/21/2401\",\"Status\":\"Positive\",\"First published date\":\"2022-02-22T00:00:00.000Z\",\"Last updated date\":null,\"Orphan designation URL\":\"https://www.ema.europa.eu/en/medicines/human/orphan-designations/eu-3-21-2401\"}","timestamp":"2025-07-25T17:05:47.107Z"}
{"level":"warn","message":"Skipping invalid key in record: ","timestamp":"2025-07-25T17:05:47.107Z"}
{"level":"warn","message":"Skipping invalid key in record: ","timestamp":"2025-07-25T17:05:47.107Z"}
{"level":"warn","message":"Skipping invalid key in record: ","timestamp":"2025-07-25T17:05:47.107Z"}
{"level":"warn","message":"Skipping invalid key in record: ","timestamp":"2025-07-25T17:05:47.107Z"}
{"level":"warn","message":"Skipping invalid key in record: ","timestamp":"2025-07-25T17:05:47.107Z"}
{"level":"warn","message":"Skipping invalid key in record: ","timestamp":"2025-07-25T17:05:47.107Z"}
{"level":"warn","message":"Skipping invalid key in record: ","timestamp":"2025-07-25T17:05:47.107Z"}
{"level":"warn","message":"Skipping invalid key in record: ","timestamp":"2025-07-25T17:05:47.107Z"}
{"level":"warn","message":"Skipping invalid key in record: ","timestamp":"2025-07-25T17:05:47.107Z"}
{"level":"warn","message":"Skipping invalid key in record: ","timestamp":"2025-07-25T17:05:47.107Z"}
{"level":"warn","message":"Skipping invalid key in record: ","timestamp":"2025-07-25T17:05:47.108Z"}
{"level":"warn","message":"Skipping invalid key in record: ","timestamp":"2025-07-25T17:05:47.108Z"}
{"level":"warn","message":"Skipping invalid key in record: ","timestamp":"2025-07-25T17:05:47.108Z"}
{"level":"warn","message":"Skipping invalid key in record: ","timestamp":"2025-07-25T17:05:47.108Z"}
{"level":"info","message":"CSV Headers: Medicine name,Related EMA product number,Active substance,Date of designation / refusal,Intended use,EU designation number,Status,First published date,Last updated date,Orphan designation URL,","timestamp":"2025-07-25T17:05:47.115Z"}
{"level":"warn","message":"Skipping invalid key in record: ","timestamp":"2025-07-25T17:05:47.116Z"}
{"level":"warn","message":"Skipping invalid key in record: ","timestamp":"2025-07-25T17:05:47.116Z"}
{"level":"warn","message":"Skipping invalid key in record: ","timestamp":"2025-07-25T17:05:47.116Z"}
{"level":"warn","message":"Skipping invalid key in record: ","timestamp":"2025-07-25T17:05:47.116Z"}
{"level":"warn","message":"Skipping invalid key in record: ","timestamp":"2025-07-25T17:05:47.116Z"}
{"level":"warn","message":"Skipping invalid key in record: ","timestamp":"2025-07-25T17:05:47.116Z"}
{"level":"warn","message":"Skipping invalid key in record: ","timestamp":"2025-07-25T17:05:47.117Z"}
{"level":"warn","message":"Skipping invalid key in record: ","timestamp":"2025-07-25T17:05:47.117Z"}
{"level":"warn","message":"Skipping invalid key in record: ","timestamp":"2025-07-25T17:05:47.117Z"}
{"level":"warn","message":"Skipping invalid key in record: ","timestamp":"2025-07-25T17:05:47.117Z"}
{"level":"warn","message":"Skipping invalid key in record: ","timestamp":"2025-07-25T17:05:47.117Z"}
{"level":"warn","message":"Skipping invalid key in record: ","timestamp":"2025-07-25T17:05:47.117Z"}
{"level":"warn","message":"Skipping invalid key in record: ","timestamp":"2025-07-25T17:05:47.117Z"}
{"level":"warn","message":"Skipping invalid key in record: ","timestamp":"2025-07-25T17:05:47.117Z"}
{"level":"warn","message":"Skipping invalid key in record: ","timestamp":"2025-07-25T17:05:47.117Z"}
{"level":"warn","message":"Skipping invalid key in record: ","timestamp":"2025-07-25T17:05:47.117Z"}
{"level":"warn","message":"Skipping invalid key in record: ","timestamp":"2025-07-25T17:05:47.117Z"}
{"level":"warn","message":"Skipping invalid key in record: ","timestamp":"2025-07-25T17:05:47.118Z"}
{"level":"warn","message":"Skipping invalid key in record: ","timestamp":"2025-07-25T17:05:47.118Z"}
{"level":"warn","message":"Skipping invalid key in record: ","timestamp":"2025-07-25T17:05:47.118Z"}
{"level":"warn","message":"Skipping invalid key in record: ","timestamp":"2025-07-25T17:05:47.118Z"}
{"level":"warn","message":"Skipping invalid key in record: ","timestamp":"2025-07-25T17:05:47.118Z"}
{"level":"warn","message":"Skipping invalid key in record: ","timestamp":"2025-07-25T17:05:47.118Z"}
{"level":"warn","message":"Skipping invalid key in record: ","timestamp":"2025-07-25T17:05:47.118Z"}
{"level":"warn","message":"Skipping invalid key in record: ","timestamp":"2025-07-25T17:05:47.118Z"}
{"level":"warn","message":"Skipping invalid key in record: ","timestamp":"2025-07-25T17:05:47.118Z"}
{"level":"warn","message":"Skipping invalid key in record: ","timestamp":"2025-07-25T17:05:47.118Z"}
{"level":"warn","message":"Skipping invalid key in record: ","timestamp":"2025-07-25T17:05:47.118Z"}
{"level":"warn","message":"Skipping invalid key in record: ","timestamp":"2025-07-25T17:05:47.119Z"}
{"level":"warn","message":"Skipping invalid key in record: ","timestamp":"2025-07-25T17:05:47.119Z"}
{"level":"warn","message":"Skipping invalid key in record: ","timestamp":"2025-07-25T17:05:47.119Z"}
{"level":"warn","message":"Skipping invalid key in record: ","timestamp":"2025-07-25T17:05:47.119Z"}
{"level":"warn","message":"Skipping invalid key in record: ","timestamp":"2025-07-25T17:05:47.119Z"}
{"level":"warn","message":"Skipping invalid key in record: ","timestamp":"2025-07-25T17:05:47.119Z"}
{"level":"warn","message":"Skipping invalid key in record: ","timestamp":"2025-07-25T17:05:47.119Z"}
{"level":"warn","message":"Skipping invalid key in record: ","timestamp":"2025-07-25T17:05:47.119Z"}
{"level":"warn","message":"Skipping invalid key in record: ","timestamp":"2025-07-25T17:05:47.119Z"}
{"level":"warn","message":"Skipping invalid key in record: ","timestamp":"2025-07-25T17:05:47.119Z"}
{"level":"warn","message":"Skipping invalid key in record: ","timestamp":"2025-07-25T17:05:47.119Z"}
{"level":"warn","message":"Skipping invalid key in record: ","timestamp":"2025-07-25T17:05:47.120Z"}
{"level":"warn","message":"Skipping invalid key in record: ","timestamp":"2025-07-25T17:05:47.120Z"}
{"level":"warn","message":"Skipping invalid key in record: ","timestamp":"2025-07-25T17:05:47.120Z"}
{"level":"warn","message":"Skipping invalid key in record: ","timestamp":"2025-07-25T17:05:47.120Z"}
{"level":"warn","message":"Skipping invalid key in record: ","timestamp":"2025-07-25T17:05:47.120Z"}
{"level":"warn","message":"Skipping invalid key in record: ","timestamp":"2025-07-25T17:05:47.120Z"}
{"level":"warn","message":"Skipping invalid key in record: ","timestamp":"2025-07-25T17:05:47.120Z"}
{"level":"warn","message":"Skipping invalid key in record: ","timestamp":"2025-07-25T17:05:47.120Z"}
{"level":"warn","message":"Skipping invalid key in record: ","timestamp":"2025-07-25T17:05:47.120Z"}
{"level":"warn","message":"Skipping invalid key in record: ","timestamp":"2025-07-25T17:05:47.120Z"}
{"level":"warn","message":"Skipping invalid key in record: ","timestamp":"2025-07-25T17:05:47.120Z"}
{"level":"warn","message":"Skipping invalid key in record: ","timestamp":"2025-07-25T17:05:47.120Z"}
{"level":"warn","message":"Skipping invalid key in record: ","timestamp":"2025-07-25T17:05:47.121Z"}
{"level":"info","message":"CSV Headers: Medicine name,Related EMA product number,Active substance,Date of designation / refusal,Intended use,EU designation number,Status,First published date,Last updated date,Orphan designation URL,","timestamp":"2025-07-25T17:05:47.128Z"}
{"level":"warn","message":"Skipping invalid key in record: ","timestamp":"2025-07-25T17:05:47.128Z"}
{"level":"warn","message":"Skipping invalid key in record: ","timestamp":"2025-07-25T17:05:47.128Z"}
{"level":"warn","message":"Skipping invalid key in record: ","timestamp":"2025-07-25T17:05:47.128Z"}
{"level":"warn","message":"Skipping invalid key in record: ","timestamp":"2025-07-25T17:05:47.128Z"}
{"level":"warn","message":"Skipping invalid key in record: ","timestamp":"2025-07-25T17:05:47.128Z"}
{"level":"warn","message":"Skipping invalid key in record: ","timestamp":"2025-07-25T17:05:47.128Z"}
{"level":"warn","message":"Skipping invalid key in record: ","timestamp":"2025-07-25T17:05:47.129Z"}
{"level":"warn","message":"Skipping invalid key in record: ","timestamp":"2025-07-25T17:05:47.129Z"}
{"level":"warn","message":"Skipping invalid key in record: ","timestamp":"2025-07-25T17:05:47.129Z"}
{"level":"warn","message":"Skipping invalid key in record: ","timestamp":"2025-07-25T17:05:47.129Z"}
{"level":"warn","message":"Skipping invalid key in record: ","timestamp":"2025-07-25T17:05:47.129Z"}
{"level":"warn","message":"Skipping invalid key in record: ","timestamp":"2025-07-25T17:05:47.129Z"}
{"level":"warn","message":"Skipping invalid key in record: ","timestamp":"2025-07-25T17:05:47.129Z"}
{"level":"warn","message":"Skipping invalid key in record: ","timestamp":"2025-07-25T17:05:47.129Z"}
{"level":"warn","message":"Skipping invalid key in record: ","timestamp":"2025-07-25T17:05:47.129Z"}
{"level":"warn","message":"Skipping invalid key in record: ","timestamp":"2025-07-25T17:05:47.129Z"}
{"level":"warn","message":"Skipping invalid key in record: ","timestamp":"2025-07-25T17:05:47.129Z"}
{"level":"warn","message":"Skipping invalid key in record: ","timestamp":"2025-07-25T17:05:47.130Z"}
{"level":"warn","message":"Skipping invalid key in record: ","timestamp":"2025-07-25T17:05:47.130Z"}
{"level":"warn","message":"Skipping invalid key in record: ","timestamp":"2025-07-25T17:05:47.130Z"}
{"level":"warn","message":"Skipping invalid key in record: ","timestamp":"2025-07-25T17:05:47.130Z"}
{"level":"warn","message":"Skipping invalid key in record: ","timestamp":"2025-07-25T17:05:47.130Z"}
{"level":"warn","message":"Skipping invalid key in record: ","timestamp":"2025-07-25T17:05:47.130Z"}
{"level":"warn","message":"Skipping invalid key in record: ","timestamp":"2025-07-25T17:05:47.130Z"}
{"level":"warn","message":"Skipping invalid key in record: ","timestamp":"2025-07-25T17:05:47.130Z"}
{"level":"warn","message":"Skipping invalid key in record: ","timestamp":"2025-07-25T17:05:47.130Z"}
{"level":"warn","message":"Skipping invalid key in record: ","timestamp":"2025-07-25T17:05:47.130Z"}
{"level":"warn","message":"Skipping record with missing or invalid Active substance: {\"Medicine name\":null,\"Related EMA product number\":null,\"Active substance\":null,\"Date of designation / refusal\":\"2021-07-19T00:00:00.000Z\",\"Intended use\":\"Treatment of chronic myeloid leukaemia\",\"EU designation number\":\"EU/3/21/2469\",\"Status\":\"Positive\",\"First published date\":\"2021-11-12T00:00:00.000Z\",\"Last updated date\":null,\"Orphan designation URL\":\"https://www.ema.europa.eu/en/medicines/human/orphan-designations/eu-3-21-2469\"}","timestamp":"2025-07-25T17:05:47.130Z"}
{"level":"warn","message":"Skipping invalid key in record: ","timestamp":"2025-07-25T17:05:47.131Z"}
{"level":"warn","message":"Skipping invalid key in record: ","timestamp":"2025-07-25T17:05:47.131Z"}
{"level":"warn","message":"Skipping invalid key in record: ","timestamp":"2025-07-25T17:05:47.131Z"}
{"level":"warn","message":"Skipping invalid key in record: ","timestamp":"2025-07-25T17:05:47.131Z"}
{"level":"warn","message":"Skipping invalid key in record: ","timestamp":"2025-07-25T17:05:47.131Z"}
{"level":"warn","message":"Skipping invalid key in record: ","timestamp":"2025-07-25T17:05:47.131Z"}
{"level":"warn","message":"Skipping invalid key in record: ","timestamp":"2025-07-25T17:05:47.131Z"}
{"level":"warn","message":"Skipping invalid key in record: ","timestamp":"2025-07-25T17:05:47.131Z"}
{"level":"warn","message":"Skipping invalid key in record: ","timestamp":"2025-07-25T17:05:47.131Z"}
{"level":"warn","message":"Skipping invalid key in record: ","timestamp":"2025-07-25T17:05:47.131Z"}
{"level":"warn","message":"Skipping invalid key in record: ","timestamp":"2025-07-25T17:05:47.132Z"}
{"level":"warn","message":"Skipping invalid key in record: ","timestamp":"2025-07-25T17:05:47.132Z"}
{"level":"warn","message":"Skipping invalid key in record: ","timestamp":"2025-07-25T17:05:47.132Z"}
{"level":"warn","message":"Skipping invalid key in record: ","timestamp":"2025-07-25T17:05:47.132Z"}
{"level":"warn","message":"Skipping invalid key in record: ","timestamp":"2025-07-25T17:05:47.132Z"}
{"level":"warn","message":"Skipping invalid key in record: ","timestamp":"2025-07-25T17:05:47.132Z"}
{"level":"warn","message":"Skipping invalid key in record: ","timestamp":"2025-07-25T17:05:47.132Z"}
{"level":"warn","message":"Skipping invalid key in record: ","timestamp":"2025-07-25T17:05:47.132Z"}
{"level":"warn","message":"Skipping invalid key in record: ","timestamp":"2025-07-25T17:05:47.132Z"}
{"level":"warn","message":"Skipping invalid key in record: ","timestamp":"2025-07-25T17:05:47.133Z"}
{"level":"warn","message":"Skipping invalid key in record: ","timestamp":"2025-07-25T17:05:47.133Z"}
{"level":"warn","message":"Skipping invalid key in record: ","timestamp":"2025-07-25T17:05:47.133Z"}
{"level":"warn","message":"Skipping invalid key in record: ","timestamp":"2025-07-25T17:05:47.133Z"}
{"level":"warn","message":"Skipping invalid key in record: ","timestamp":"2025-07-25T17:05:47.133Z"}
{"level":"warn","message":"Skipping invalid key in record: ","timestamp":"2025-07-25T17:05:47.133Z"}
{"level":"info","message":"CSV Headers: Medicine name,Related EMA product number,Active substance,Date of designation / refusal,Intended use,EU designation number,Status,First published date,Last updated date,Orphan designation URL,","timestamp":"2025-07-25T17:05:47.143Z"}
{"level":"warn","message":"Skipping invalid key in record: ","timestamp":"2025-07-25T17:05:47.143Z"}
{"level":"warn","message":"Skipping invalid key in record: ","timestamp":"2025-07-25T17:05:47.143Z"}
{"level":"warn","message":"Skipping invalid key in record: ","timestamp":"2025-07-25T17:05:47.143Z"}
{"level":"warn","message":"Skipping invalid key in record: ","timestamp":"2025-07-25T17:05:47.143Z"}
{"level":"warn","message":"Skipping invalid key in record: ","timestamp":"2025-07-25T17:05:47.143Z"}
{"level":"warn","message":"Skipping invalid key in record: ","timestamp":"2025-07-25T17:05:47.143Z"}
{"level":"warn","message":"Skipping invalid key in record: ","timestamp":"2025-07-25T17:05:47.143Z"}
{"level":"warn","message":"Skipping invalid key in record: ","timestamp":"2025-07-25T17:05:47.144Z"}
{"level":"warn","message":"Skipping invalid key in record: ","timestamp":"2025-07-25T17:05:47.144Z"}
{"level":"warn","message":"Skipping invalid key in record: ","timestamp":"2025-07-25T17:05:47.144Z"}
{"level":"warn","message":"Skipping invalid key in record: ","timestamp":"2025-07-25T17:05:47.144Z"}
{"level":"warn","message":"Skipping invalid key in record: ","timestamp":"2025-07-25T17:05:47.144Z"}
{"level":"warn","message":"Skipping invalid key in record: ","timestamp":"2025-07-25T17:05:47.144Z"}
{"level":"warn","message":"Skipping invalid key in record: ","timestamp":"2025-07-25T17:05:47.144Z"}
{"level":"warn","message":"Skipping invalid key in record: ","timestamp":"2025-07-25T17:05:47.144Z"}
{"level":"warn","message":"Skipping invalid key in record: ","timestamp":"2025-07-25T17:05:47.144Z"}
{"level":"warn","message":"Skipping invalid key in record: ","timestamp":"2025-07-25T17:05:47.144Z"}
{"level":"warn","message":"Skipping invalid key in record: ","timestamp":"2025-07-25T17:05:47.144Z"}
{"level":"warn","message":"Skipping invalid key in record: ","timestamp":"2025-07-25T17:05:47.145Z"}
{"level":"warn","message":"Skipping invalid key in record: ","timestamp":"2025-07-25T17:05:47.145Z"}
{"level":"warn","message":"Skipping invalid key in record: ","timestamp":"2025-07-25T17:05:47.145Z"}
{"level":"warn","message":"Skipping invalid key in record: ","timestamp":"2025-07-25T17:05:47.145Z"}
{"level":"warn","message":"Skipping invalid key in record: ","timestamp":"2025-07-25T17:05:47.145Z"}
{"level":"warn","message":"Skipping invalid key in record: ","timestamp":"2025-07-25T17:05:47.145Z"}
{"level":"warn","message":"Skipping invalid key in record: ","timestamp":"2025-07-25T17:05:47.145Z"}
{"level":"warn","message":"Skipping invalid key in record: ","timestamp":"2025-07-25T17:05:47.145Z"}
{"level":"warn","message":"Skipping invalid key in record: ","timestamp":"2025-07-25T17:05:47.145Z"}
{"level":"warn","message":"Skipping invalid key in record: ","timestamp":"2025-07-25T17:05:47.145Z"}
{"level":"warn","message":"Skipping invalid key in record: ","timestamp":"2025-07-25T17:05:47.145Z"}
{"level":"warn","message":"Skipping invalid key in record: ","timestamp":"2025-07-25T17:05:47.145Z"}
{"level":"warn","message":"Skipping invalid key in record: ","timestamp":"2025-07-25T17:05:47.146Z"}
{"level":"warn","message":"Skipping invalid key in record: ","timestamp":"2025-07-25T17:05:47.146Z"}
{"level":"warn","message":"Skipping invalid key in record: ","timestamp":"2025-07-25T17:05:47.146Z"}
{"level":"warn","message":"Skipping invalid key in record: ","timestamp":"2025-07-25T17:05:47.146Z"}
{"level":"warn","message":"Skipping invalid key in record: ","timestamp":"2025-07-25T17:05:47.146Z"}
{"level":"warn","message":"Skipping invalid key in record: ","timestamp":"2025-07-25T17:05:47.146Z"}
{"level":"warn","message":"Skipping invalid key in record: ","timestamp":"2025-07-25T17:05:47.146Z"}
{"level":"warn","message":"Skipping invalid key in record: ","timestamp":"2025-07-25T17:05:47.146Z"}
{"level":"warn","message":"Skipping invalid key in record: ","timestamp":"2025-07-25T17:05:47.146Z"}
{"level":"warn","message":"Skipping invalid key in record: ","timestamp":"2025-07-25T17:05:47.147Z"}
{"level":"warn","message":"Skipping invalid key in record: ","timestamp":"2025-07-25T17:05:47.147Z"}
{"level":"warn","message":"Skipping invalid key in record: ","timestamp":"2025-07-25T17:05:47.147Z"}
{"level":"warn","message":"Skipping invalid key in record: ","timestamp":"2025-07-25T17:05:47.147Z"}
{"level":"warn","message":"Skipping invalid key in record: ","timestamp":"2025-07-25T17:05:47.147Z"}
{"level":"warn","message":"Skipping invalid key in record: ","timestamp":"2025-07-25T17:05:47.147Z"}
{"level":"warn","message":"Skipping invalid key in record: ","timestamp":"2025-07-25T17:05:47.147Z"}
{"level":"warn","message":"Skipping invalid key in record: ","timestamp":"2025-07-25T17:05:47.147Z"}
{"level":"warn","message":"Skipping invalid key in record: ","timestamp":"2025-07-25T17:05:47.147Z"}
{"level":"warn","message":"Skipping invalid key in record: ","timestamp":"2025-07-25T17:05:47.147Z"}
{"level":"warn","message":"Skipping invalid key in record: ","timestamp":"2025-07-25T17:05:47.148Z"}
{"level":"warn","message":"Skipping invalid key in record: ","timestamp":"2025-07-25T17:05:47.148Z"}
{"level":"info","message":"CSV Headers: Medicine name,Related EMA product number,Active substance,Date of designation / refusal,Intended use,EU designation number,Status,First published date,Last updated date,Orphan designation URL,","timestamp":"2025-07-25T17:05:47.155Z"}
{"level":"warn","message":"Skipping invalid key in record: ","timestamp":"2025-07-25T17:05:47.156Z"}
{"level":"warn","message":"Skipping invalid key in record: ","timestamp":"2025-07-25T17:05:47.156Z"}
{"level":"warn","message":"Skipping invalid key in record: ","timestamp":"2025-07-25T17:05:47.156Z"}
{"level":"warn","message":"Skipping invalid key in record: ","timestamp":"2025-07-25T17:05:47.156Z"}
{"level":"warn","message":"Skipping invalid key in record: ","timestamp":"2025-07-25T17:05:47.156Z"}
{"level":"warn","message":"Skipping invalid key in record: ","timestamp":"2025-07-25T17:05:47.156Z"}
{"level":"warn","message":"Skipping invalid key in record: ","timestamp":"2025-07-25T17:05:47.156Z"}
{"level":"warn","message":"Skipping invalid key in record: ","timestamp":"2025-07-25T17:05:47.156Z"}
{"level":"warn","message":"Skipping invalid key in record: ","timestamp":"2025-07-25T17:05:47.156Z"}
{"level":"warn","message":"Skipping invalid key in record: ","timestamp":"2025-07-25T17:05:47.156Z"}
{"level":"warn","message":"Skipping invalid key in record: ","timestamp":"2025-07-25T17:05:47.156Z"}
{"level":"warn","message":"Skipping invalid key in record: ","timestamp":"2025-07-25T17:05:47.156Z"}
{"level":"warn","message":"Skipping invalid key in record: ","timestamp":"2025-07-25T17:05:47.157Z"}
{"level":"warn","message":"Skipping record with missing or invalid Active substance: {\"Medicine name\":\"Hepcludex\",\"Related EMA product number\":\"EMEA/H/C/004854\",\"Active substance\":null,\"Date of designation / refusal\":\"2015-06-19T00:00:00.000Z\",\"Intended use\":\"Treatment of hepatitis delta virus infection\",\"EU designation number\":\"EU/3/15/1500\",\"Status\":\"Positive\",\"First published date\":\"2015-07-27T00:00:00.000Z\",\"Last updated date\":\"2021-06-30T00:00:00.000Z\",\"Orphan designation URL\":\"https://www.ema.europa.eu/en/medicines/human/orphan-designations/eu-3-15-1500\"}","timestamp":"2025-07-25T17:05:47.157Z"}
{"level":"warn","message":"Skipping invalid key in record: ","timestamp":"2025-07-25T17:05:47.157Z"}
{"level":"warn","message":"Skipping invalid key in record: ","timestamp":"2025-07-25T17:05:47.157Z"}
{"level":"warn","message":"Skipping invalid key in record: ","timestamp":"2025-07-25T17:05:47.157Z"}
{"level":"warn","message":"Skipping invalid key in record: ","timestamp":"2025-07-25T17:05:47.157Z"}
{"level":"warn","message":"Skipping invalid key in record: ","timestamp":"2025-07-25T17:05:47.157Z"}
{"level":"warn","message":"Skipping invalid key in record: ","timestamp":"2025-07-25T17:05:47.157Z"}
{"level":"warn","message":"Skipping invalid key in record: ","timestamp":"2025-07-25T17:05:47.157Z"}
{"level":"warn","message":"Skipping invalid key in record: ","timestamp":"2025-07-25T17:05:47.157Z"}
{"level":"warn","message":"Skipping invalid key in record: ","timestamp":"2025-07-25T17:05:47.157Z"}
{"level":"warn","message":"Skipping invalid key in record: ","timestamp":"2025-07-25T17:05:47.157Z"}
{"level":"warn","message":"Skipping invalid key in record: ","timestamp":"2025-07-25T17:05:47.157Z"}
{"level":"warn","message":"Skipping invalid key in record: ","timestamp":"2025-07-25T17:05:47.157Z"}
{"level":"warn","message":"Skipping invalid key in record: ","timestamp":"2025-07-25T17:05:47.157Z"}
{"level":"warn","message":"Skipping invalid key in record: ","timestamp":"2025-07-25T17:05:47.158Z"}
{"level":"warn","message":"Skipping invalid key in record: ","timestamp":"2025-07-25T17:05:47.158Z"}
{"level":"warn","message":"Skipping invalid key in record: ","timestamp":"2025-07-25T17:05:47.158Z"}
{"level":"warn","message":"Skipping invalid key in record: ","timestamp":"2025-07-25T17:05:47.158Z"}
{"level":"warn","message":"Skipping invalid key in record: ","timestamp":"2025-07-25T17:05:47.158Z"}
{"level":"warn","message":"Skipping invalid key in record: ","timestamp":"2025-07-25T17:05:47.158Z"}
{"level":"warn","message":"Skipping invalid key in record: ","timestamp":"2025-07-25T17:05:47.158Z"}
{"level":"warn","message":"Skipping invalid key in record: ","timestamp":"2025-07-25T17:05:47.158Z"}
{"level":"warn","message":"Skipping invalid key in record: ","timestamp":"2025-07-25T17:05:47.158Z"}
{"level":"warn","message":"Skipping invalid key in record: ","timestamp":"2025-07-25T17:05:47.158Z"}
{"level":"warn","message":"Skipping invalid key in record: ","timestamp":"2025-07-25T17:05:47.159Z"}
{"level":"warn","message":"Skipping invalid key in record: ","timestamp":"2025-07-25T17:05:47.159Z"}
{"level":"warn","message":"Skipping invalid key in record: ","timestamp":"2025-07-25T17:05:47.159Z"}
{"level":"warn","message":"Skipping invalid key in record: ","timestamp":"2025-07-25T17:05:47.159Z"}
{"level":"warn","message":"Skipping invalid key in record: ","timestamp":"2025-07-25T17:05:47.159Z"}
{"level":"warn","message":"Skipping invalid key in record: ","timestamp":"2025-07-25T17:05:47.159Z"}
{"level":"warn","message":"Skipping invalid key in record: ","timestamp":"2025-07-25T17:05:47.159Z"}
{"level":"warn","message":"Skipping invalid key in record: ","timestamp":"2025-07-25T17:05:47.159Z"}
{"level":"warn","message":"Skipping invalid key in record: ","timestamp":"2025-07-25T17:05:47.159Z"}
{"level":"warn","message":"Skipping invalid key in record: ","timestamp":"2025-07-25T17:05:47.159Z"}
{"level":"warn","message":"Skipping invalid key in record: ","timestamp":"2025-07-25T17:05:47.159Z"}
{"level":"warn","message":"Skipping invalid key in record: ","timestamp":"2025-07-25T17:05:47.159Z"}
{"level":"warn","message":"Skipping invalid key in record: ","timestamp":"2025-07-25T17:05:47.160Z"}
{"level":"warn","message":"Skipping invalid key in record: ","timestamp":"2025-07-25T17:05:47.160Z"}
{"level":"warn","message":"Skipping invalid key in record: ","timestamp":"2025-07-25T17:05:47.160Z"}
{"level":"warn","message":"Skipping invalid key in record: ","timestamp":"2025-07-25T17:05:47.160Z"}
{"level":"info","message":"CSV Headers: Medicine name,Related EMA product number,Active substance,Date of designation / refusal,Intended use,EU designation number,Status,First published date,Last updated date,Orphan designation URL,","timestamp":"2025-07-25T17:05:47.168Z"}
{"level":"warn","message":"Skipping invalid key in record: ","timestamp":"2025-07-25T17:05:47.168Z"}
{"level":"warn","message":"Skipping invalid key in record: ","timestamp":"2025-07-25T17:05:47.168Z"}
{"level":"warn","message":"Skipping invalid key in record: ","timestamp":"2025-07-25T17:05:47.168Z"}
{"level":"warn","message":"Skipping invalid key in record: ","timestamp":"2025-07-25T17:05:47.169Z"}
{"level":"warn","message":"Skipping invalid key in record: ","timestamp":"2025-07-25T17:05:47.169Z"}
{"level":"warn","message":"Skipping invalid key in record: ","timestamp":"2025-07-25T17:05:47.169Z"}
{"level":"warn","message":"Skipping invalid key in record: ","timestamp":"2025-07-25T17:05:47.169Z"}
{"level":"warn","message":"Skipping invalid key in record: ","timestamp":"2025-07-25T17:05:47.169Z"}
{"level":"warn","message":"Skipping invalid key in record: ","timestamp":"2025-07-25T17:05:47.169Z"}
{"level":"warn","message":"Skipping invalid key in record: ","timestamp":"2025-07-25T17:05:47.169Z"}
{"level":"warn","message":"Skipping invalid key in record: ","timestamp":"2025-07-25T17:05:47.169Z"}
{"level":"warn","message":"Skipping invalid key in record: ","timestamp":"2025-07-25T17:05:47.169Z"}
{"level":"warn","message":"Skipping invalid key in record: ","timestamp":"2025-07-25T17:05:47.169Z"}
{"level":"warn","message":"Skipping invalid key in record: ","timestamp":"2025-07-25T17:05:47.169Z"}
{"level":"warn","message":"Skipping invalid key in record: ","timestamp":"2025-07-25T17:05:47.169Z"}
{"level":"warn","message":"Skipping invalid key in record: ","timestamp":"2025-07-25T17:05:47.170Z"}
{"level":"warn","message":"Skipping invalid key in record: ","timestamp":"2025-07-25T17:05:47.170Z"}
{"level":"warn","message":"Skipping invalid key in record: ","timestamp":"2025-07-25T17:05:47.170Z"}
{"level":"warn","message":"Skipping invalid key in record: ","timestamp":"2025-07-25T17:05:47.170Z"}
{"level":"warn","message":"Skipping invalid key in record: ","timestamp":"2025-07-25T17:05:47.170Z"}
{"level":"warn","message":"Skipping invalid key in record: ","timestamp":"2025-07-25T17:05:47.170Z"}
{"level":"warn","message":"Skipping invalid key in record: ","timestamp":"2025-07-25T17:05:47.170Z"}
{"level":"warn","message":"Skipping invalid key in record: ","timestamp":"2025-07-25T17:05:47.170Z"}
{"level":"warn","message":"Skipping invalid key in record: ","timestamp":"2025-07-25T17:05:47.170Z"}
{"level":"warn","message":"Skipping invalid key in record: ","timestamp":"2025-07-25T17:05:47.170Z"}
{"level":"warn","message":"Skipping invalid key in record: ","timestamp":"2025-07-25T17:05:47.170Z"}
{"level":"warn","message":"Skipping invalid key in record: ","timestamp":"2025-07-25T17:05:47.170Z"}
{"level":"warn","message":"Skipping invalid key in record: ","timestamp":"2025-07-25T17:05:47.170Z"}
{"level":"warn","message":"Skipping invalid key in record: ","timestamp":"2025-07-25T17:05:47.170Z"}
{"level":"warn","message":"Skipping invalid key in record: ","timestamp":"2025-07-25T17:05:47.170Z"}
{"level":"warn","message":"Skipping invalid key in record: ","timestamp":"2025-07-25T17:05:47.171Z"}
{"level":"warn","message":"Skipping invalid key in record: ","timestamp":"2025-07-25T17:05:47.171Z"}
{"level":"warn","message":"Skipping invalid key in record: ","timestamp":"2025-07-25T17:05:47.171Z"}
{"level":"warn","message":"Skipping invalid key in record: ","timestamp":"2025-07-25T17:05:47.171Z"}
{"level":"warn","message":"Skipping invalid key in record: ","timestamp":"2025-07-25T17:05:47.171Z"}
{"level":"warn","message":"Skipping invalid key in record: ","timestamp":"2025-07-25T17:05:47.171Z"}
{"level":"warn","message":"Skipping invalid key in record: ","timestamp":"2025-07-25T17:05:47.171Z"}
{"level":"warn","message":"Skipping invalid key in record: ","timestamp":"2025-07-25T17:05:47.171Z"}
{"level":"warn","message":"Skipping invalid key in record: ","timestamp":"2025-07-25T17:05:47.171Z"}
{"level":"warn","message":"Skipping invalid key in record: ","timestamp":"2025-07-25T17:05:47.171Z"}
{"level":"warn","message":"Skipping invalid key in record: ","timestamp":"2025-07-25T17:05:47.171Z"}
{"level":"warn","message":"Skipping invalid key in record: ","timestamp":"2025-07-25T17:05:47.171Z"}
{"level":"warn","message":"Skipping invalid key in record: ","timestamp":"2025-07-25T17:05:47.172Z"}
{"level":"warn","message":"Skipping invalid key in record: ","timestamp":"2025-07-25T17:05:47.172Z"}
{"level":"warn","message":"Skipping invalid key in record: ","timestamp":"2025-07-25T17:05:47.172Z"}
{"level":"warn","message":"Skipping invalid key in record: ","timestamp":"2025-07-25T17:05:47.172Z"}
{"level":"warn","message":"Skipping invalid key in record: ","timestamp":"2025-07-25T17:05:47.172Z"}
{"level":"warn","message":"Skipping invalid key in record: ","timestamp":"2025-07-25T17:05:47.172Z"}
{"level":"warn","message":"Skipping invalid key in record: ","timestamp":"2025-07-25T17:05:47.172Z"}
{"level":"warn","message":"Skipping invalid key in record: ","timestamp":"2025-07-25T17:05:47.172Z"}
{"level":"warn","message":"Skipping invalid key in record: ","timestamp":"2025-07-25T17:05:47.172Z"}
{"level":"warn","message":"Skipping invalid key in record: ","timestamp":"2025-07-25T17:05:47.172Z"}
{"level":"warn","message":"Skipping invalid key in record: ","timestamp":"2025-07-25T17:05:47.173Z"}
{"level":"info","message":"CSV Headers: Medicine name,Related EMA product number,Active substance,Date of designation / refusal,Intended use,EU designation number,Status,First published date,Last updated date,Orphan designation URL,","timestamp":"2025-07-25T17:05:47.180Z"}
{"level":"warn","message":"Skipping invalid key in record: ","timestamp":"2025-07-25T17:05:47.181Z"}
{"level":"warn","message":"Skipping invalid key in record: ","timestamp":"2025-07-25T17:05:47.181Z"}
{"level":"warn","message":"Skipping invalid key in record: ","timestamp":"2025-07-25T17:05:47.181Z"}
{"level":"warn","message":"Skipping invalid key in record: ","timestamp":"2025-07-25T17:05:47.181Z"}
{"level":"warn","message":"Skipping invalid key in record: ","timestamp":"2025-07-25T17:05:47.181Z"}
{"level":"warn","message":"Skipping invalid key in record: ","timestamp":"2025-07-25T17:05:47.181Z"}
{"level":"warn","message":"Skipping invalid key in record: ","timestamp":"2025-07-25T17:05:47.181Z"}
{"level":"warn","message":"Skipping invalid key in record: ","timestamp":"2025-07-25T17:05:47.181Z"}
{"level":"warn","message":"Skipping invalid key in record: ","timestamp":"2025-07-25T17:05:47.181Z"}
{"level":"warn","message":"Skipping invalid key in record: ","timestamp":"2025-07-25T17:05:47.181Z"}
{"level":"warn","message":"Skipping invalid key in record: ","timestamp":"2025-07-25T17:05:47.181Z"}
{"level":"warn","message":"Skipping record with missing or invalid Active substance: {\"Medicine name\":null,\"Related EMA product number\":null,\"Active substance\":null,\"Date of designation / refusal\":\"2012-02-09T00:00:00.000Z\",\"Intended use\":\"Treatment of West syndrome\",\"EU designation number\":\"EU/3/12/953\",\"Status\":\"Withdrawn\",\"First published date\":\"2012-03-01T00:00:00.000Z\",\"Last updated date\":\"2021-02-03T00:00:00.000Z\",\"Orphan designation URL\":\"https://www.ema.europa.eu/en/medicines/human/orphan-designations/eu-3-12-953\"}","timestamp":"2025-07-25T17:05:47.181Z"}
{"level":"warn","message":"Skipping invalid key in record: ","timestamp":"2025-07-25T17:05:47.181Z"}
{"level":"warn","message":"Skipping invalid key in record: ","timestamp":"2025-07-25T17:05:47.182Z"}
{"level":"warn","message":"Skipping invalid key in record: ","timestamp":"2025-07-25T17:05:47.182Z"}
{"level":"warn","message":"Skipping invalid key in record: ","timestamp":"2025-07-25T17:05:47.182Z"}
{"level":"warn","message":"Skipping invalid key in record: ","timestamp":"2025-07-25T17:05:47.182Z"}
{"level":"warn","message":"Skipping invalid key in record: ","timestamp":"2025-07-25T17:05:47.182Z"}
{"level":"warn","message":"Skipping invalid key in record: ","timestamp":"2025-07-25T17:05:47.182Z"}
{"level":"warn","message":"Skipping invalid key in record: ","timestamp":"2025-07-25T17:05:47.182Z"}
{"level":"warn","message":"Skipping invalid key in record: ","timestamp":"2025-07-25T17:05:47.182Z"}
{"level":"warn","message":"Skipping invalid key in record: ","timestamp":"2025-07-25T17:05:47.182Z"}
{"level":"warn","message":"Skipping invalid key in record: ","timestamp":"2025-07-25T17:05:47.182Z"}
{"level":"warn","message":"Skipping invalid key in record: ","timestamp":"2025-07-25T17:05:47.182Z"}
{"level":"warn","message":"Skipping invalid key in record: ","timestamp":"2025-07-25T17:05:47.182Z"}
{"level":"warn","message":"Skipping invalid key in record: ","timestamp":"2025-07-25T17:05:47.183Z"}
{"level":"warn","message":"Skipping invalid key in record: ","timestamp":"2025-07-25T17:05:47.183Z"}
{"level":"warn","message":"Skipping invalid key in record: ","timestamp":"2025-07-25T17:05:47.183Z"}
{"level":"warn","message":"Skipping invalid key in record: ","timestamp":"2025-07-25T17:05:47.183Z"}
{"level":"warn","message":"Skipping invalid key in record: ","timestamp":"2025-07-25T17:05:47.183Z"}
{"level":"warn","message":"Skipping invalid key in record: ","timestamp":"2025-07-25T17:05:47.183Z"}
{"level":"warn","message":"Skipping invalid key in record: ","timestamp":"2025-07-25T17:05:47.183Z"}
{"level":"warn","message":"Skipping invalid key in record: ","timestamp":"2025-07-25T17:05:47.183Z"}
{"level":"warn","message":"Skipping invalid key in record: ","timestamp":"2025-07-25T17:05:47.183Z"}
{"level":"warn","message":"Skipping invalid key in record: ","timestamp":"2025-07-25T17:05:47.183Z"}
{"level":"warn","message":"Skipping invalid key in record: ","timestamp":"2025-07-25T17:05:47.183Z"}
{"level":"warn","message":"Skipping invalid key in record: ","timestamp":"2025-07-25T17:05:47.183Z"}
{"level":"warn","message":"Skipping invalid key in record: ","timestamp":"2025-07-25T17:05:47.184Z"}
{"level":"warn","message":"Skipping invalid key in record: ","timestamp":"2025-07-25T17:05:47.184Z"}
{"level":"warn","message":"Skipping invalid key in record: ","timestamp":"2025-07-25T17:05:47.184Z"}
{"level":"warn","message":"Skipping invalid key in record: ","timestamp":"2025-07-25T17:05:47.184Z"}
{"level":"warn","message":"Skipping invalid key in record: ","timestamp":"2025-07-25T17:05:47.184Z"}
{"level":"warn","message":"Skipping invalid key in record: ","timestamp":"2025-07-25T17:05:47.184Z"}
{"level":"warn","message":"Skipping invalid key in record: ","timestamp":"2025-07-25T17:05:47.184Z"}
{"level":"warn","message":"Skipping invalid key in record: ","timestamp":"2025-07-25T17:05:47.184Z"}
{"level":"warn","message":"Skipping invalid key in record: ","timestamp":"2025-07-25T17:05:47.184Z"}
{"level":"warn","message":"Skipping invalid key in record: ","timestamp":"2025-07-25T17:05:47.184Z"}
{"level":"warn","message":"Skipping invalid key in record: ","timestamp":"2025-07-25T17:05:47.184Z"}
{"level":"warn","message":"Skipping invalid key in record: ","timestamp":"2025-07-25T17:05:47.184Z"}
{"level":"warn","message":"Skipping invalid key in record: ","timestamp":"2025-07-25T17:05:47.184Z"}
{"level":"warn","message":"Skipping invalid key in record: ","timestamp":"2025-07-25T17:05:47.185Z"}
{"level":"warn","message":"Skipping invalid key in record: ","timestamp":"2025-07-25T17:05:47.185Z"}
{"level":"info","message":"CSV Headers: Medicine name,Related EMA product number,Active substance,Date of designation / refusal,Intended use,EU designation number,Status,First published date,Last updated date,Orphan designation URL,","timestamp":"2025-07-25T17:05:47.193Z"}
{"level":"warn","message":"Skipping invalid key in record: ","timestamp":"2025-07-25T17:05:47.194Z"}
{"level":"warn","message":"Skipping invalid key in record: ","timestamp":"2025-07-25T17:05:47.194Z"}
{"level":"warn","message":"Skipping invalid key in record: ","timestamp":"2025-07-25T17:05:47.194Z"}
{"level":"warn","message":"Skipping invalid key in record: ","timestamp":"2025-07-25T17:05:47.194Z"}
{"level":"warn","message":"Skipping invalid key in record: ","timestamp":"2025-07-25T17:05:47.194Z"}
{"level":"warn","message":"Skipping invalid key in record: ","timestamp":"2025-07-25T17:05:47.194Z"}
{"level":"warn","message":"Skipping invalid key in record: ","timestamp":"2025-07-25T17:05:47.194Z"}
{"level":"warn","message":"Skipping invalid key in record: ","timestamp":"2025-07-25T17:05:47.195Z"}
{"level":"warn","message":"Skipping invalid key in record: ","timestamp":"2025-07-25T17:05:47.195Z"}
{"level":"warn","message":"Skipping invalid key in record: ","timestamp":"2025-07-25T17:05:47.195Z"}
{"level":"warn","message":"Skipping invalid key in record: ","timestamp":"2025-07-25T17:05:47.195Z"}
{"level":"warn","message":"Skipping invalid key in record: ","timestamp":"2025-07-25T17:05:47.195Z"}
{"level":"warn","message":"Skipping invalid key in record: ","timestamp":"2025-07-25T17:05:47.195Z"}
{"level":"warn","message":"Skipping invalid key in record: ","timestamp":"2025-07-25T17:05:47.195Z"}
{"level":"warn","message":"Skipping invalid key in record: ","timestamp":"2025-07-25T17:05:47.195Z"}
{"level":"warn","message":"Skipping invalid key in record: ","timestamp":"2025-07-25T17:05:47.195Z"}
{"level":"warn","message":"Skipping invalid key in record: ","timestamp":"2025-07-25T17:05:47.195Z"}
{"level":"warn","message":"Skipping invalid key in record: ","timestamp":"2025-07-25T17:05:47.195Z"}
{"level":"warn","message":"Skipping invalid key in record: ","timestamp":"2025-07-25T17:05:47.195Z"}
{"level":"warn","message":"Skipping invalid key in record: ","timestamp":"2025-07-25T17:05:47.195Z"}
{"level":"warn","message":"Skipping invalid key in record: ","timestamp":"2025-07-25T17:05:47.196Z"}
{"level":"warn","message":"Skipping invalid key in record: ","timestamp":"2025-07-25T17:05:47.196Z"}
{"level":"warn","message":"Skipping invalid key in record: ","timestamp":"2025-07-25T17:05:47.196Z"}
{"level":"warn","message":"Skipping invalid key in record: ","timestamp":"2025-07-25T17:05:47.196Z"}
{"level":"warn","message":"Skipping invalid key in record: ","timestamp":"2025-07-25T17:05:47.196Z"}
{"level":"warn","message":"Skipping invalid key in record: ","timestamp":"2025-07-25T17:05:47.196Z"}
{"level":"warn","message":"Skipping invalid key in record: ","timestamp":"2025-07-25T17:05:47.196Z"}
{"level":"warn","message":"Skipping invalid key in record: ","timestamp":"2025-07-25T17:05:47.196Z"}
{"level":"warn","message":"Skipping invalid key in record: ","timestamp":"2025-07-25T17:05:47.196Z"}
{"level":"warn","message":"Skipping invalid key in record: ","timestamp":"2025-07-25T17:05:47.196Z"}
{"level":"warn","message":"Skipping invalid key in record: ","timestamp":"2025-07-25T17:05:47.196Z"}
{"level":"warn","message":"Skipping invalid key in record: ","timestamp":"2025-07-25T17:05:47.196Z"}
{"level":"warn","message":"Skipping invalid key in record: ","timestamp":"2025-07-25T17:05:47.196Z"}
{"level":"warn","message":"Skipping invalid key in record: ","timestamp":"2025-07-25T17:05:47.196Z"}
{"level":"warn","message":"Skipping invalid key in record: ","timestamp":"2025-07-25T17:05:47.196Z"}
{"level":"warn","message":"Skipping invalid key in record: ","timestamp":"2025-07-25T17:05:47.197Z"}
{"level":"warn","message":"Skipping invalid key in record: ","timestamp":"2025-07-25T17:05:47.197Z"}
{"level":"warn","message":"Skipping invalid key in record: ","timestamp":"2025-07-25T17:05:47.197Z"}
{"level":"warn","message":"Skipping invalid key in record: ","timestamp":"2025-07-25T17:05:47.197Z"}
{"level":"warn","message":"Skipping invalid key in record: ","timestamp":"2025-07-25T17:05:47.197Z"}
{"level":"warn","message":"Skipping invalid key in record: ","timestamp":"2025-07-25T17:05:47.197Z"}
{"level":"warn","message":"Skipping invalid key in record: ","timestamp":"2025-07-25T17:05:47.197Z"}
{"level":"warn","message":"Skipping invalid key in record: ","timestamp":"2025-07-25T17:05:47.197Z"}
{"level":"warn","message":"Skipping invalid key in record: ","timestamp":"2025-07-25T17:05:47.197Z"}
{"level":"warn","message":"Skipping invalid key in record: ","timestamp":"2025-07-25T17:05:47.197Z"}
{"level":"warn","message":"Skipping invalid key in record: ","timestamp":"2025-07-25T17:05:47.197Z"}
{"level":"warn","message":"Skipping invalid key in record: ","timestamp":"2025-07-25T17:05:47.197Z"}
{"level":"warn","message":"Skipping invalid key in record: ","timestamp":"2025-07-25T17:05:47.197Z"}
{"level":"warn","message":"Skipping invalid key in record: ","timestamp":"2025-07-25T17:05:47.197Z"}
{"level":"warn","message":"Skipping invalid key in record: ","timestamp":"2025-07-25T17:05:47.198Z"}
{"level":"warn","message":"Skipping invalid key in record: ","timestamp":"2025-07-25T17:05:47.198Z"}
{"level":"warn","message":"Skipping invalid key in record: ","timestamp":"2025-07-25T17:05:47.198Z"}
{"level":"warn","message":"Skipping invalid key in record: ","timestamp":"2025-07-25T17:05:47.198Z"}
{"level":"info","message":"CSV Headers: Medicine name,Related EMA product number,Active substance,Date of designation / refusal,Intended use,EU designation number,Status,First published date,Last updated date,Orphan designation URL,","timestamp":"2025-07-25T17:05:47.205Z"}
{"level":"warn","message":"Skipping invalid key in record: ","timestamp":"2025-07-25T17:05:47.205Z"}
{"level":"warn","message":"Skipping invalid key in record: ","timestamp":"2025-07-25T17:05:47.205Z"}
{"level":"warn","message":"Skipping invalid key in record: ","timestamp":"2025-07-25T17:05:47.205Z"}
{"level":"warn","message":"Skipping invalid key in record: ","timestamp":"2025-07-25T17:05:47.205Z"}
{"level":"warn","message":"Skipping invalid key in record: ","timestamp":"2025-07-25T17:05:47.206Z"}
{"level":"warn","message":"Skipping invalid key in record: ","timestamp":"2025-07-25T17:05:47.206Z"}
{"level":"warn","message":"Skipping invalid key in record: ","timestamp":"2025-07-25T17:05:47.206Z"}
{"level":"warn","message":"Skipping invalid key in record: ","timestamp":"2025-07-25T17:05:47.206Z"}
{"level":"warn","message":"Skipping invalid key in record: ","timestamp":"2025-07-25T17:05:47.206Z"}
{"level":"warn","message":"Skipping invalid key in record: ","timestamp":"2025-07-25T17:05:47.206Z"}
{"level":"warn","message":"Skipping invalid key in record: ","timestamp":"2025-07-25T17:05:47.206Z"}
{"level":"warn","message":"Skipping invalid key in record: ","timestamp":"2025-07-25T17:05:47.206Z"}
{"level":"warn","message":"Skipping invalid key in record: ","timestamp":"2025-07-25T17:05:47.206Z"}
{"level":"warn","message":"Skipping invalid key in record: ","timestamp":"2025-07-25T17:05:47.206Z"}
{"level":"warn","message":"Skipping invalid key in record: ","timestamp":"2025-07-25T17:05:47.207Z"}
{"level":"warn","message":"Skipping invalid key in record: ","timestamp":"2025-07-25T17:05:47.207Z"}
{"level":"warn","message":"Skipping invalid key in record: ","timestamp":"2025-07-25T17:05:47.207Z"}
{"level":"warn","message":"Skipping invalid key in record: ","timestamp":"2025-07-25T17:05:47.207Z"}
{"level":"warn","message":"Skipping invalid key in record: ","timestamp":"2025-07-25T17:05:47.207Z"}
{"level":"warn","message":"Skipping invalid key in record: ","timestamp":"2025-07-25T17:05:47.207Z"}
{"level":"warn","message":"Skipping invalid key in record: ","timestamp":"2025-07-25T17:05:47.207Z"}
{"level":"warn","message":"Skipping invalid key in record: ","timestamp":"2025-07-25T17:05:47.207Z"}
{"level":"warn","message":"Skipping invalid key in record: ","timestamp":"2025-07-25T17:05:47.207Z"}
{"level":"warn","message":"Skipping invalid key in record: ","timestamp":"2025-07-25T17:05:47.207Z"}
{"level":"warn","message":"Skipping invalid key in record: ","timestamp":"2025-07-25T17:05:47.207Z"}
{"level":"warn","message":"Skipping invalid key in record: ","timestamp":"2025-07-25T17:05:47.208Z"}
{"level":"warn","message":"Skipping invalid key in record: ","timestamp":"2025-07-25T17:05:47.208Z"}
{"level":"warn","message":"Skipping invalid key in record: ","timestamp":"2025-07-25T17:05:47.208Z"}
{"level":"warn","message":"Skipping invalid key in record: ","timestamp":"2025-07-25T17:05:47.208Z"}
{"level":"warn","message":"Skipping invalid key in record: ","timestamp":"2025-07-25T17:05:47.208Z"}
{"level":"warn","message":"Skipping invalid key in record: ","timestamp":"2025-07-25T17:05:47.208Z"}
{"level":"warn","message":"Skipping invalid key in record: ","timestamp":"2025-07-25T17:05:47.208Z"}
{"level":"warn","message":"Skipping invalid key in record: ","timestamp":"2025-07-25T17:05:47.208Z"}
{"level":"warn","message":"Skipping invalid key in record: ","timestamp":"2025-07-25T17:05:47.208Z"}
{"level":"warn","message":"Skipping invalid key in record: ","timestamp":"2025-07-25T17:05:47.209Z"}
{"level":"warn","message":"Skipping invalid key in record: ","timestamp":"2025-07-25T17:05:47.209Z"}
{"level":"warn","message":"Skipping invalid key in record: ","timestamp":"2025-07-25T17:05:47.209Z"}
{"level":"warn","message":"Skipping invalid key in record: ","timestamp":"2025-07-25T17:05:47.209Z"}
{"level":"warn","message":"Skipping invalid key in record: ","timestamp":"2025-07-25T17:05:47.209Z"}
{"level":"warn","message":"Skipping invalid key in record: ","timestamp":"2025-07-25T17:05:47.209Z"}
{"level":"warn","message":"Skipping invalid key in record: ","timestamp":"2025-07-25T17:05:47.209Z"}
{"level":"warn","message":"Skipping invalid key in record: ","timestamp":"2025-07-25T17:05:47.209Z"}
{"level":"warn","message":"Skipping invalid key in record: ","timestamp":"2025-07-25T17:05:47.209Z"}
{"level":"warn","message":"Skipping invalid key in record: ","timestamp":"2025-07-25T17:05:47.210Z"}
{"level":"warn","message":"Skipping invalid key in record: ","timestamp":"2025-07-25T17:05:47.210Z"}
{"level":"warn","message":"Skipping invalid key in record: ","timestamp":"2025-07-25T17:05:47.210Z"}
{"level":"warn","message":"Skipping invalid key in record: ","timestamp":"2025-07-25T17:05:47.210Z"}
{"level":"warn","message":"Skipping invalid key in record: ","timestamp":"2025-07-25T17:05:47.210Z"}
{"level":"warn","message":"Skipping invalid key in record: ","timestamp":"2025-07-25T17:05:47.210Z"}
{"level":"warn","message":"Skipping invalid key in record: ","timestamp":"2025-07-25T17:05:47.210Z"}
{"level":"warn","message":"Skipping invalid key in record: ","timestamp":"2025-07-25T17:05:47.210Z"}
{"level":"warn","message":"Skipping invalid key in record: ","timestamp":"2025-07-25T17:05:47.210Z"}
{"level":"info","message":"CSV Headers: Medicine name,Related EMA product number,Active substance,Date of designation / refusal,Intended use,EU designation number,Status,First published date,Last updated date,Orphan designation URL,","timestamp":"2025-07-25T17:05:47.217Z"}
{"level":"warn","message":"Skipping invalid key in record: ","timestamp":"2025-07-25T17:05:47.218Z"}
{"level":"warn","message":"Skipping invalid key in record: ","timestamp":"2025-07-25T17:05:47.218Z"}
{"level":"warn","message":"Skipping invalid key in record: ","timestamp":"2025-07-25T17:05:47.218Z"}
{"level":"warn","message":"Skipping invalid key in record: ","timestamp":"2025-07-25T17:05:47.218Z"}
{"level":"warn","message":"Skipping invalid key in record: ","timestamp":"2025-07-25T17:05:47.218Z"}
{"level":"warn","message":"Skipping record with missing or invalid Active substance: {\"Medicine name\":null,\"Related EMA product number\":null,\"Active substance\":null,\"Date of designation / refusal\":\"2013-08-05T00:00:00.000Z\",\"Intended use\":\"Treatment of sickle cell disease\",\"EU designation number\":\"EU/3/13/1184\",\"Status\":\"Positive\",\"First published date\":\"2013-09-16T00:00:00.000Z\",\"Last updated date\":\"2020-04-23T00:00:00.000Z\",\"Orphan designation URL\":\"https://www.ema.europa.eu/en/medicines/human/orphan-designations/eu-3-13-1184\"}","timestamp":"2025-07-25T17:05:47.218Z"}
{"level":"warn","message":"Skipping invalid key in record: ","timestamp":"2025-07-25T17:05:47.218Z"}
{"level":"warn","message":"Skipping invalid key in record: ","timestamp":"2025-07-25T17:05:47.218Z"}
{"level":"warn","message":"Skipping invalid key in record: ","timestamp":"2025-07-25T17:05:47.219Z"}
{"level":"warn","message":"Skipping invalid key in record: ","timestamp":"2025-07-25T17:05:47.219Z"}
{"level":"warn","message":"Skipping invalid key in record: ","timestamp":"2025-07-25T17:05:47.219Z"}
{"level":"warn","message":"Skipping invalid key in record: ","timestamp":"2025-07-25T17:05:47.219Z"}
{"level":"warn","message":"Skipping invalid key in record: ","timestamp":"2025-07-25T17:05:47.219Z"}
{"level":"warn","message":"Skipping invalid key in record: ","timestamp":"2025-07-25T17:05:47.219Z"}
{"level":"warn","message":"Skipping invalid key in record: ","timestamp":"2025-07-25T17:05:47.219Z"}
{"level":"warn","message":"Skipping invalid key in record: ","timestamp":"2025-07-25T17:05:47.219Z"}
{"level":"warn","message":"Skipping invalid key in record: ","timestamp":"2025-07-25T17:05:47.219Z"}
{"level":"warn","message":"Skipping invalid key in record: ","timestamp":"2025-07-25T17:05:47.219Z"}
{"level":"warn","message":"Skipping invalid key in record: ","timestamp":"2025-07-25T17:05:47.219Z"}
{"level":"warn","message":"Skipping invalid key in record: ","timestamp":"2025-07-25T17:05:47.219Z"}
{"level":"warn","message":"Skipping invalid key in record: ","timestamp":"2025-07-25T17:05:47.219Z"}
{"level":"warn","message":"Skipping invalid key in record: ","timestamp":"2025-07-25T17:05:47.219Z"}
{"level":"warn","message":"Skipping invalid key in record: ","timestamp":"2025-07-25T17:05:47.219Z"}
{"level":"warn","message":"Skipping invalid key in record: ","timestamp":"2025-07-25T17:05:47.220Z"}
{"level":"warn","message":"Skipping invalid key in record: ","timestamp":"2025-07-25T17:05:47.220Z"}
{"level":"warn","message":"Skipping invalid key in record: ","timestamp":"2025-07-25T17:05:47.220Z"}
{"level":"warn","message":"Skipping invalid key in record: ","timestamp":"2025-07-25T17:05:47.220Z"}
{"level":"warn","message":"Skipping invalid key in record: ","timestamp":"2025-07-25T17:05:47.220Z"}
{"level":"warn","message":"Skipping invalid key in record: ","timestamp":"2025-07-25T17:05:47.220Z"}
{"level":"warn","message":"Skipping invalid key in record: ","timestamp":"2025-07-25T17:05:47.220Z"}
{"level":"warn","message":"Skipping invalid key in record: ","timestamp":"2025-07-25T17:05:47.220Z"}
{"level":"warn","message":"Skipping invalid key in record: ","timestamp":"2025-07-25T17:05:47.220Z"}
{"level":"warn","message":"Skipping invalid key in record: ","timestamp":"2025-07-25T17:05:47.220Z"}
{"level":"warn","message":"Skipping record with missing or invalid Active substance: {\"Medicine name\":null,\"Related EMA product number\":null,\"Active substance\":null,\"Date of designation / refusal\":\"2019-11-13T00:00:00.000Z\",\"Intended use\":\"Treatment of GM2 gangliosidosis\",\"EU designation number\":\"EU/3/19/2218\",\"Status\":\"Positive\",\"First published date\":\"2020-02-12T00:00:00.000Z\",\"Last updated date\":null,\"Orphan designation URL\":\"https://www.ema.europa.eu/en/medicines/human/orphan-designations/eu-3-19-2218\"}","timestamp":"2025-07-25T17:05:47.220Z"}
{"level":"warn","message":"Skipping invalid key in record: ","timestamp":"2025-07-25T17:05:47.220Z"}
{"level":"warn","message":"Skipping invalid key in record: ","timestamp":"2025-07-25T17:05:47.220Z"}
{"level":"warn","message":"Skipping invalid key in record: ","timestamp":"2025-07-25T17:05:47.220Z"}
{"level":"warn","message":"Skipping invalid key in record: ","timestamp":"2025-07-25T17:05:47.220Z"}
{"level":"warn","message":"Skipping invalid key in record: ","timestamp":"2025-07-25T17:05:47.221Z"}
{"level":"warn","message":"Skipping invalid key in record: ","timestamp":"2025-07-25T17:05:47.221Z"}
{"level":"warn","message":"Skipping invalid key in record: ","timestamp":"2025-07-25T17:05:47.221Z"}
{"level":"warn","message":"Skipping invalid key in record: ","timestamp":"2025-07-25T17:05:47.221Z"}
{"level":"warn","message":"Skipping invalid key in record: ","timestamp":"2025-07-25T17:05:47.221Z"}
{"level":"warn","message":"Skipping invalid key in record: ","timestamp":"2025-07-25T17:05:47.221Z"}
{"level":"warn","message":"Skipping invalid key in record: ","timestamp":"2025-07-25T17:05:47.221Z"}
{"level":"warn","message":"Skipping invalid key in record: ","timestamp":"2025-07-25T17:05:47.221Z"}
{"level":"warn","message":"Skipping invalid key in record: ","timestamp":"2025-07-25T17:05:47.221Z"}
{"level":"warn","message":"Skipping invalid key in record: ","timestamp":"2025-07-25T17:05:47.221Z"}
{"level":"warn","message":"Skipping invalid key in record: ","timestamp":"2025-07-25T17:05:47.222Z"}
{"level":"warn","message":"Skipping invalid key in record: ","timestamp":"2025-07-25T17:05:47.222Z"}
{"level":"warn","message":"Skipping invalid key in record: ","timestamp":"2025-07-25T17:05:47.222Z"}
{"level":"warn","message":"Skipping invalid key in record: ","timestamp":"2025-07-25T17:05:47.222Z"}
{"level":"warn","message":"Skipping invalid key in record: ","timestamp":"2025-07-25T17:05:47.222Z"}
{"level":"warn","message":"Skipping invalid key in record: ","timestamp":"2025-07-25T17:05:47.222Z"}
{"level":"warn","message":"Skipping invalid key in record: ","timestamp":"2025-07-25T17:05:47.222Z"}
{"level":"info","message":"CSV Headers: Medicine name,Related EMA product number,Active substance,Date of designation / refusal,Intended use,EU designation number,Status,First published date,Last updated date,Orphan designation URL,","timestamp":"2025-07-25T17:05:47.230Z"}
{"level":"warn","message":"Skipping invalid key in record: ","timestamp":"2025-07-25T17:05:47.230Z"}
{"level":"warn","message":"Skipping invalid key in record: ","timestamp":"2025-07-25T17:05:47.231Z"}
{"level":"warn","message":"Skipping invalid key in record: ","timestamp":"2025-07-25T17:05:47.231Z"}
{"level":"warn","message":"Skipping invalid key in record: ","timestamp":"2025-07-25T17:05:47.231Z"}
{"level":"warn","message":"Skipping invalid key in record: ","timestamp":"2025-07-25T17:05:47.231Z"}
{"level":"warn","message":"Skipping invalid key in record: ","timestamp":"2025-07-25T17:05:47.231Z"}
{"level":"warn","message":"Skipping invalid key in record: ","timestamp":"2025-07-25T17:05:47.231Z"}
{"level":"warn","message":"Skipping invalid key in record: ","timestamp":"2025-07-25T17:05:47.231Z"}
{"level":"warn","message":"Skipping record with missing or invalid Active substance: {\"Medicine name\":null,\"Related EMA product number\":null,\"Active substance\":null,\"Date of designation / refusal\":\"2004-03-08T00:00:00.000Z\",\"Intended use\":\"Treatment of myelodysplastic syndromes\",\"EU designation number\":\"EU/3/04/192\",\"Status\":\"Withdrawn\",\"First published date\":\"2008-07-29T00:00:00.000Z\",\"Last updated date\":\"2020-01-13T00:00:00.000Z\",\"Orphan designation URL\":\"https://www.ema.europa.eu/en/medicines/human/orphan-designations/eu-3-04-192\"}","timestamp":"2025-07-25T17:05:47.231Z"}
{"level":"warn","message":"Skipping invalid key in record: ","timestamp":"2025-07-25T17:05:47.231Z"}
{"level":"warn","message":"Skipping invalid key in record: ","timestamp":"2025-07-25T17:05:47.231Z"}
{"level":"warn","message":"Skipping invalid key in record: ","timestamp":"2025-07-25T17:05:47.232Z"}
{"level":"warn","message":"Skipping invalid key in record: ","timestamp":"2025-07-25T17:05:47.232Z"}
{"level":"warn","message":"Skipping invalid key in record: ","timestamp":"2025-07-25T17:05:47.232Z"}
{"level":"warn","message":"Skipping invalid key in record: ","timestamp":"2025-07-25T17:05:47.232Z"}
{"level":"warn","message":"Skipping invalid key in record: ","timestamp":"2025-07-25T17:05:47.232Z"}
{"level":"warn","message":"Skipping invalid key in record: ","timestamp":"2025-07-25T17:05:47.232Z"}
{"level":"warn","message":"Skipping invalid key in record: ","timestamp":"2025-07-25T17:05:47.232Z"}
{"level":"warn","message":"Skipping invalid key in record: ","timestamp":"2025-07-25T17:05:47.232Z"}
{"level":"warn","message":"Skipping invalid key in record: ","timestamp":"2025-07-25T17:05:47.232Z"}
{"level":"warn","message":"Skipping invalid key in record: ","timestamp":"2025-07-25T17:05:47.232Z"}
{"level":"warn","message":"Skipping invalid key in record: ","timestamp":"2025-07-25T17:05:47.232Z"}
{"level":"warn","message":"Skipping invalid key in record: ","timestamp":"2025-07-25T17:05:47.232Z"}
{"level":"warn","message":"Skipping invalid key in record: ","timestamp":"2025-07-25T17:05:47.232Z"}
{"level":"warn","message":"Skipping invalid key in record: ","timestamp":"2025-07-25T17:05:47.233Z"}
{"level":"warn","message":"Skipping invalid key in record: ","timestamp":"2025-07-25T17:05:47.233Z"}
{"level":"warn","message":"Skipping invalid key in record: ","timestamp":"2025-07-25T17:05:47.233Z"}
{"level":"warn","message":"Skipping invalid key in record: ","timestamp":"2025-07-25T17:05:47.233Z"}
{"level":"warn","message":"Skipping invalid key in record: ","timestamp":"2025-07-25T17:05:47.233Z"}
{"level":"warn","message":"Skipping invalid key in record: ","timestamp":"2025-07-25T17:05:47.233Z"}
{"level":"warn","message":"Skipping invalid key in record: ","timestamp":"2025-07-25T17:05:47.233Z"}
{"level":"warn","message":"Skipping invalid key in record: ","timestamp":"2025-07-25T17:05:47.233Z"}
{"level":"warn","message":"Skipping invalid key in record: ","timestamp":"2025-07-25T17:05:47.233Z"}
{"level":"warn","message":"Skipping invalid key in record: ","timestamp":"2025-07-25T17:05:47.233Z"}
{"level":"warn","message":"Skipping invalid key in record: ","timestamp":"2025-07-25T17:05:47.233Z"}
{"level":"warn","message":"Skipping invalid key in record: ","timestamp":"2025-07-25T17:05:47.233Z"}
{"level":"warn","message":"Skipping invalid key in record: ","timestamp":"2025-07-25T17:05:47.233Z"}
{"level":"warn","message":"Skipping invalid key in record: ","timestamp":"2025-07-25T17:05:47.234Z"}
{"level":"warn","message":"Skipping invalid key in record: ","timestamp":"2025-07-25T17:05:47.234Z"}
{"level":"warn","message":"Skipping invalid key in record: ","timestamp":"2025-07-25T17:05:47.234Z"}
{"level":"warn","message":"Skipping invalid key in record: ","timestamp":"2025-07-25T17:05:47.234Z"}
{"level":"warn","message":"Skipping invalid key in record: ","timestamp":"2025-07-25T17:05:47.234Z"}
{"level":"warn","message":"Skipping invalid key in record: ","timestamp":"2025-07-25T17:05:47.234Z"}
{"level":"warn","message":"Skipping invalid key in record: ","timestamp":"2025-07-25T17:05:47.234Z"}
{"level":"warn","message":"Skipping invalid key in record: ","timestamp":"2025-07-25T17:05:47.234Z"}
{"level":"warn","message":"Skipping invalid key in record: ","timestamp":"2025-07-25T17:05:47.234Z"}
{"level":"warn","message":"Skipping invalid key in record: ","timestamp":"2025-07-25T17:05:47.234Z"}
{"level":"warn","message":"Skipping invalid key in record: ","timestamp":"2025-07-25T17:05:47.235Z"}
{"level":"warn","message":"Skipping invalid key in record: ","timestamp":"2025-07-25T17:05:47.235Z"}
{"level":"warn","message":"Skipping invalid key in record: ","timestamp":"2025-07-25T17:05:47.235Z"}
{"level":"warn","message":"Skipping invalid key in record: ","timestamp":"2025-07-25T17:05:47.235Z"}
{"level":"warn","message":"Skipping invalid key in record: ","timestamp":"2025-07-25T17:05:47.235Z"}
{"level":"warn","message":"Skipping invalid key in record: ","timestamp":"2025-07-25T17:05:47.235Z"}
{"level":"warn","message":"Skipping invalid key in record: ","timestamp":"2025-07-25T17:05:47.235Z"}
{"level":"info","message":"CSV Headers: Medicine name,Related EMA product number,Active substance,Date of designation / refusal,Intended use,EU designation number,Status,First published date,Last updated date,Orphan designation URL,","timestamp":"2025-07-25T17:05:47.242Z"}
{"level":"warn","message":"Skipping invalid key in record: ","timestamp":"2025-07-25T17:05:47.243Z"}
{"level":"warn","message":"Skipping invalid key in record: ","timestamp":"2025-07-25T17:05:47.243Z"}
{"level":"warn","message":"Skipping invalid key in record: ","timestamp":"2025-07-25T17:05:47.243Z"}
{"level":"warn","message":"Skipping invalid key in record: ","timestamp":"2025-07-25T17:05:47.243Z"}
{"level":"warn","message":"Skipping invalid key in record: ","timestamp":"2025-07-25T17:05:47.243Z"}
{"level":"warn","message":"Skipping invalid key in record: ","timestamp":"2025-07-25T17:05:47.243Z"}
{"level":"warn","message":"Skipping invalid key in record: ","timestamp":"2025-07-25T17:05:47.244Z"}
{"level":"warn","message":"Skipping invalid key in record: ","timestamp":"2025-07-25T17:05:47.244Z"}
{"level":"warn","message":"Skipping invalid key in record: ","timestamp":"2025-07-25T17:05:47.244Z"}
{"level":"warn","message":"Skipping invalid key in record: ","timestamp":"2025-07-25T17:05:47.244Z"}
{"level":"warn","message":"Skipping invalid key in record: ","timestamp":"2025-07-25T17:05:47.244Z"}
{"level":"warn","message":"Skipping invalid key in record: ","timestamp":"2025-07-25T17:05:47.244Z"}
{"level":"warn","message":"Skipping invalid key in record: ","timestamp":"2025-07-25T17:05:47.244Z"}
{"level":"warn","message":"Skipping invalid key in record: ","timestamp":"2025-07-25T17:05:47.244Z"}
{"level":"warn","message":"Skipping invalid key in record: ","timestamp":"2025-07-25T17:05:47.244Z"}
{"level":"warn","message":"Skipping invalid key in record: ","timestamp":"2025-07-25T17:05:47.245Z"}
{"level":"warn","message":"Skipping invalid key in record: ","timestamp":"2025-07-25T17:05:47.245Z"}
{"level":"warn","message":"Skipping invalid key in record: ","timestamp":"2025-07-25T17:05:47.245Z"}
{"level":"warn","message":"Skipping invalid key in record: ","timestamp":"2025-07-25T17:05:47.245Z"}
{"level":"warn","message":"Skipping invalid key in record: ","timestamp":"2025-07-25T17:05:47.245Z"}
{"level":"warn","message":"Skipping invalid key in record: ","timestamp":"2025-07-25T17:05:47.245Z"}
{"level":"warn","message":"Skipping invalid key in record: ","timestamp":"2025-07-25T17:05:47.245Z"}
{"level":"warn","message":"Skipping invalid key in record: ","timestamp":"2025-07-25T17:05:47.245Z"}
{"level":"warn","message":"Skipping invalid key in record: ","timestamp":"2025-07-25T17:05:47.245Z"}
{"level":"warn","message":"Skipping invalid key in record: ","timestamp":"2025-07-25T17:05:47.245Z"}
{"level":"warn","message":"Skipping invalid key in record: ","timestamp":"2025-07-25T17:05:47.245Z"}
{"level":"warn","message":"Skipping invalid key in record: ","timestamp":"2025-07-25T17:05:47.245Z"}
{"level":"warn","message":"Skipping invalid key in record: ","timestamp":"2025-07-25T17:05:47.245Z"}
{"level":"warn","message":"Skipping invalid key in record: ","timestamp":"2025-07-25T17:05:47.246Z"}
{"level":"warn","message":"Skipping invalid key in record: ","timestamp":"2025-07-25T17:05:47.246Z"}
{"level":"warn","message":"Skipping invalid key in record: ","timestamp":"2025-07-25T17:05:47.246Z"}
{"level":"warn","message":"Skipping invalid key in record: ","timestamp":"2025-07-25T17:05:47.246Z"}
{"level":"warn","message":"Skipping invalid key in record: ","timestamp":"2025-07-25T17:05:47.246Z"}
{"level":"warn","message":"Skipping invalid key in record: ","timestamp":"2025-07-25T17:05:47.246Z"}
{"level":"warn","message":"Skipping invalid key in record: ","timestamp":"2025-07-25T17:05:47.246Z"}
{"level":"warn","message":"Skipping invalid key in record: ","timestamp":"2025-07-25T17:05:47.246Z"}
{"level":"warn","message":"Skipping invalid key in record: ","timestamp":"2025-07-25T17:05:47.246Z"}
{"level":"warn","message":"Skipping invalid key in record: ","timestamp":"2025-07-25T17:05:47.246Z"}
{"level":"warn","message":"Skipping invalid key in record: ","timestamp":"2025-07-25T17:05:47.246Z"}
{"level":"warn","message":"Skipping invalid key in record: ","timestamp":"2025-07-25T17:05:47.246Z"}
{"level":"warn","message":"Skipping invalid key in record: ","timestamp":"2025-07-25T17:05:47.246Z"}
{"level":"warn","message":"Skipping invalid key in record: ","timestamp":"2025-07-25T17:05:47.246Z"}
{"level":"warn","message":"Skipping invalid key in record: ","timestamp":"2025-07-25T17:05:47.247Z"}
{"level":"warn","message":"Skipping invalid key in record: ","timestamp":"2025-07-25T17:05:47.247Z"}
{"level":"warn","message":"Skipping invalid key in record: ","timestamp":"2025-07-25T17:05:47.247Z"}
{"level":"warn","message":"Skipping invalid key in record: ","timestamp":"2025-07-25T17:05:47.247Z"}
{"level":"warn","message":"Skipping invalid key in record: ","timestamp":"2025-07-25T17:05:47.247Z"}
{"level":"warn","message":"Skipping invalid key in record: ","timestamp":"2025-07-25T17:05:47.247Z"}
{"level":"warn","message":"Skipping invalid key in record: ","timestamp":"2025-07-25T17:05:47.247Z"}
{"level":"warn","message":"Skipping invalid key in record: ","timestamp":"2025-07-25T17:05:47.247Z"}
{"level":"warn","message":"Skipping invalid key in record: ","timestamp":"2025-07-25T17:05:47.247Z"}
{"level":"warn","message":"Skipping invalid key in record: ","timestamp":"2025-07-25T17:05:47.247Z"}
{"level":"info","message":"CSV Headers: Medicine name,Related EMA product number,Active substance,Date of designation / refusal,Intended use,EU designation number,Status,First published date,Last updated date,Orphan designation URL,","timestamp":"2025-07-25T17:05:47.254Z"}
{"level":"warn","message":"Skipping invalid key in record: ","timestamp":"2025-07-25T17:05:47.255Z"}
{"level":"warn","message":"Skipping invalid key in record: ","timestamp":"2025-07-25T17:05:47.255Z"}
{"level":"warn","message":"Skipping invalid key in record: ","timestamp":"2025-07-25T17:05:47.255Z"}
{"level":"warn","message":"Skipping invalid key in record: ","timestamp":"2025-07-25T17:05:47.255Z"}
{"level":"warn","message":"Skipping invalid key in record: ","timestamp":"2025-07-25T17:05:47.255Z"}
{"level":"warn","message":"Skipping invalid key in record: ","timestamp":"2025-07-25T17:05:47.255Z"}
{"level":"warn","message":"Skipping invalid key in record: ","timestamp":"2025-07-25T17:05:47.255Z"}
{"level":"warn","message":"Skipping invalid key in record: ","timestamp":"2025-07-25T17:05:47.255Z"}
{"level":"warn","message":"Skipping invalid key in record: ","timestamp":"2025-07-25T17:05:47.255Z"}
{"level":"warn","message":"Skipping invalid key in record: ","timestamp":"2025-07-25T17:05:47.255Z"}
{"level":"warn","message":"Skipping invalid key in record: ","timestamp":"2025-07-25T17:05:47.256Z"}
{"level":"warn","message":"Skipping invalid key in record: ","timestamp":"2025-07-25T17:05:47.256Z"}
{"level":"warn","message":"Skipping invalid key in record: ","timestamp":"2025-07-25T17:05:47.256Z"}
{"level":"warn","message":"Skipping invalid key in record: ","timestamp":"2025-07-25T17:05:47.256Z"}
{"level":"warn","message":"Skipping invalid key in record: ","timestamp":"2025-07-25T17:05:47.256Z"}
{"level":"warn","message":"Skipping invalid key in record: ","timestamp":"2025-07-25T17:05:47.256Z"}
{"level":"warn","message":"Skipping invalid key in record: ","timestamp":"2025-07-25T17:05:47.256Z"}
{"level":"warn","message":"Skipping invalid key in record: ","timestamp":"2025-07-25T17:05:47.256Z"}
{"level":"warn","message":"Skipping invalid key in record: ","timestamp":"2025-07-25T17:05:47.256Z"}
{"level":"warn","message":"Skipping invalid key in record: ","timestamp":"2025-07-25T17:05:47.256Z"}
{"level":"warn","message":"Skipping invalid key in record: ","timestamp":"2025-07-25T17:05:47.256Z"}
{"level":"warn","message":"Skipping invalid key in record: ","timestamp":"2025-07-25T17:05:47.256Z"}
{"level":"warn","message":"Skipping invalid key in record: ","timestamp":"2025-07-25T17:05:47.257Z"}
{"level":"warn","message":"Skipping invalid key in record: ","timestamp":"2025-07-25T17:05:47.257Z"}
{"level":"warn","message":"Skipping invalid key in record: ","timestamp":"2025-07-25T17:05:47.257Z"}
{"level":"warn","message":"Skipping invalid key in record: ","timestamp":"2025-07-25T17:05:47.257Z"}
{"level":"warn","message":"Skipping invalid key in record: ","timestamp":"2025-07-25T17:05:47.257Z"}
{"level":"warn","message":"Skipping invalid key in record: ","timestamp":"2025-07-25T17:05:47.257Z"}
{"level":"warn","message":"Skipping invalid key in record: ","timestamp":"2025-07-25T17:05:47.257Z"}
{"level":"warn","message":"Skipping invalid key in record: ","timestamp":"2025-07-25T17:05:47.257Z"}
{"level":"warn","message":"Skipping invalid key in record: ","timestamp":"2025-07-25T17:05:47.257Z"}
{"level":"warn","message":"Skipping invalid key in record: ","timestamp":"2025-07-25T17:05:47.257Z"}
{"level":"warn","message":"Skipping invalid key in record: ","timestamp":"2025-07-25T17:05:47.257Z"}
{"level":"warn","message":"Skipping invalid key in record: ","timestamp":"2025-07-25T17:05:47.258Z"}
{"level":"warn","message":"Skipping invalid key in record: ","timestamp":"2025-07-25T17:05:47.258Z"}
{"level":"warn","message":"Skipping invalid key in record: ","timestamp":"2025-07-25T17:05:47.258Z"}
{"level":"warn","message":"Skipping invalid key in record: ","timestamp":"2025-07-25T17:05:47.258Z"}
{"level":"warn","message":"Skipping invalid key in record: ","timestamp":"2025-07-25T17:05:47.258Z"}
{"level":"warn","message":"Skipping invalid key in record: ","timestamp":"2025-07-25T17:05:47.258Z"}
{"level":"warn","message":"Skipping invalid key in record: ","timestamp":"2025-07-25T17:05:47.258Z"}
{"level":"warn","message":"Skipping invalid key in record: ","timestamp":"2025-07-25T17:05:47.258Z"}
{"level":"warn","message":"Skipping invalid key in record: ","timestamp":"2025-07-25T17:05:47.258Z"}
{"level":"warn","message":"Skipping invalid key in record: ","timestamp":"2025-07-25T17:05:47.258Z"}
{"level":"warn","message":"Skipping invalid key in record: ","timestamp":"2025-07-25T17:05:47.258Z"}
{"level":"warn","message":"Skipping invalid key in record: ","timestamp":"2025-07-25T17:05:47.258Z"}
{"level":"warn","message":"Skipping invalid key in record: ","timestamp":"2025-07-25T17:05:47.258Z"}
{"level":"warn","message":"Skipping invalid key in record: ","timestamp":"2025-07-25T17:05:47.259Z"}
{"level":"warn","message":"Skipping invalid key in record: ","timestamp":"2025-07-25T17:05:47.259Z"}
{"level":"warn","message":"Skipping invalid key in record: ","timestamp":"2025-07-25T17:05:47.259Z"}
{"level":"warn","message":"Skipping invalid key in record: ","timestamp":"2025-07-25T17:05:47.259Z"}
{"level":"warn","message":"Skipping invalid key in record: ","timestamp":"2025-07-25T17:05:47.259Z"}
{"level":"warn","message":"Skipping invalid key in record: ","timestamp":"2025-07-25T17:05:47.259Z"}
{"level":"info","message":"CSV Headers: Medicine name,Related EMA product number,Active substance,Date of designation / refusal,Intended use,EU designation number,Status,First published date,Last updated date,Orphan designation URL,","timestamp":"2025-07-25T17:05:47.266Z"}
{"level":"warn","message":"Skipping invalid key in record: ","timestamp":"2025-07-25T17:05:47.266Z"}
{"level":"warn","message":"Skipping invalid key in record: ","timestamp":"2025-07-25T17:05:47.266Z"}
{"level":"warn","message":"Skipping invalid key in record: ","timestamp":"2025-07-25T17:05:47.266Z"}
{"level":"warn","message":"Skipping invalid key in record: ","timestamp":"2025-07-25T17:05:47.266Z"}
{"level":"warn","message":"Skipping invalid key in record: ","timestamp":"2025-07-25T17:05:47.267Z"}
{"level":"warn","message":"Skipping invalid key in record: ","timestamp":"2025-07-25T17:05:47.267Z"}
{"level":"warn","message":"Skipping invalid key in record: ","timestamp":"2025-07-25T17:05:47.267Z"}
{"level":"warn","message":"Skipping invalid key in record: ","timestamp":"2025-07-25T17:05:47.267Z"}
{"level":"warn","message":"Skipping invalid key in record: ","timestamp":"2025-07-25T17:05:47.267Z"}
{"level":"warn","message":"Skipping invalid key in record: ","timestamp":"2025-07-25T17:05:47.267Z"}
{"level":"warn","message":"Skipping invalid key in record: ","timestamp":"2025-07-25T17:05:47.267Z"}
{"level":"warn","message":"Skipping invalid key in record: ","timestamp":"2025-07-25T17:05:47.267Z"}
{"level":"warn","message":"Skipping invalid key in record: ","timestamp":"2025-07-25T17:05:47.267Z"}
{"level":"warn","message":"Skipping invalid key in record: ","timestamp":"2025-07-25T17:05:47.267Z"}
{"level":"warn","message":"Skipping invalid key in record: ","timestamp":"2025-07-25T17:05:47.267Z"}
{"level":"warn","message":"Skipping invalid key in record: ","timestamp":"2025-07-25T17:05:47.267Z"}
{"level":"warn","message":"Skipping invalid key in record: ","timestamp":"2025-07-25T17:05:47.267Z"}
{"level":"warn","message":"Skipping invalid key in record: ","timestamp":"2025-07-25T17:05:47.268Z"}
{"level":"warn","message":"Skipping invalid key in record: ","timestamp":"2025-07-25T17:05:47.268Z"}
{"level":"warn","message":"Skipping invalid key in record: ","timestamp":"2025-07-25T17:05:47.268Z"}
{"level":"warn","message":"Skipping invalid key in record: ","timestamp":"2025-07-25T17:05:47.268Z"}
{"level":"warn","message":"Skipping invalid key in record: ","timestamp":"2025-07-25T17:05:47.268Z"}
{"level":"warn","message":"Skipping invalid key in record: ","timestamp":"2025-07-25T17:05:47.268Z"}
{"level":"warn","message":"Skipping invalid key in record: ","timestamp":"2025-07-25T17:05:47.268Z"}
{"level":"warn","message":"Skipping invalid key in record: ","timestamp":"2025-07-25T17:05:47.268Z"}
{"level":"warn","message":"Skipping invalid key in record: ","timestamp":"2025-07-25T17:05:47.268Z"}
{"level":"warn","message":"Skipping invalid key in record: ","timestamp":"2025-07-25T17:05:47.268Z"}
{"level":"warn","message":"Skipping record with missing or invalid Active substance: {\"Medicine name\":null,\"Related EMA product number\":null,\"Active substance\":null,\"Date of designation / refusal\":\"2018-12-14T00:00:00.000Z\",\"Intended use\":\"Treatment of biliary atresia\",\"EU designation number\":\"EU/3/18/2103\",\"Status\":\"Positive\",\"First published date\":\"2019-03-12T00:00:00.000Z\",\"Last updated date\":null,\"Orphan designation URL\":\"https://www.ema.europa.eu/en/medicines/human/orphan-designations/eu-3-18-2103\"}","timestamp":"2025-07-25T17:05:47.268Z"}
{"level":"warn","message":"Skipping invalid key in record: ","timestamp":"2025-07-25T17:05:47.268Z"}
{"level":"warn","message":"Skipping invalid key in record: ","timestamp":"2025-07-25T17:05:47.268Z"}
{"level":"warn","message":"Skipping invalid key in record: ","timestamp":"2025-07-25T17:05:47.268Z"}
{"level":"warn","message":"Skipping invalid key in record: ","timestamp":"2025-07-25T17:05:47.268Z"}
{"level":"warn","message":"Skipping invalid key in record: ","timestamp":"2025-07-25T17:05:47.268Z"}
{"level":"warn","message":"Skipping invalid key in record: ","timestamp":"2025-07-25T17:05:47.268Z"}
{"level":"warn","message":"Skipping invalid key in record: ","timestamp":"2025-07-25T17:05:47.268Z"}
{"level":"warn","message":"Skipping invalid key in record: ","timestamp":"2025-07-25T17:05:47.269Z"}
{"level":"warn","message":"Skipping invalid key in record: ","timestamp":"2025-07-25T17:05:47.269Z"}
{"level":"warn","message":"Skipping invalid key in record: ","timestamp":"2025-07-25T17:05:47.269Z"}
{"level":"warn","message":"Skipping invalid key in record: ","timestamp":"2025-07-25T17:05:47.269Z"}
{"level":"warn","message":"Skipping invalid key in record: ","timestamp":"2025-07-25T17:05:47.269Z"}
{"level":"warn","message":"Skipping invalid key in record: ","timestamp":"2025-07-25T17:05:47.269Z"}
{"level":"warn","message":"Skipping invalid key in record: ","timestamp":"2025-07-25T17:05:47.269Z"}
{"level":"warn","message":"Skipping invalid key in record: ","timestamp":"2025-07-25T17:05:47.269Z"}
{"level":"warn","message":"Skipping invalid key in record: ","timestamp":"2025-07-25T17:05:47.269Z"}
{"level":"warn","message":"Skipping invalid key in record: ","timestamp":"2025-07-25T17:05:47.269Z"}
{"level":"warn","message":"Skipping invalid key in record: ","timestamp":"2025-07-25T17:05:47.269Z"}
{"level":"warn","message":"Skipping invalid key in record: ","timestamp":"2025-07-25T17:05:47.270Z"}
{"level":"warn","message":"Skipping invalid key in record: ","timestamp":"2025-07-25T17:05:47.270Z"}
{"level":"warn","message":"Skipping invalid key in record: ","timestamp":"2025-07-25T17:05:47.270Z"}
{"level":"warn","message":"Skipping invalid key in record: ","timestamp":"2025-07-25T17:05:47.270Z"}
{"level":"warn","message":"Skipping invalid key in record: ","timestamp":"2025-07-25T17:05:47.270Z"}
{"level":"warn","message":"Skipping invalid key in record: ","timestamp":"2025-07-25T17:05:47.270Z"}
{"level":"warn","message":"Skipping invalid key in record: ","timestamp":"2025-07-25T17:05:47.270Z"}
{"level":"warn","message":"Skipping invalid key in record: ","timestamp":"2025-07-25T17:05:47.270Z"}
{"level":"info","message":"CSV Headers: Medicine name,Related EMA product number,Active substance,Date of designation / refusal,Intended use,EU designation number,Status,First published date,Last updated date,Orphan designation URL,","timestamp":"2025-07-25T17:05:47.278Z"}
{"level":"warn","message":"Skipping invalid key in record: ","timestamp":"2025-07-25T17:05:47.279Z"}
{"level":"warn","message":"Skipping invalid key in record: ","timestamp":"2025-07-25T17:05:47.279Z"}
{"level":"warn","message":"Skipping invalid key in record: ","timestamp":"2025-07-25T17:05:47.279Z"}
{"level":"warn","message":"Skipping invalid key in record: ","timestamp":"2025-07-25T17:05:47.279Z"}
{"level":"warn","message":"Skipping invalid key in record: ","timestamp":"2025-07-25T17:05:47.279Z"}
{"level":"warn","message":"Skipping invalid key in record: ","timestamp":"2025-07-25T17:05:47.279Z"}
{"level":"warn","message":"Skipping invalid key in record: ","timestamp":"2025-07-25T17:05:47.280Z"}
{"level":"warn","message":"Skipping invalid key in record: ","timestamp":"2025-07-25T17:05:47.280Z"}
{"level":"warn","message":"Skipping invalid key in record: ","timestamp":"2025-07-25T17:05:47.280Z"}
{"level":"warn","message":"Skipping invalid key in record: ","timestamp":"2025-07-25T17:05:47.280Z"}
{"level":"warn","message":"Skipping invalid key in record: ","timestamp":"2025-07-25T17:05:47.280Z"}
{"level":"warn","message":"Skipping invalid key in record: ","timestamp":"2025-07-25T17:05:47.280Z"}
{"level":"warn","message":"Skipping invalid key in record: ","timestamp":"2025-07-25T17:05:47.280Z"}
{"level":"warn","message":"Skipping invalid key in record: ","timestamp":"2025-07-25T17:05:47.280Z"}
{"level":"warn","message":"Skipping invalid key in record: ","timestamp":"2025-07-25T17:05:47.280Z"}
{"level":"warn","message":"Skipping invalid key in record: ","timestamp":"2025-07-25T17:05:47.280Z"}
{"level":"warn","message":"Skipping invalid key in record: ","timestamp":"2025-07-25T17:05:47.280Z"}
{"level":"warn","message":"Skipping invalid key in record: ","timestamp":"2025-07-25T17:05:47.281Z"}
{"level":"warn","message":"Skipping invalid key in record: ","timestamp":"2025-07-25T17:05:47.281Z"}
{"level":"warn","message":"Skipping invalid key in record: ","timestamp":"2025-07-25T17:05:47.281Z"}
{"level":"warn","message":"Skipping invalid key in record: ","timestamp":"2025-07-25T17:05:47.281Z"}
{"level":"warn","message":"Skipping invalid key in record: ","timestamp":"2025-07-25T17:05:47.281Z"}
{"level":"warn","message":"Skipping invalid key in record: ","timestamp":"2025-07-25T17:05:47.281Z"}
{"level":"warn","message":"Skipping invalid key in record: ","timestamp":"2025-07-25T17:05:47.281Z"}
{"level":"warn","message":"Skipping invalid key in record: ","timestamp":"2025-07-25T17:05:47.281Z"}
{"level":"warn","message":"Skipping invalid key in record: ","timestamp":"2025-07-25T17:05:47.281Z"}
{"level":"warn","message":"Skipping invalid key in record: ","timestamp":"2025-07-25T17:05:47.281Z"}
{"level":"warn","message":"Skipping invalid key in record: ","timestamp":"2025-07-25T17:05:47.281Z"}
{"level":"warn","message":"Skipping invalid key in record: ","timestamp":"2025-07-25T17:05:47.281Z"}
{"level":"warn","message":"Skipping invalid key in record: ","timestamp":"2025-07-25T17:05:47.281Z"}
{"level":"warn","message":"Skipping invalid key in record: ","timestamp":"2025-07-25T17:05:47.281Z"}
{"level":"warn","message":"Skipping invalid key in record: ","timestamp":"2025-07-25T17:05:47.281Z"}
{"level":"warn","message":"Skipping invalid key in record: ","timestamp":"2025-07-25T17:05:47.281Z"}
{"level":"warn","message":"Skipping record with missing or invalid Active substance: {\"Medicine name\":null,\"Related EMA product number\":null,\"Active substance\":null,\"Date of designation / refusal\":\"2018-08-24T00:00:00.000Z\",\"Intended use\":\"Treatment of glioma\",\"EU designation number\":\"EU/3/18/2055\",\"Status\":\"Positive\",\"First published date\":\"2018-12-19T00:00:00.000Z\",\"Last updated date\":null,\"Orphan designation URL\":\"https://www.ema.europa.eu/en/medicines/human/orphan-designations/eu-3-18-2055\"}","timestamp":"2025-07-25T17:05:47.282Z"}
{"level":"warn","message":"Skipping invalid key in record: ","timestamp":"2025-07-25T17:05:47.282Z"}
{"level":"warn","message":"Skipping invalid key in record: ","timestamp":"2025-07-25T17:05:47.282Z"}
{"level":"warn","message":"Skipping invalid key in record: ","timestamp":"2025-07-25T17:05:47.282Z"}
{"level":"warn","message":"Skipping invalid key in record: ","timestamp":"2025-07-25T17:05:47.282Z"}
{"level":"warn","message":"Skipping invalid key in record: ","timestamp":"2025-07-25T17:05:47.282Z"}
{"level":"warn","message":"Skipping invalid key in record: ","timestamp":"2025-07-25T17:05:47.282Z"}
{"level":"warn","message":"Skipping invalid key in record: ","timestamp":"2025-07-25T17:05:47.282Z"}
{"level":"warn","message":"Skipping invalid key in record: ","timestamp":"2025-07-25T17:05:47.282Z"}
{"level":"warn","message":"Skipping invalid key in record: ","timestamp":"2025-07-25T17:05:47.282Z"}
{"level":"warn","message":"Skipping record with missing or invalid Active substance: {\"Medicine name\":null,\"Related EMA product number\":null,\"Active substance\":null,\"Date of designation / refusal\":\"2017-10-12T00:00:00.000Z\",\"Intended use\":\"Treatment of systemic sclerosis\",\"EU designation number\":\"EU/3/17/1933\",\"Status\":\"Positive\",\"First published date\":\"2018-01-15T00:00:00.000Z\",\"Last updated date\":\"2018-12-07T00:00:00.000Z\",\"Orphan designation URL\":\"https://www.ema.europa.eu/en/medicines/human/orphan-designations/eu-3-17-1933\"}","timestamp":"2025-07-25T17:05:47.282Z"}
{"level":"warn","message":"Skipping invalid key in record: ","timestamp":"2025-07-25T17:05:47.282Z"}
{"level":"warn","message":"Skipping invalid key in record: ","timestamp":"2025-07-25T17:05:47.282Z"}
{"level":"warn","message":"Skipping invalid key in record: ","timestamp":"2025-07-25T17:05:47.282Z"}
{"level":"warn","message":"Skipping invalid key in record: ","timestamp":"2025-07-25T17:05:47.282Z"}
{"level":"warn","message":"Skipping invalid key in record: ","timestamp":"2025-07-25T17:05:47.282Z"}
{"level":"warn","message":"Skipping invalid key in record: ","timestamp":"2025-07-25T17:05:47.283Z"}
{"level":"warn","message":"Skipping invalid key in record: ","timestamp":"2025-07-25T17:05:47.283Z"}
{"level":"warn","message":"Skipping invalid key in record: ","timestamp":"2025-07-25T17:05:47.283Z"}
{"level":"warn","message":"Skipping invalid key in record: ","timestamp":"2025-07-25T17:05:47.283Z"}
{"level":"warn","message":"Skipping invalid key in record: ","timestamp":"2025-07-25T17:05:47.283Z"}
{"level":"warn","message":"Skipping invalid key in record: ","timestamp":"2025-07-25T17:05:47.283Z"}
{"level":"info","message":"CSV Headers: Medicine name,Related EMA product number,Active substance,Date of designation / refusal,Intended use,EU designation number,Status,First published date,Last updated date,Orphan designation URL,","timestamp":"2025-07-25T17:05:47.294Z"}
{"level":"warn","message":"Skipping invalid key in record: ","timestamp":"2025-07-25T17:05:47.294Z"}
{"level":"warn","message":"Skipping invalid key in record: ","timestamp":"2025-07-25T17:05:47.295Z"}
{"level":"warn","message":"Skipping invalid key in record: ","timestamp":"2025-07-25T17:05:47.295Z"}
{"level":"warn","message":"Skipping invalid key in record: ","timestamp":"2025-07-25T17:05:47.295Z"}
{"level":"warn","message":"Skipping invalid key in record: ","timestamp":"2025-07-25T17:05:47.295Z"}
{"level":"warn","message":"Skipping invalid key in record: ","timestamp":"2025-07-25T17:05:47.295Z"}
{"level":"warn","message":"Skipping invalid key in record: ","timestamp":"2025-07-25T17:05:47.295Z"}
{"level":"warn","message":"Skipping invalid key in record: ","timestamp":"2025-07-25T17:05:47.295Z"}
{"level":"warn","message":"Skipping invalid key in record: ","timestamp":"2025-07-25T17:05:47.295Z"}
{"level":"warn","message":"Skipping invalid key in record: ","timestamp":"2025-07-25T17:05:47.295Z"}
{"level":"warn","message":"Skipping invalid key in record: ","timestamp":"2025-07-25T17:05:47.295Z"}
{"level":"warn","message":"Skipping invalid key in record: ","timestamp":"2025-07-25T17:05:47.295Z"}
{"level":"warn","message":"Skipping invalid key in record: ","timestamp":"2025-07-25T17:05:47.295Z"}
{"level":"warn","message":"Skipping invalid key in record: ","timestamp":"2025-07-25T17:05:47.296Z"}
{"level":"warn","message":"Skipping invalid key in record: ","timestamp":"2025-07-25T17:05:47.296Z"}
{"level":"warn","message":"Skipping invalid key in record: ","timestamp":"2025-07-25T17:05:47.296Z"}
{"level":"warn","message":"Skipping invalid key in record: ","timestamp":"2025-07-25T17:05:47.296Z"}
{"level":"warn","message":"Skipping invalid key in record: ","timestamp":"2025-07-25T17:05:47.296Z"}
{"level":"warn","message":"Skipping record with missing or invalid Active substance: {\"Medicine name\":null,\"Related EMA product number\":null,\"Active substance\":null,\"Date of designation / refusal\":\"2018-07-31T00:00:00.000Z\",\"Intended use\":\"Treatment of primary hyperoxaluria\",\"EU designation number\":\"EU/3/18/2052\",\"Status\":\"Positive\",\"First published date\":\"2018-10-11T00:00:00.000Z\",\"Last updated date\":null,\"Orphan designation URL\":\"https://www.ema.europa.eu/en/medicines/human/orphan-designations/eu-3-18-2052\"}","timestamp":"2025-07-25T17:05:47.296Z"}
{"level":"warn","message":"Skipping invalid key in record: ","timestamp":"2025-07-25T17:05:47.296Z"}
{"level":"warn","message":"Skipping invalid key in record: ","timestamp":"2025-07-25T17:05:47.296Z"}
{"level":"warn","message":"Skipping invalid key in record: ","timestamp":"2025-07-25T17:05:47.296Z"}
{"level":"warn","message":"Skipping invalid key in record: ","timestamp":"2025-07-25T17:05:47.296Z"}
{"level":"warn","message":"Skipping invalid key in record: ","timestamp":"2025-07-25T17:05:47.296Z"}
{"level":"warn","message":"Skipping invalid key in record: ","timestamp":"2025-07-25T17:05:47.296Z"}
{"level":"warn","message":"Skipping invalid key in record: ","timestamp":"2025-07-25T17:05:47.297Z"}
{"level":"warn","message":"Skipping invalid key in record: ","timestamp":"2025-07-25T17:05:47.297Z"}
{"level":"warn","message":"Skipping invalid key in record: ","timestamp":"2025-07-25T17:05:47.297Z"}
{"level":"warn","message":"Skipping invalid key in record: ","timestamp":"2025-07-25T17:05:47.297Z"}
{"level":"warn","message":"Skipping invalid key in record: ","timestamp":"2025-07-25T17:05:47.297Z"}
{"level":"warn","message":"Skipping invalid key in record: ","timestamp":"2025-07-25T17:05:47.297Z"}
{"level":"warn","message":"Skipping invalid key in record: ","timestamp":"2025-07-25T17:05:47.297Z"}
{"level":"warn","message":"Skipping invalid key in record: ","timestamp":"2025-07-25T17:05:47.297Z"}
{"level":"warn","message":"Skipping invalid key in record: ","timestamp":"2025-07-25T17:05:47.297Z"}
{"level":"warn","message":"Skipping invalid key in record: ","timestamp":"2025-07-25T17:05:47.297Z"}
{"level":"warn","message":"Skipping invalid key in record: ","timestamp":"2025-07-25T17:05:47.297Z"}
{"level":"warn","message":"Skipping invalid key in record: ","timestamp":"2025-07-25T17:05:47.298Z"}
{"level":"warn","message":"Skipping invalid key in record: ","timestamp":"2025-07-25T17:05:47.298Z"}
{"level":"warn","message":"Skipping invalid key in record: ","timestamp":"2025-07-25T17:05:47.298Z"}
{"level":"warn","message":"Skipping invalid key in record: ","timestamp":"2025-07-25T17:05:47.298Z"}
{"level":"warn","message":"Skipping invalid key in record: ","timestamp":"2025-07-25T17:05:47.298Z"}
{"level":"warn","message":"Skipping invalid key in record: ","timestamp":"2025-07-25T17:05:47.298Z"}
{"level":"warn","message":"Skipping invalid key in record: ","timestamp":"2025-07-25T17:05:47.298Z"}
{"level":"warn","message":"Skipping invalid key in record: ","timestamp":"2025-07-25T17:05:47.298Z"}
{"level":"warn","message":"Skipping invalid key in record: ","timestamp":"2025-07-25T17:05:47.298Z"}
{"level":"warn","message":"Skipping invalid key in record: ","timestamp":"2025-07-25T17:05:47.298Z"}
{"level":"warn","message":"Skipping invalid key in record: ","timestamp":"2025-07-25T17:05:47.298Z"}
{"level":"warn","message":"Skipping invalid key in record: ","timestamp":"2025-07-25T17:05:47.298Z"}
{"level":"warn","message":"Skipping invalid key in record: ","timestamp":"2025-07-25T17:05:47.298Z"}
{"level":"warn","message":"Skipping invalid key in record: ","timestamp":"2025-07-25T17:05:47.299Z"}
{"level":"warn","message":"Skipping invalid key in record: ","timestamp":"2025-07-25T17:05:47.299Z"}
{"level":"warn","message":"Skipping invalid key in record: ","timestamp":"2025-07-25T17:05:47.299Z"}
{"level":"warn","message":"Skipping invalid key in record: ","timestamp":"2025-07-25T17:05:47.299Z"}
{"level":"info","message":"CSV Headers: Medicine name,Related EMA product number,Active substance,Date of designation / refusal,Intended use,EU designation number,Status,First published date,Last updated date,Orphan designation URL,","timestamp":"2025-07-25T17:05:47.311Z"}
{"level":"warn","message":"Skipping invalid key in record: ","timestamp":"2025-07-25T17:05:47.311Z"}
{"level":"warn","message":"Skipping invalid key in record: ","timestamp":"2025-07-25T17:05:47.311Z"}
{"level":"warn","message":"Skipping invalid key in record: ","timestamp":"2025-07-25T17:05:47.311Z"}
{"level":"warn","message":"Skipping invalid key in record: ","timestamp":"2025-07-25T17:05:47.312Z"}
{"level":"warn","message":"Skipping invalid key in record: ","timestamp":"2025-07-25T17:05:47.312Z"}
{"level":"warn","message":"Skipping invalid key in record: ","timestamp":"2025-07-25T17:05:47.312Z"}
{"level":"warn","message":"Skipping invalid key in record: ","timestamp":"2025-07-25T17:05:47.312Z"}
{"level":"warn","message":"Skipping invalid key in record: ","timestamp":"2025-07-25T17:05:47.312Z"}
{"level":"warn","message":"Skipping invalid key in record: ","timestamp":"2025-07-25T17:05:47.312Z"}
{"level":"warn","message":"Skipping invalid key in record: ","timestamp":"2025-07-25T17:05:47.312Z"}
{"level":"warn","message":"Skipping invalid key in record: ","timestamp":"2025-07-25T17:05:47.312Z"}
{"level":"warn","message":"Skipping invalid key in record: ","timestamp":"2025-07-25T17:05:47.312Z"}
{"level":"info","message":"Processed 2000 records (inserted: 999, updated: 1, skipped: 26)","timestamp":"2025-07-25T17:05:47.313Z"}
{"level":"warn","message":"Skipping invalid key in record: ","timestamp":"2025-07-25T17:05:47.313Z"}
{"level":"warn","message":"Skipping invalid key in record: ","timestamp":"2025-07-25T17:05:47.313Z"}
{"level":"warn","message":"Skipping invalid key in record: ","timestamp":"2025-07-25T17:05:47.313Z"}
{"level":"warn","message":"Skipping invalid key in record: ","timestamp":"2025-07-25T17:05:47.313Z"}
{"level":"warn","message":"Skipping invalid key in record: ","timestamp":"2025-07-25T17:05:47.313Z"}
{"level":"warn","message":"Skipping invalid key in record: ","timestamp":"2025-07-25T17:05:47.313Z"}
{"level":"warn","message":"Skipping invalid key in record: ","timestamp":"2025-07-25T17:05:47.313Z"}
{"level":"warn","message":"Skipping invalid key in record: ","timestamp":"2025-07-25T17:05:47.313Z"}
{"level":"warn","message":"Skipping invalid key in record: ","timestamp":"2025-07-25T17:05:47.313Z"}
{"level":"warn","message":"Skipping invalid key in record: ","timestamp":"2025-07-25T17:05:47.313Z"}
{"level":"warn","message":"Skipping invalid key in record: ","timestamp":"2025-07-25T17:05:47.313Z"}
{"level":"warn","message":"Skipping invalid key in record: ","timestamp":"2025-07-25T17:05:47.313Z"}
{"level":"warn","message":"Skipping invalid key in record: ","timestamp":"2025-07-25T17:05:47.314Z"}
{"level":"warn","message":"Skipping invalid key in record: ","timestamp":"2025-07-25T17:05:47.314Z"}
{"level":"warn","message":"Skipping invalid key in record: ","timestamp":"2025-07-25T17:05:47.314Z"}
{"level":"warn","message":"Skipping invalid key in record: ","timestamp":"2025-07-25T17:05:47.314Z"}
{"level":"warn","message":"Skipping invalid key in record: ","timestamp":"2025-07-25T17:05:47.314Z"}
{"level":"warn","message":"Skipping invalid key in record: ","timestamp":"2025-07-25T17:05:47.314Z"}
{"level":"warn","message":"Skipping invalid key in record: ","timestamp":"2025-07-25T17:05:47.314Z"}
{"level":"warn","message":"Skipping invalid key in record: ","timestamp":"2025-07-25T17:05:47.314Z"}
{"level":"warn","message":"Skipping invalid key in record: ","timestamp":"2025-07-25T17:05:47.314Z"}
{"level":"warn","message":"Skipping invalid key in record: ","timestamp":"2025-07-25T17:05:47.314Z"}
{"level":"warn","message":"Skipping invalid key in record: ","timestamp":"2025-07-25T17:05:47.314Z"}
{"level":"warn","message":"Skipping invalid key in record: ","timestamp":"2025-07-25T17:05:47.314Z"}
{"level":"warn","message":"Skipping invalid key in record: ","timestamp":"2025-07-25T17:05:47.314Z"}
{"level":"warn","message":"Skipping invalid key in record: ","timestamp":"2025-07-25T17:05:47.314Z"}
{"level":"info","message":"Processed batch: inserted 990, updated 10","timestamp":"2025-07-25T17:05:50.750Z"}
{"level":"warn","message":"Skipping invalid key in record: ","timestamp":"2025-07-25T17:05:50.751Z"}
{"level":"warn","message":"Skipping invalid key in record: ","timestamp":"2025-07-25T17:05:50.751Z"}
{"level":"warn","message":"Skipping invalid key in record: ","timestamp":"2025-07-25T17:05:50.751Z"}
{"level":"warn","message":"Skipping invalid key in record: ","timestamp":"2025-07-25T17:05:50.751Z"}
{"level":"warn","message":"Skipping invalid key in record: ","timestamp":"2025-07-25T17:05:50.751Z"}
{"level":"warn","message":"Skipping invalid key in record: ","timestamp":"2025-07-25T17:05:50.751Z"}
{"level":"warn","message":"Skipping invalid key in record: ","timestamp":"2025-07-25T17:05:50.752Z"}
{"level":"warn","message":"Skipping invalid key in record: ","timestamp":"2025-07-25T17:05:50.752Z"}
{"level":"warn","message":"Skipping invalid key in record: ","timestamp":"2025-07-25T17:05:50.752Z"}
{"level":"warn","message":"Skipping invalid key in record: ","timestamp":"2025-07-25T17:05:50.752Z"}
{"level":"warn","message":"Skipping invalid key in record: ","timestamp":"2025-07-25T17:05:50.752Z"}
{"level":"warn","message":"Skipping invalid key in record: ","timestamp":"2025-07-25T17:05:50.752Z"}
{"level":"warn","message":"Skipping invalid key in record: ","timestamp":"2025-07-25T17:05:50.753Z"}
{"level":"warn","message":"Skipping invalid key in record: ","timestamp":"2025-07-25T17:05:50.753Z"}
{"level":"warn","message":"Skipping invalid key in record: ","timestamp":"2025-07-25T17:05:50.753Z"}
{"level":"warn","message":"Skipping invalid key in record: ","timestamp":"2025-07-25T17:05:50.753Z"}
{"level":"warn","message":"Skipping invalid key in record: ","timestamp":"2025-07-25T17:05:50.753Z"}
{"level":"warn","message":"Skipping invalid key in record: ","timestamp":"2025-07-25T17:05:50.753Z"}
{"level":"warn","message":"Skipping invalid key in record: ","timestamp":"2025-07-25T17:05:50.753Z"}
{"level":"warn","message":"Skipping invalid key in record: ","timestamp":"2025-07-25T17:05:50.753Z"}
{"level":"warn","message":"Skipping invalid key in record: ","timestamp":"2025-07-25T17:05:50.754Z"}
{"level":"warn","message":"Skipping invalid key in record: ","timestamp":"2025-07-25T17:05:50.754Z"}
{"level":"warn","message":"Skipping invalid key in record: ","timestamp":"2025-07-25T17:05:50.754Z"}
{"level":"warn","message":"Skipping invalid key in record: ","timestamp":"2025-07-25T17:05:50.754Z"}
{"level":"warn","message":"Skipping invalid key in record: ","timestamp":"2025-07-25T17:05:50.754Z"}
{"level":"warn","message":"Skipping invalid key in record: ","timestamp":"2025-07-25T17:05:50.754Z"}
{"level":"warn","message":"Skipping invalid key in record: ","timestamp":"2025-07-25T17:05:50.755Z"}
{"level":"warn","message":"Skipping invalid key in record: ","timestamp":"2025-07-25T17:05:50.755Z"}
{"level":"warn","message":"Skipping invalid key in record: ","timestamp":"2025-07-25T17:05:50.755Z"}
{"level":"warn","message":"Skipping invalid key in record: ","timestamp":"2025-07-25T17:05:50.755Z"}
{"level":"warn","message":"Skipping invalid key in record: ","timestamp":"2025-07-25T17:05:50.755Z"}
{"level":"warn","message":"Skipping invalid key in record: ","timestamp":"2025-07-25T17:05:50.755Z"}
{"level":"warn","message":"Skipping invalid key in record: ","timestamp":"2025-07-25T17:05:50.755Z"}
{"level":"warn","message":"Skipping invalid key in record: ","timestamp":"2025-07-25T17:05:50.756Z"}
{"level":"warn","message":"Skipping invalid key in record: ","timestamp":"2025-07-25T17:05:50.756Z"}
{"level":"warn","message":"Skipping invalid key in record: ","timestamp":"2025-07-25T17:05:50.756Z"}
{"level":"warn","message":"Skipping invalid key in record: ","timestamp":"2025-07-25T17:05:50.756Z"}
{"level":"warn","message":"Skipping invalid key in record: ","timestamp":"2025-07-25T17:05:50.756Z"}
{"level":"warn","message":"Skipping invalid key in record: ","timestamp":"2025-07-25T17:05:50.756Z"}
{"level":"warn","message":"Skipping invalid key in record: ","timestamp":"2025-07-25T17:05:50.756Z"}
{"level":"warn","message":"Skipping invalid key in record: ","timestamp":"2025-07-25T17:05:50.756Z"}
{"level":"warn","message":"Skipping invalid key in record: ","timestamp":"2025-07-25T17:05:50.756Z"}
{"level":"warn","message":"Skipping invalid key in record: ","timestamp":"2025-07-25T17:05:50.757Z"}
{"level":"warn","message":"Skipping invalid key in record: ","timestamp":"2025-07-25T17:05:50.757Z"}
{"level":"warn","message":"Skipping invalid key in record: ","timestamp":"2025-07-25T17:05:50.757Z"}
{"level":"warn","message":"Skipping invalid key in record: ","timestamp":"2025-07-25T17:05:50.757Z"}
{"level":"warn","message":"Skipping invalid key in record: ","timestamp":"2025-07-25T17:05:50.757Z"}
{"level":"warn","message":"Skipping invalid key in record: ","timestamp":"2025-07-25T17:05:50.757Z"}
{"level":"warn","message":"Skipping invalid key in record: ","timestamp":"2025-07-25T17:05:50.758Z"}
{"level":"warn","message":"Skipping invalid key in record: ","timestamp":"2025-07-25T17:05:50.758Z"}
{"level":"warn","message":"Skipping invalid key in record: ","timestamp":"2025-07-25T17:05:50.758Z"}
{"level":"warn","message":"Skipping invalid key in record: ","timestamp":"2025-07-25T17:05:50.758Z"}
{"level":"warn","message":"Skipping invalid key in record: ","timestamp":"2025-07-25T17:05:50.758Z"}
{"level":"warn","message":"Skipping invalid key in record: ","timestamp":"2025-07-25T17:05:50.758Z"}
{"level":"warn","message":"Skipping invalid key in record: ","timestamp":"2025-07-25T17:05:50.759Z"}
{"level":"warn","message":"Skipping invalid key in record: ","timestamp":"2025-07-25T17:05:50.759Z"}
{"level":"warn","message":"Skipping invalid key in record: ","timestamp":"2025-07-25T17:05:50.759Z"}
{"level":"warn","message":"Skipping invalid key in record: ","timestamp":"2025-07-25T17:05:50.759Z"}
{"level":"warn","message":"Skipping invalid key in record: ","timestamp":"2025-07-25T17:05:50.759Z"}
{"level":"warn","message":"Skipping invalid key in record: ","timestamp":"2025-07-25T17:05:50.759Z"}
{"level":"warn","message":"Skipping invalid key in record: ","timestamp":"2025-07-25T17:05:50.759Z"}
{"level":"warn","message":"Skipping invalid key in record: ","timestamp":"2025-07-25T17:05:50.759Z"}
{"level":"warn","message":"Skipping invalid key in record: ","timestamp":"2025-07-25T17:05:50.759Z"}
{"level":"warn","message":"Skipping invalid key in record: ","timestamp":"2025-07-25T17:05:50.760Z"}
{"level":"warn","message":"Skipping invalid key in record: ","timestamp":"2025-07-25T17:05:50.760Z"}
{"level":"warn","message":"Skipping invalid key in record: ","timestamp":"2025-07-25T17:05:50.760Z"}
{"level":"info","message":"CSV Headers: Medicine name,Related EMA product number,Active substance,Date of designation / refusal,Intended use,EU designation number,Status,First published date,Last updated date,Orphan designation URL,","timestamp":"2025-07-25T17:05:50.766Z"}
{"level":"warn","message":"Skipping invalid key in record: ","timestamp":"2025-07-25T17:05:50.766Z"}
{"level":"warn","message":"Skipping invalid key in record: ","timestamp":"2025-07-25T17:05:50.767Z"}
{"level":"warn","message":"Skipping invalid key in record: ","timestamp":"2025-07-25T17:05:50.767Z"}
{"level":"warn","message":"Skipping invalid key in record: ","timestamp":"2025-07-25T17:05:50.767Z"}
{"level":"warn","message":"Skipping invalid key in record: ","timestamp":"2025-07-25T17:05:50.767Z"}
{"level":"warn","message":"Skipping invalid key in record: ","timestamp":"2025-07-25T17:05:50.767Z"}
{"level":"warn","message":"Skipping invalid key in record: ","timestamp":"2025-07-25T17:05:50.767Z"}
{"level":"warn","message":"Skipping invalid key in record: ","timestamp":"2025-07-25T17:05:50.767Z"}
{"level":"warn","message":"Skipping invalid key in record: ","timestamp":"2025-07-25T17:05:50.767Z"}
{"level":"warn","message":"Skipping invalid key in record: ","timestamp":"2025-07-25T17:05:50.768Z"}
{"level":"warn","message":"Skipping invalid key in record: ","timestamp":"2025-07-25T17:05:50.768Z"}
{"level":"warn","message":"Skipping invalid key in record: ","timestamp":"2025-07-25T17:05:50.768Z"}
{"level":"warn","message":"Skipping invalid key in record: ","timestamp":"2025-07-25T17:05:50.768Z"}
{"level":"warn","message":"Skipping invalid key in record: ","timestamp":"2025-07-25T17:05:50.768Z"}
{"level":"warn","message":"Skipping invalid key in record: ","timestamp":"2025-07-25T17:05:50.768Z"}
{"level":"warn","message":"Skipping invalid key in record: ","timestamp":"2025-07-25T17:05:50.768Z"}
{"level":"warn","message":"Skipping invalid key in record: ","timestamp":"2025-07-25T17:05:50.768Z"}
{"level":"warn","message":"Skipping invalid key in record: ","timestamp":"2025-07-25T17:05:50.768Z"}
{"level":"warn","message":"Skipping invalid key in record: ","timestamp":"2025-07-25T17:05:50.768Z"}
{"level":"warn","message":"Skipping invalid key in record: ","timestamp":"2025-07-25T17:05:50.768Z"}
{"level":"warn","message":"Skipping invalid key in record: ","timestamp":"2025-07-25T17:05:50.768Z"}
{"level":"warn","message":"Skipping invalid key in record: ","timestamp":"2025-07-25T17:05:50.769Z"}
{"level":"warn","message":"Skipping invalid key in record: ","timestamp":"2025-07-25T17:05:50.769Z"}
{"level":"warn","message":"Skipping invalid key in record: ","timestamp":"2025-07-25T17:05:50.769Z"}
{"level":"warn","message":"Skipping invalid key in record: ","timestamp":"2025-07-25T17:05:50.769Z"}
{"level":"warn","message":"Skipping invalid key in record: ","timestamp":"2025-07-25T17:05:50.769Z"}
{"level":"warn","message":"Skipping invalid key in record: ","timestamp":"2025-07-25T17:05:50.769Z"}
{"level":"warn","message":"Skipping invalid key in record: ","timestamp":"2025-07-25T17:05:50.769Z"}
{"level":"warn","message":"Skipping invalid key in record: ","timestamp":"2025-07-25T17:05:50.769Z"}
{"level":"warn","message":"Skipping invalid key in record: ","timestamp":"2025-07-25T17:05:50.769Z"}
{"level":"warn","message":"Skipping invalid key in record: ","timestamp":"2025-07-25T17:05:50.770Z"}
{"level":"warn","message":"Skipping invalid key in record: ","timestamp":"2025-07-25T17:05:50.770Z"}
{"level":"warn","message":"Skipping invalid key in record: ","timestamp":"2025-07-25T17:05:50.770Z"}
{"level":"warn","message":"Skipping invalid key in record: ","timestamp":"2025-07-25T17:05:50.770Z"}
{"level":"warn","message":"Skipping invalid key in record: ","timestamp":"2025-07-25T17:05:50.770Z"}
{"level":"warn","message":"Skipping invalid key in record: ","timestamp":"2025-07-25T17:05:50.770Z"}
{"level":"warn","message":"Skipping invalid key in record: ","timestamp":"2025-07-25T17:05:50.770Z"}
{"level":"warn","message":"Skipping invalid key in record: ","timestamp":"2025-07-25T17:05:50.770Z"}
{"level":"warn","message":"Skipping invalid key in record: ","timestamp":"2025-07-25T17:05:50.770Z"}
{"level":"warn","message":"Skipping invalid key in record: ","timestamp":"2025-07-25T17:05:50.771Z"}
{"level":"warn","message":"Skipping invalid key in record: ","timestamp":"2025-07-25T17:05:50.771Z"}
{"level":"warn","message":"Skipping invalid key in record: ","timestamp":"2025-07-25T17:05:50.771Z"}
{"level":"warn","message":"Skipping invalid key in record: ","timestamp":"2025-07-25T17:05:50.771Z"}
{"level":"warn","message":"Skipping invalid key in record: ","timestamp":"2025-07-25T17:05:50.771Z"}
{"level":"warn","message":"Skipping invalid key in record: ","timestamp":"2025-07-25T17:05:50.772Z"}
{"level":"warn","message":"Skipping invalid key in record: ","timestamp":"2025-07-25T17:05:50.772Z"}
{"level":"warn","message":"Skipping invalid key in record: ","timestamp":"2025-07-25T17:05:50.772Z"}
{"level":"warn","message":"Skipping invalid key in record: ","timestamp":"2025-07-25T17:05:50.772Z"}
{"level":"warn","message":"Skipping invalid key in record: ","timestamp":"2025-07-25T17:05:50.772Z"}
{"level":"warn","message":"Skipping invalid key in record: ","timestamp":"2025-07-25T17:05:50.773Z"}
{"level":"warn","message":"Skipping invalid key in record: ","timestamp":"2025-07-25T17:05:50.773Z"}
{"level":"warn","message":"Skipping invalid key in record: ","timestamp":"2025-07-25T17:05:50.773Z"}
{"level":"warn","message":"Skipping invalid key in record: ","timestamp":"2025-07-25T17:05:50.773Z"}
{"level":"info","message":"CSV Headers: Medicine name,Related EMA product number,Active substance,Date of designation / refusal,Intended use,EU designation number,Status,First published date,Last updated date,Orphan designation URL,","timestamp":"2025-07-25T17:05:50.782Z"}
{"level":"warn","message":"Skipping invalid key in record: ","timestamp":"2025-07-25T17:05:50.782Z"}
{"level":"warn","message":"Skipping invalid key in record: ","timestamp":"2025-07-25T17:05:50.783Z"}
{"level":"warn","message":"Skipping invalid key in record: ","timestamp":"2025-07-25T17:05:50.783Z"}
{"level":"warn","message":"Skipping invalid key in record: ","timestamp":"2025-07-25T17:05:50.783Z"}
{"level":"warn","message":"Skipping invalid key in record: ","timestamp":"2025-07-25T17:05:50.783Z"}
{"level":"warn","message":"Skipping invalid key in record: ","timestamp":"2025-07-25T17:05:50.783Z"}
{"level":"warn","message":"Skipping invalid key in record: ","timestamp":"2025-07-25T17:05:50.783Z"}
{"level":"warn","message":"Skipping invalid key in record: ","timestamp":"2025-07-25T17:05:50.784Z"}
{"level":"warn","message":"Skipping invalid key in record: ","timestamp":"2025-07-25T17:05:50.784Z"}
{"level":"warn","message":"Skipping invalid key in record: ","timestamp":"2025-07-25T17:05:50.784Z"}
{"level":"warn","message":"Skipping invalid key in record: ","timestamp":"2025-07-25T17:05:50.784Z"}
{"level":"warn","message":"Skipping invalid key in record: ","timestamp":"2025-07-25T17:05:50.784Z"}
{"level":"warn","message":"Skipping invalid key in record: ","timestamp":"2025-07-25T17:05:50.785Z"}
{"level":"warn","message":"Skipping invalid key in record: ","timestamp":"2025-07-25T17:05:50.785Z"}
{"level":"warn","message":"Skipping invalid key in record: ","timestamp":"2025-07-25T17:05:50.785Z"}
{"level":"warn","message":"Skipping invalid key in record: ","timestamp":"2025-07-25T17:05:50.785Z"}
{"level":"warn","message":"Skipping invalid key in record: ","timestamp":"2025-07-25T17:05:50.785Z"}
{"level":"warn","message":"Skipping invalid key in record: ","timestamp":"2025-07-25T17:05:50.786Z"}
{"level":"warn","message":"Skipping invalid key in record: ","timestamp":"2025-07-25T17:05:50.786Z"}
{"level":"warn","message":"Skipping invalid key in record: ","timestamp":"2025-07-25T17:05:50.786Z"}
{"level":"warn","message":"Skipping invalid key in record: ","timestamp":"2025-07-25T17:05:50.786Z"}
{"level":"warn","message":"Skipping invalid key in record: ","timestamp":"2025-07-25T17:05:50.786Z"}
{"level":"warn","message":"Skipping invalid key in record: ","timestamp":"2025-07-25T17:05:50.786Z"}
{"level":"warn","message":"Skipping invalid key in record: ","timestamp":"2025-07-25T17:05:50.786Z"}
{"level":"warn","message":"Skipping invalid key in record: ","timestamp":"2025-07-25T17:05:50.787Z"}
{"level":"warn","message":"Skipping invalid key in record: ","timestamp":"2025-07-25T17:05:50.787Z"}
{"level":"warn","message":"Skipping invalid key in record: ","timestamp":"2025-07-25T17:05:50.787Z"}
{"level":"warn","message":"Skipping invalid key in record: ","timestamp":"2025-07-25T17:05:50.787Z"}
{"level":"warn","message":"Skipping invalid key in record: ","timestamp":"2025-07-25T17:05:50.787Z"}
{"level":"warn","message":"Skipping invalid key in record: ","timestamp":"2025-07-25T17:05:50.787Z"}
{"level":"warn","message":"Skipping invalid key in record: ","timestamp":"2025-07-25T17:05:50.787Z"}
{"level":"warn","message":"Skipping invalid key in record: ","timestamp":"2025-07-25T17:05:50.788Z"}
{"level":"warn","message":"Skipping invalid key in record: ","timestamp":"2025-07-25T17:05:50.788Z"}
{"level":"warn","message":"Skipping invalid key in record: ","timestamp":"2025-07-25T17:05:50.788Z"}
{"level":"warn","message":"Skipping invalid key in record: ","timestamp":"2025-07-25T17:05:50.788Z"}
{"level":"warn","message":"Skipping invalid key in record: ","timestamp":"2025-07-25T17:05:50.788Z"}
{"level":"warn","message":"Skipping invalid key in record: ","timestamp":"2025-07-25T17:05:50.788Z"}
{"level":"warn","message":"Skipping invalid key in record: ","timestamp":"2025-07-25T17:05:50.788Z"}
{"level":"warn","message":"Skipping invalid key in record: ","timestamp":"2025-07-25T17:05:50.788Z"}
{"level":"warn","message":"Skipping record with missing or invalid Active substance: {\"Medicine name\":\"Winfuran\",\"Related EMA product number\":\"EMEA/H/C/002683\",\"Active substance\":null,\"Date of designation / refusal\":\"2002-09-11T00:00:00.000Z\",\"Intended use\":\"Treatment of uraemic pruritus\",\"EU designation number\":\"EU/3/02/115\",\"Status\":\"Positive\",\"First published date\":\"2009-02-10T00:00:00.000Z\",\"Last updated date\":\"2017-02-14T00:00:00.000Z\",\"Orphan designation URL\":\"https://www.ema.europa.eu/en/medicines/human/orphan-designations/eu-3-02-115\"}","timestamp":"2025-07-25T17:05:50.789Z"}
{"level":"warn","message":"Skipping invalid key in record: ","timestamp":"2025-07-25T17:05:50.789Z"}
{"level":"warn","message":"Skipping invalid key in record: ","timestamp":"2025-07-25T17:05:50.789Z"}
{"level":"warn","message":"Skipping invalid key in record: ","timestamp":"2025-07-25T17:05:50.789Z"}
{"level":"warn","message":"Skipping invalid key in record: ","timestamp":"2025-07-25T17:05:50.789Z"}
{"level":"warn","message":"Skipping invalid key in record: ","timestamp":"2025-07-25T17:05:50.789Z"}
{"level":"warn","message":"Skipping invalid key in record: ","timestamp":"2025-07-25T17:05:50.789Z"}
{"level":"warn","message":"Skipping invalid key in record: ","timestamp":"2025-07-25T17:05:50.789Z"}
{"level":"warn","message":"Skipping invalid key in record: ","timestamp":"2025-07-25T17:05:50.790Z"}
{"level":"warn","message":"Skipping invalid key in record: ","timestamp":"2025-07-25T17:05:50.790Z"}
{"level":"warn","message":"Skipping invalid key in record: ","timestamp":"2025-07-25T17:05:50.790Z"}
{"level":"warn","message":"Skipping invalid key in record: ","timestamp":"2025-07-25T17:05:50.790Z"}
{"level":"warn","message":"Skipping invalid key in record: ","timestamp":"2025-07-25T17:05:50.790Z"}
{"level":"warn","message":"Skipping invalid key in record: ","timestamp":"2025-07-25T17:05:50.790Z"}
{"level":"warn","message":"Skipping invalid key in record: ","timestamp":"2025-07-25T17:05:50.790Z"}
{"level":"info","message":"CSV Headers: Medicine name,Related EMA product number,Active substance,Date of designation / refusal,Intended use,EU designation number,Status,First published date,Last updated date,Orphan designation URL,","timestamp":"2025-07-25T17:05:50.797Z"}
{"level":"warn","message":"Skipping invalid key in record: ","timestamp":"2025-07-25T17:05:50.798Z"}
{"level":"warn","message":"Skipping invalid key in record: ","timestamp":"2025-07-25T17:05:50.798Z"}
{"level":"warn","message":"Skipping invalid key in record: ","timestamp":"2025-07-25T17:05:50.798Z"}
{"level":"warn","message":"Skipping invalid key in record: ","timestamp":"2025-07-25T17:05:50.798Z"}
{"level":"warn","message":"Skipping invalid key in record: ","timestamp":"2025-07-25T17:05:50.798Z"}
{"level":"warn","message":"Skipping invalid key in record: ","timestamp":"2025-07-25T17:05:50.798Z"}
{"level":"warn","message":"Skipping invalid key in record: ","timestamp":"2025-07-25T17:05:50.798Z"}
{"level":"warn","message":"Skipping invalid key in record: ","timestamp":"2025-07-25T17:05:50.799Z"}
{"level":"warn","message":"Skipping invalid key in record: ","timestamp":"2025-07-25T17:05:50.799Z"}
{"level":"warn","message":"Skipping invalid key in record: ","timestamp":"2025-07-25T17:05:50.799Z"}
{"level":"warn","message":"Skipping invalid key in record: ","timestamp":"2025-07-25T17:05:50.799Z"}
{"level":"warn","message":"Skipping invalid key in record: ","timestamp":"2025-07-25T17:05:50.799Z"}
{"level":"warn","message":"Skipping invalid key in record: ","timestamp":"2025-07-25T17:05:50.799Z"}
{"level":"warn","message":"Skipping invalid key in record: ","timestamp":"2025-07-25T17:05:50.800Z"}
{"level":"warn","message":"Skipping invalid key in record: ","timestamp":"2025-07-25T17:05:50.800Z"}
{"level":"warn","message":"Skipping invalid key in record: ","timestamp":"2025-07-25T17:05:50.800Z"}
{"level":"warn","message":"Skipping invalid key in record: ","timestamp":"2025-07-25T17:05:50.800Z"}
{"level":"warn","message":"Skipping invalid key in record: ","timestamp":"2025-07-25T17:05:50.800Z"}
{"level":"warn","message":"Skipping invalid key in record: ","timestamp":"2025-07-25T17:05:50.800Z"}
{"level":"warn","message":"Skipping invalid key in record: ","timestamp":"2025-07-25T17:05:50.801Z"}
{"level":"warn","message":"Skipping invalid key in record: ","timestamp":"2025-07-25T17:05:50.801Z"}
{"level":"warn","message":"Skipping invalid key in record: ","timestamp":"2025-07-25T17:05:50.801Z"}
{"level":"warn","message":"Skipping invalid key in record: ","timestamp":"2025-07-25T17:05:50.801Z"}
{"level":"warn","message":"Skipping invalid key in record: ","timestamp":"2025-07-25T17:05:50.801Z"}
{"level":"warn","message":"Skipping invalid key in record: ","timestamp":"2025-07-25T17:05:50.801Z"}
{"level":"warn","message":"Skipping invalid key in record: ","timestamp":"2025-07-25T17:05:50.801Z"}
{"level":"warn","message":"Skipping invalid key in record: ","timestamp":"2025-07-25T17:05:50.801Z"}
{"level":"warn","message":"Skipping invalid key in record: ","timestamp":"2025-07-25T17:05:50.801Z"}
{"level":"warn","message":"Skipping invalid key in record: ","timestamp":"2025-07-25T17:05:50.801Z"}
{"level":"warn","message":"Skipping invalid key in record: ","timestamp":"2025-07-25T17:05:50.802Z"}
{"level":"warn","message":"Skipping invalid key in record: ","timestamp":"2025-07-25T17:05:50.802Z"}
{"level":"warn","message":"Skipping invalid key in record: ","timestamp":"2025-07-25T17:05:50.802Z"}
{"level":"warn","message":"Skipping invalid key in record: ","timestamp":"2025-07-25T17:05:50.802Z"}
{"level":"warn","message":"Skipping invalid key in record: ","timestamp":"2025-07-25T17:05:50.802Z"}
{"level":"warn","message":"Skipping invalid key in record: ","timestamp":"2025-07-25T17:05:50.802Z"}
{"level":"warn","message":"Skipping invalid key in record: ","timestamp":"2025-07-25T17:05:50.802Z"}
{"level":"warn","message":"Skipping invalid key in record: ","timestamp":"2025-07-25T17:05:50.802Z"}
{"level":"warn","message":"Skipping invalid key in record: ","timestamp":"2025-07-25T17:05:50.802Z"}
{"level":"warn","message":"Skipping invalid key in record: ","timestamp":"2025-07-25T17:05:50.802Z"}
{"level":"warn","message":"Skipping invalid key in record: ","timestamp":"2025-07-25T17:05:50.802Z"}
{"level":"warn","message":"Skipping invalid key in record: ","timestamp":"2025-07-25T17:05:50.802Z"}
{"level":"warn","message":"Skipping invalid key in record: ","timestamp":"2025-07-25T17:05:50.802Z"}
{"level":"warn","message":"Skipping invalid key in record: ","timestamp":"2025-07-25T17:05:50.802Z"}
{"level":"warn","message":"Skipping invalid key in record: ","timestamp":"2025-07-25T17:05:50.803Z"}
{"level":"warn","message":"Skipping invalid key in record: ","timestamp":"2025-07-25T17:05:50.803Z"}
{"level":"warn","message":"Skipping invalid key in record: ","timestamp":"2025-07-25T17:05:50.803Z"}
{"level":"warn","message":"Skipping invalid key in record: ","timestamp":"2025-07-25T17:05:50.803Z"}
{"level":"warn","message":"Skipping invalid key in record: ","timestamp":"2025-07-25T17:05:50.803Z"}
{"level":"warn","message":"Skipping invalid key in record: ","timestamp":"2025-07-25T17:05:50.803Z"}
{"level":"warn","message":"Skipping invalid key in record: ","timestamp":"2025-07-25T17:05:50.803Z"}
{"level":"warn","message":"Skipping invalid key in record: ","timestamp":"2025-07-25T17:05:50.803Z"}
{"level":"warn","message":"Skipping invalid key in record: ","timestamp":"2025-07-25T17:05:50.803Z"}
{"level":"warn","message":"Skipping invalid key in record: ","timestamp":"2025-07-25T17:05:50.803Z"}
{"level":"info","message":"CSV Headers: Medicine name,Related EMA product number,Active substance,Date of designation / refusal,Intended use,EU designation number,Status,First published date,Last updated date,Orphan designation URL,","timestamp":"2025-07-25T17:05:50.810Z"}
{"level":"warn","message":"Skipping invalid key in record: ","timestamp":"2025-07-25T17:05:50.811Z"}
{"level":"warn","message":"Skipping invalid key in record: ","timestamp":"2025-07-25T17:05:50.811Z"}
{"level":"warn","message":"Skipping invalid key in record: ","timestamp":"2025-07-25T17:05:50.811Z"}
{"level":"warn","message":"Skipping invalid key in record: ","timestamp":"2025-07-25T17:05:50.811Z"}
{"level":"warn","message":"Skipping invalid key in record: ","timestamp":"2025-07-25T17:05:50.811Z"}
{"level":"warn","message":"Skipping invalid key in record: ","timestamp":"2025-07-25T17:05:50.811Z"}
{"level":"warn","message":"Skipping invalid key in record: ","timestamp":"2025-07-25T17:05:50.811Z"}
{"level":"warn","message":"Skipping invalid key in record: ","timestamp":"2025-07-25T17:05:50.811Z"}
{"level":"warn","message":"Skipping invalid key in record: ","timestamp":"2025-07-25T17:05:50.812Z"}
{"level":"warn","message":"Skipping invalid key in record: ","timestamp":"2025-07-25T17:05:50.812Z"}
{"level":"warn","message":"Skipping invalid key in record: ","timestamp":"2025-07-25T17:05:50.812Z"}
{"level":"warn","message":"Skipping invalid key in record: ","timestamp":"2025-07-25T17:05:50.812Z"}
{"level":"warn","message":"Skipping invalid key in record: ","timestamp":"2025-07-25T17:05:50.812Z"}
{"level":"warn","message":"Skipping invalid key in record: ","timestamp":"2025-07-25T17:05:50.812Z"}
{"level":"warn","message":"Skipping invalid key in record: ","timestamp":"2025-07-25T17:05:50.812Z"}
{"level":"warn","message":"Skipping invalid key in record: ","timestamp":"2025-07-25T17:05:50.812Z"}
{"level":"warn","message":"Skipping invalid key in record: ","timestamp":"2025-07-25T17:05:50.812Z"}
{"level":"warn","message":"Skipping invalid key in record: ","timestamp":"2025-07-25T17:05:50.813Z"}
{"level":"warn","message":"Skipping invalid key in record: ","timestamp":"2025-07-25T17:05:50.813Z"}
{"level":"warn","message":"Skipping invalid key in record: ","timestamp":"2025-07-25T17:05:50.813Z"}
{"level":"warn","message":"Skipping invalid key in record: ","timestamp":"2025-07-25T17:05:50.813Z"}
{"level":"warn","message":"Skipping invalid key in record: ","timestamp":"2025-07-25T17:05:50.813Z"}
{"level":"warn","message":"Skipping invalid key in record: ","timestamp":"2025-07-25T17:05:50.813Z"}
{"level":"warn","message":"Skipping invalid key in record: ","timestamp":"2025-07-25T17:05:50.813Z"}
{"level":"warn","message":"Skipping invalid key in record: ","timestamp":"2025-07-25T17:05:50.813Z"}
{"level":"warn","message":"Skipping invalid key in record: ","timestamp":"2025-07-25T17:05:50.813Z"}
{"level":"warn","message":"Skipping invalid key in record: ","timestamp":"2025-07-25T17:05:50.813Z"}
{"level":"warn","message":"Skipping invalid key in record: ","timestamp":"2025-07-25T17:05:50.814Z"}
{"level":"warn","message":"Skipping invalid key in record: ","timestamp":"2025-07-25T17:05:50.814Z"}
{"level":"warn","message":"Skipping invalid key in record: ","timestamp":"2025-07-25T17:05:50.814Z"}
{"level":"warn","message":"Skipping invalid key in record: ","timestamp":"2025-07-25T17:05:50.814Z"}
{"level":"warn","message":"Skipping invalid key in record: ","timestamp":"2025-07-25T17:05:50.814Z"}
{"level":"warn","message":"Skipping invalid key in record: ","timestamp":"2025-07-25T17:05:50.814Z"}
{"level":"warn","message":"Skipping invalid key in record: ","timestamp":"2025-07-25T17:05:50.814Z"}
{"level":"warn","message":"Skipping invalid key in record: ","timestamp":"2025-07-25T17:05:50.814Z"}
{"level":"warn","message":"Skipping invalid key in record: ","timestamp":"2025-07-25T17:05:50.814Z"}
{"level":"warn","message":"Skipping invalid key in record: ","timestamp":"2025-07-25T17:05:50.814Z"}
{"level":"warn","message":"Skipping invalid key in record: ","timestamp":"2025-07-25T17:05:50.815Z"}
{"level":"warn","message":"Skipping invalid key in record: ","timestamp":"2025-07-25T17:05:50.815Z"}
{"level":"warn","message":"Skipping invalid key in record: ","timestamp":"2025-07-25T17:05:50.815Z"}
{"level":"warn","message":"Skipping invalid key in record: ","timestamp":"2025-07-25T17:05:50.815Z"}
{"level":"warn","message":"Skipping invalid key in record: ","timestamp":"2025-07-25T17:05:50.815Z"}
{"level":"warn","message":"Skipping invalid key in record: ","timestamp":"2025-07-25T17:05:50.815Z"}
{"level":"warn","message":"Skipping invalid key in record: ","timestamp":"2025-07-25T17:05:50.815Z"}
{"level":"warn","message":"Skipping invalid key in record: ","timestamp":"2025-07-25T17:05:50.815Z"}
{"level":"warn","message":"Skipping invalid key in record: ","timestamp":"2025-07-25T17:05:50.815Z"}
{"level":"warn","message":"Skipping invalid key in record: ","timestamp":"2025-07-25T17:05:50.815Z"}
{"level":"warn","message":"Skipping invalid key in record: ","timestamp":"2025-07-25T17:05:50.816Z"}
{"level":"warn","message":"Skipping invalid key in record: ","timestamp":"2025-07-25T17:05:50.816Z"}
{"level":"warn","message":"Skipping invalid key in record: ","timestamp":"2025-07-25T17:05:50.816Z"}
{"level":"warn","message":"Skipping invalid key in record: ","timestamp":"2025-07-25T17:05:50.816Z"}
{"level":"warn","message":"Skipping invalid key in record: ","timestamp":"2025-07-25T17:05:50.816Z"}
{"level":"warn","message":"Skipping invalid key in record: ","timestamp":"2025-07-25T17:05:50.816Z"}
{"level":"info","message":"CSV Headers: Medicine name,Related EMA product number,Active substance,Date of designation / refusal,Intended use,EU designation number,Status,First published date,Last updated date,Orphan designation URL,","timestamp":"2025-07-25T17:05:50.823Z"}
{"level":"warn","message":"Skipping invalid key in record: ","timestamp":"2025-07-25T17:05:50.824Z"}
{"level":"warn","message":"Skipping invalid key in record: ","timestamp":"2025-07-25T17:05:50.824Z"}
{"level":"warn","message":"Skipping invalid key in record: ","timestamp":"2025-07-25T17:05:50.824Z"}
{"level":"warn","message":"Skipping invalid key in record: ","timestamp":"2025-07-25T17:05:50.824Z"}
{"level":"warn","message":"Skipping invalid key in record: ","timestamp":"2025-07-25T17:05:50.824Z"}
{"level":"warn","message":"Skipping invalid key in record: ","timestamp":"2025-07-25T17:05:50.824Z"}
{"level":"warn","message":"Skipping invalid key in record: ","timestamp":"2025-07-25T17:05:50.825Z"}
{"level":"warn","message":"Skipping invalid key in record: ","timestamp":"2025-07-25T17:05:50.825Z"}
{"level":"warn","message":"Skipping invalid key in record: ","timestamp":"2025-07-25T17:05:50.825Z"}
{"level":"warn","message":"Skipping invalid key in record: ","timestamp":"2025-07-25T17:05:50.825Z"}
{"level":"warn","message":"Skipping invalid key in record: ","timestamp":"2025-07-25T17:05:50.825Z"}
{"level":"warn","message":"Skipping invalid key in record: ","timestamp":"2025-07-25T17:05:50.825Z"}
{"level":"warn","message":"Skipping invalid key in record: ","timestamp":"2025-07-25T17:05:50.825Z"}
{"level":"warn","message":"Skipping invalid key in record: ","timestamp":"2025-07-25T17:05:50.826Z"}
{"level":"warn","message":"Skipping invalid key in record: ","timestamp":"2025-07-25T17:05:50.826Z"}
{"level":"warn","message":"Skipping invalid key in record: ","timestamp":"2025-07-25T17:05:50.826Z"}
{"level":"warn","message":"Skipping invalid key in record: ","timestamp":"2025-07-25T17:05:50.826Z"}
{"level":"warn","message":"Skipping invalid key in record: ","timestamp":"2025-07-25T17:05:50.826Z"}
{"level":"warn","message":"Skipping invalid key in record: ","timestamp":"2025-07-25T17:05:50.826Z"}
{"level":"warn","message":"Skipping invalid key in record: ","timestamp":"2025-07-25T17:05:50.826Z"}
{"level":"warn","message":"Skipping invalid key in record: ","timestamp":"2025-07-25T17:05:50.826Z"}
{"level":"warn","message":"Skipping invalid key in record: ","timestamp":"2025-07-25T17:05:50.827Z"}
{"level":"warn","message":"Skipping invalid key in record: ","timestamp":"2025-07-25T17:05:50.827Z"}
{"level":"warn","message":"Skipping record with missing or invalid Active substance: {\"Medicine name\":null,\"Related EMA product number\":null,\"Active substance\":null,\"Date of designation / refusal\":\"2008-05-08T00:00:00.000Z\",\"Intended use\":\"Treatment of congenital erythropoietic porphyria\",\"EU designation number\":\"EU/3/08/545\",\"Status\":\"Positive\",\"First published date\":\"2009-09-17T00:00:00.000Z\",\"Last updated date\":\"2016-04-11T00:00:00.000Z\",\"Orphan designation URL\":\"https://www.ema.europa.eu/en/medicines/human/orphan-designations/eu-3-08-545\"}","timestamp":"2025-07-25T17:05:50.827Z"}
{"level":"warn","message":"Skipping invalid key in record: ","timestamp":"2025-07-25T17:05:50.827Z"}
{"level":"warn","message":"Skipping invalid key in record: ","timestamp":"2025-07-25T17:05:50.827Z"}
{"level":"warn","message":"Skipping invalid key in record: ","timestamp":"2025-07-25T17:05:50.827Z"}
{"level":"warn","message":"Skipping invalid key in record: ","timestamp":"2025-07-25T17:05:50.827Z"}
{"level":"warn","message":"Skipping invalid key in record: ","timestamp":"2025-07-25T17:05:50.827Z"}
{"level":"warn","message":"Skipping invalid key in record: ","timestamp":"2025-07-25T17:05:50.827Z"}
{"level":"warn","message":"Skipping invalid key in record: ","timestamp":"2025-07-25T17:05:50.827Z"}
{"level":"warn","message":"Skipping invalid key in record: ","timestamp":"2025-07-25T17:05:50.828Z"}
{"level":"warn","message":"Skipping invalid key in record: ","timestamp":"2025-07-25T17:05:50.828Z"}
{"level":"warn","message":"Skipping invalid key in record: ","timestamp":"2025-07-25T17:05:50.828Z"}
{"level":"warn","message":"Skipping invalid key in record: ","timestamp":"2025-07-25T17:05:50.828Z"}
{"level":"warn","message":"Skipping invalid key in record: ","timestamp":"2025-07-25T17:05:50.828Z"}
{"level":"warn","message":"Skipping invalid key in record: ","timestamp":"2025-07-25T17:05:50.828Z"}
{"level":"warn","message":"Skipping invalid key in record: ","timestamp":"2025-07-25T17:05:50.828Z"}
{"level":"warn","message":"Skipping invalid key in record: ","timestamp":"2025-07-25T17:05:50.828Z"}
{"level":"warn","message":"Skipping invalid key in record: ","timestamp":"2025-07-25T17:05:50.828Z"}
{"level":"warn","message":"Skipping invalid key in record: ","timestamp":"2025-07-25T17:05:50.828Z"}
{"level":"warn","message":"Skipping invalid key in record: ","timestamp":"2025-07-25T17:05:50.828Z"}
{"level":"warn","message":"Skipping invalid key in record: ","timestamp":"2025-07-25T17:05:50.828Z"}
{"level":"warn","message":"Skipping invalid key in record: ","timestamp":"2025-07-25T17:05:50.829Z"}
{"level":"warn","message":"Skipping invalid key in record: ","timestamp":"2025-07-25T17:05:50.829Z"}
{"level":"warn","message":"Skipping invalid key in record: ","timestamp":"2025-07-25T17:05:50.829Z"}
{"level":"warn","message":"Skipping invalid key in record: ","timestamp":"2025-07-25T17:05:50.829Z"}
{"level":"warn","message":"Skipping invalid key in record: ","timestamp":"2025-07-25T17:05:50.829Z"}
{"level":"warn","message":"Skipping invalid key in record: ","timestamp":"2025-07-25T17:05:50.829Z"}
{"level":"warn","message":"Skipping invalid key in record: ","timestamp":"2025-07-25T17:05:50.829Z"}
{"level":"warn","message":"Skipping invalid key in record: ","timestamp":"2025-07-25T17:05:50.829Z"}
{"level":"warn","message":"Skipping invalid key in record: ","timestamp":"2025-07-25T17:05:50.829Z"}
{"level":"warn","message":"Skipping invalid key in record: ","timestamp":"2025-07-25T17:05:50.829Z"}
{"level":"info","message":"CSV Headers: Medicine name,Related EMA product number,Active substance,Date of designation / refusal,Intended use,EU designation number,Status,First published date,Last updated date,Orphan designation URL,","timestamp":"2025-07-25T17:05:50.836Z"}
{"level":"warn","message":"Skipping invalid key in record: ","timestamp":"2025-07-25T17:05:50.836Z"}
{"level":"warn","message":"Skipping invalid key in record: ","timestamp":"2025-07-25T17:05:50.836Z"}
{"level":"warn","message":"Skipping invalid key in record: ","timestamp":"2025-07-25T17:05:50.836Z"}
{"level":"warn","message":"Skipping invalid key in record: ","timestamp":"2025-07-25T17:05:50.837Z"}
{"level":"warn","message":"Skipping invalid key in record: ","timestamp":"2025-07-25T17:05:50.837Z"}
{"level":"warn","message":"Skipping invalid key in record: ","timestamp":"2025-07-25T17:05:50.837Z"}
{"level":"warn","message":"Skipping invalid key in record: ","timestamp":"2025-07-25T17:05:50.837Z"}
{"level":"warn","message":"Skipping invalid key in record: ","timestamp":"2025-07-25T17:05:50.837Z"}
{"level":"warn","message":"Skipping invalid key in record: ","timestamp":"2025-07-25T17:05:50.837Z"}
{"level":"warn","message":"Skipping invalid key in record: ","timestamp":"2025-07-25T17:05:50.837Z"}
{"level":"warn","message":"Skipping invalid key in record: ","timestamp":"2025-07-25T17:05:50.837Z"}
{"level":"warn","message":"Skipping invalid key in record: ","timestamp":"2025-07-25T17:05:50.837Z"}
{"level":"warn","message":"Skipping invalid key in record: ","timestamp":"2025-07-25T17:05:50.837Z"}
{"level":"warn","message":"Skipping invalid key in record: ","timestamp":"2025-07-25T17:05:50.837Z"}
{"level":"warn","message":"Skipping invalid key in record: ","timestamp":"2025-07-25T17:05:50.837Z"}
{"level":"warn","message":"Skipping invalid key in record: ","timestamp":"2025-07-25T17:05:50.837Z"}
{"level":"warn","message":"Skipping invalid key in record: ","timestamp":"2025-07-25T17:05:50.837Z"}
{"level":"warn","message":"Skipping invalid key in record: ","timestamp":"2025-07-25T17:05:50.837Z"}
{"level":"warn","message":"Skipping invalid key in record: ","timestamp":"2025-07-25T17:05:50.837Z"}
{"level":"warn","message":"Skipping invalid key in record: ","timestamp":"2025-07-25T17:05:50.838Z"}
{"level":"warn","message":"Skipping invalid key in record: ","timestamp":"2025-07-25T17:05:50.838Z"}
{"level":"warn","message":"Skipping invalid key in record: ","timestamp":"2025-07-25T17:05:50.838Z"}
{"level":"warn","message":"Skipping invalid key in record: ","timestamp":"2025-07-25T17:05:50.838Z"}
{"level":"warn","message":"Skipping invalid key in record: ","timestamp":"2025-07-25T17:05:50.838Z"}
{"level":"warn","message":"Skipping invalid key in record: ","timestamp":"2025-07-25T17:05:50.838Z"}
{"level":"warn","message":"Skipping invalid key in record: ","timestamp":"2025-07-25T17:05:50.838Z"}
{"level":"warn","message":"Skipping invalid key in record: ","timestamp":"2025-07-25T17:05:50.838Z"}
{"level":"warn","message":"Skipping invalid key in record: ","timestamp":"2025-07-25T17:05:50.838Z"}
{"level":"warn","message":"Skipping invalid key in record: ","timestamp":"2025-07-25T17:05:50.838Z"}
{"level":"warn","message":"Skipping invalid key in record: ","timestamp":"2025-07-25T17:05:50.838Z"}
{"level":"warn","message":"Skipping invalid key in record: ","timestamp":"2025-07-25T17:05:50.838Z"}
{"level":"warn","message":"Skipping invalid key in record: ","timestamp":"2025-07-25T17:05:50.838Z"}
{"level":"warn","message":"Skipping invalid key in record: ","timestamp":"2025-07-25T17:05:50.839Z"}
{"level":"warn","message":"Skipping invalid key in record: ","timestamp":"2025-07-25T17:05:50.839Z"}
{"level":"warn","message":"Skipping invalid key in record: ","timestamp":"2025-07-25T17:05:50.839Z"}
{"level":"warn","message":"Skipping invalid key in record: ","timestamp":"2025-07-25T17:05:50.839Z"}
{"level":"warn","message":"Skipping invalid key in record: ","timestamp":"2025-07-25T17:05:50.839Z"}
{"level":"warn","message":"Skipping invalid key in record: ","timestamp":"2025-07-25T17:05:50.839Z"}
{"level":"warn","message":"Skipping invalid key in record: ","timestamp":"2025-07-25T17:05:50.839Z"}
{"level":"warn","message":"Skipping invalid key in record: ","timestamp":"2025-07-25T17:05:50.839Z"}
{"level":"warn","message":"Skipping invalid key in record: ","timestamp":"2025-07-25T17:05:50.839Z"}
{"level":"warn","message":"Skipping invalid key in record: ","timestamp":"2025-07-25T17:05:50.839Z"}
{"level":"warn","message":"Skipping invalid key in record: ","timestamp":"2025-07-25T17:05:50.839Z"}
{"level":"warn","message":"Skipping invalid key in record: ","timestamp":"2025-07-25T17:05:50.839Z"}
{"level":"warn","message":"Skipping invalid key in record: ","timestamp":"2025-07-25T17:05:50.839Z"}
{"level":"warn","message":"Skipping invalid key in record: ","timestamp":"2025-07-25T17:05:50.840Z"}
{"level":"warn","message":"Skipping invalid key in record: ","timestamp":"2025-07-25T17:05:50.840Z"}
{"level":"warn","message":"Skipping invalid key in record: ","timestamp":"2025-07-25T17:05:50.840Z"}
{"level":"warn","message":"Skipping invalid key in record: ","timestamp":"2025-07-25T17:05:50.840Z"}
{"level":"warn","message":"Skipping invalid key in record: ","timestamp":"2025-07-25T17:05:50.840Z"}
{"level":"warn","message":"Skipping invalid key in record: ","timestamp":"2025-07-25T17:05:50.840Z"}
{"level":"warn","message":"Skipping invalid key in record: ","timestamp":"2025-07-25T17:05:50.840Z"}
{"level":"warn","message":"Skipping invalid key in record: ","timestamp":"2025-07-25T17:05:50.840Z"}
{"level":"info","message":"CSV Headers: Medicine name,Related EMA product number,Active substance,Date of designation / refusal,Intended use,EU designation number,Status,First published date,Last updated date,Orphan designation URL,","timestamp":"2025-07-25T17:05:50.848Z"}
{"level":"warn","message":"Skipping invalid key in record: ","timestamp":"2025-07-25T17:05:50.848Z"}
{"level":"warn","message":"Skipping invalid key in record: ","timestamp":"2025-07-25T17:05:50.848Z"}
{"level":"warn","message":"Skipping invalid key in record: ","timestamp":"2025-07-25T17:05:50.849Z"}
{"level":"warn","message":"Skipping invalid key in record: ","timestamp":"2025-07-25T17:05:50.849Z"}
{"level":"warn","message":"Skipping invalid key in record: ","timestamp":"2025-07-25T17:05:50.849Z"}
{"level":"warn","message":"Skipping invalid key in record: ","timestamp":"2025-07-25T17:05:50.849Z"}
{"level":"warn","message":"Skipping invalid key in record: ","timestamp":"2025-07-25T17:05:50.849Z"}
{"level":"warn","message":"Skipping invalid key in record: ","timestamp":"2025-07-25T17:05:50.849Z"}
{"level":"warn","message":"Skipping invalid key in record: ","timestamp":"2025-07-25T17:05:50.849Z"}
{"level":"warn","message":"Skipping invalid key in record: ","timestamp":"2025-07-25T17:05:50.849Z"}
{"level":"warn","message":"Skipping invalid key in record: ","timestamp":"2025-07-25T17:05:50.849Z"}
{"level":"warn","message":"Skipping invalid key in record: ","timestamp":"2025-07-25T17:05:50.849Z"}
{"level":"warn","message":"Skipping invalid key in record: ","timestamp":"2025-07-25T17:05:50.849Z"}
{"level":"warn","message":"Skipping invalid key in record: ","timestamp":"2025-07-25T17:05:50.849Z"}
{"level":"warn","message":"Skipping invalid key in record: ","timestamp":"2025-07-25T17:05:50.849Z"}
{"level":"warn","message":"Skipping invalid key in record: ","timestamp":"2025-07-25T17:05:50.849Z"}
{"level":"warn","message":"Skipping invalid key in record: ","timestamp":"2025-07-25T17:05:50.849Z"}
{"level":"warn","message":"Skipping invalid key in record: ","timestamp":"2025-07-25T17:05:50.849Z"}
{"level":"warn","message":"Skipping invalid key in record: ","timestamp":"2025-07-25T17:05:50.850Z"}
{"level":"warn","message":"Skipping invalid key in record: ","timestamp":"2025-07-25T17:05:50.850Z"}
{"level":"warn","message":"Skipping invalid key in record: ","timestamp":"2025-07-25T17:05:50.850Z"}
{"level":"warn","message":"Skipping invalid key in record: ","timestamp":"2025-07-25T17:05:50.850Z"}
{"level":"warn","message":"Skipping invalid key in record: ","timestamp":"2025-07-25T17:05:50.850Z"}
{"level":"warn","message":"Skipping invalid key in record: ","timestamp":"2025-07-25T17:05:50.850Z"}
{"level":"warn","message":"Skipping invalid key in record: ","timestamp":"2025-07-25T17:05:50.850Z"}
{"level":"warn","message":"Skipping invalid key in record: ","timestamp":"2025-07-25T17:05:50.850Z"}
{"level":"warn","message":"Skipping invalid key in record: ","timestamp":"2025-07-25T17:05:50.850Z"}
{"level":"warn","message":"Skipping invalid key in record: ","timestamp":"2025-07-25T17:05:50.850Z"}
{"level":"warn","message":"Skipping invalid key in record: ","timestamp":"2025-07-25T17:05:50.850Z"}
{"level":"warn","message":"Skipping invalid key in record: ","timestamp":"2025-07-25T17:05:50.850Z"}
{"level":"warn","message":"Skipping invalid key in record: ","timestamp":"2025-07-25T17:05:50.850Z"}
{"level":"warn","message":"Skipping invalid key in record: ","timestamp":"2025-07-25T17:05:50.850Z"}
{"level":"warn","message":"Skipping invalid key in record: ","timestamp":"2025-07-25T17:05:50.850Z"}
{"level":"warn","message":"Skipping invalid key in record: ","timestamp":"2025-07-25T17:05:50.850Z"}
{"level":"warn","message":"Skipping invalid key in record: ","timestamp":"2025-07-25T17:05:50.851Z"}
{"level":"warn","message":"Skipping invalid key in record: ","timestamp":"2025-07-25T17:05:50.851Z"}
{"level":"warn","message":"Skipping invalid key in record: ","timestamp":"2025-07-25T17:05:50.851Z"}
{"level":"warn","message":"Skipping invalid key in record: ","timestamp":"2025-07-25T17:05:50.851Z"}
{"level":"warn","message":"Skipping invalid key in record: ","timestamp":"2025-07-25T17:05:50.851Z"}
{"level":"warn","message":"Skipping invalid key in record: ","timestamp":"2025-07-25T17:05:50.851Z"}
{"level":"warn","message":"Skipping invalid key in record: ","timestamp":"2025-07-25T17:05:50.851Z"}
{"level":"warn","message":"Skipping invalid key in record: ","timestamp":"2025-07-25T17:05:50.851Z"}
{"level":"warn","message":"Skipping invalid key in record: ","timestamp":"2025-07-25T17:05:50.851Z"}
{"level":"warn","message":"Skipping invalid key in record: ","timestamp":"2025-07-25T17:05:50.851Z"}
{"level":"warn","message":"Skipping invalid key in record: ","timestamp":"2025-07-25T17:05:50.851Z"}
{"level":"warn","message":"Skipping invalid key in record: ","timestamp":"2025-07-25T17:05:50.851Z"}
{"level":"warn","message":"Skipping invalid key in record: ","timestamp":"2025-07-25T17:05:50.851Z"}
{"level":"warn","message":"Skipping invalid key in record: ","timestamp":"2025-07-25T17:05:50.851Z"}
{"level":"warn","message":"Skipping invalid key in record: ","timestamp":"2025-07-25T17:05:50.851Z"}
{"level":"warn","message":"Skipping invalid key in record: ","timestamp":"2025-07-25T17:05:50.852Z"}
{"level":"warn","message":"Skipping invalid key in record: ","timestamp":"2025-07-25T17:05:50.852Z"}
{"level":"warn","message":"Skipping invalid key in record: ","timestamp":"2025-07-25T17:05:50.852Z"}
{"level":"info","message":"CSV Headers: Medicine name,Related EMA product number,Active substance,Date of designation / refusal,Intended use,EU designation number,Status,First published date,Last updated date,Orphan designation URL,","timestamp":"2025-07-25T17:05:50.858Z"}
{"level":"warn","message":"Skipping invalid key in record: ","timestamp":"2025-07-25T17:05:50.858Z"}
{"level":"warn","message":"Skipping invalid key in record: ","timestamp":"2025-07-25T17:05:50.859Z"}
{"level":"warn","message":"Skipping invalid key in record: ","timestamp":"2025-07-25T17:05:50.859Z"}
{"level":"warn","message":"Skipping invalid key in record: ","timestamp":"2025-07-25T17:05:50.859Z"}
{"level":"warn","message":"Skipping invalid key in record: ","timestamp":"2025-07-25T17:05:50.859Z"}
{"level":"warn","message":"Skipping invalid key in record: ","timestamp":"2025-07-25T17:05:50.859Z"}
{"level":"warn","message":"Skipping invalid key in record: ","timestamp":"2025-07-25T17:05:50.859Z"}
{"level":"warn","message":"Skipping invalid key in record: ","timestamp":"2025-07-25T17:05:50.859Z"}
{"level":"warn","message":"Skipping invalid key in record: ","timestamp":"2025-07-25T17:05:50.859Z"}
{"level":"warn","message":"Skipping invalid key in record: ","timestamp":"2025-07-25T17:05:50.859Z"}
{"level":"warn","message":"Skipping invalid key in record: ","timestamp":"2025-07-25T17:05:50.859Z"}
{"level":"warn","message":"Skipping invalid key in record: ","timestamp":"2025-07-25T17:05:50.859Z"}
{"level":"warn","message":"Skipping invalid key in record: ","timestamp":"2025-07-25T17:05:50.860Z"}
{"level":"warn","message":"Skipping invalid key in record: ","timestamp":"2025-07-25T17:05:50.860Z"}
{"level":"warn","message":"Skipping invalid key in record: ","timestamp":"2025-07-25T17:05:50.860Z"}
{"level":"warn","message":"Skipping invalid key in record: ","timestamp":"2025-07-25T17:05:50.860Z"}
{"level":"warn","message":"Skipping invalid key in record: ","timestamp":"2025-07-25T17:05:50.860Z"}
{"level":"warn","message":"Skipping invalid key in record: ","timestamp":"2025-07-25T17:05:50.860Z"}
{"level":"warn","message":"Skipping invalid key in record: ","timestamp":"2025-07-25T17:05:50.860Z"}
{"level":"warn","message":"Skipping invalid key in record: ","timestamp":"2025-07-25T17:05:50.860Z"}
{"level":"warn","message":"Skipping invalid key in record: ","timestamp":"2025-07-25T17:05:50.860Z"}
{"level":"warn","message":"Skipping invalid key in record: ","timestamp":"2025-07-25T17:05:50.860Z"}
{"level":"warn","message":"Skipping invalid key in record: ","timestamp":"2025-07-25T17:05:50.860Z"}
{"level":"warn","message":"Skipping invalid key in record: ","timestamp":"2025-07-25T17:05:50.860Z"}
{"level":"warn","message":"Skipping invalid key in record: ","timestamp":"2025-07-25T17:05:50.860Z"}
{"level":"warn","message":"Skipping invalid key in record: ","timestamp":"2025-07-25T17:05:50.861Z"}
{"level":"warn","message":"Skipping invalid key in record: ","timestamp":"2025-07-25T17:05:50.861Z"}
{"level":"warn","message":"Skipping invalid key in record: ","timestamp":"2025-07-25T17:05:50.861Z"}
{"level":"warn","message":"Skipping invalid key in record: ","timestamp":"2025-07-25T17:05:50.861Z"}
{"level":"warn","message":"Skipping invalid key in record: ","timestamp":"2025-07-25T17:05:50.861Z"}
{"level":"warn","message":"Skipping invalid key in record: ","timestamp":"2025-07-25T17:05:50.861Z"}
{"level":"warn","message":"Skipping invalid key in record: ","timestamp":"2025-07-25T17:05:50.861Z"}
{"level":"warn","message":"Skipping invalid key in record: ","timestamp":"2025-07-25T17:05:50.861Z"}
{"level":"warn","message":"Skipping invalid key in record: ","timestamp":"2025-07-25T17:05:50.861Z"}
{"level":"warn","message":"Skipping invalid key in record: ","timestamp":"2025-07-25T17:05:50.861Z"}
{"level":"warn","message":"Skipping invalid key in record: ","timestamp":"2025-07-25T17:05:50.862Z"}
{"level":"warn","message":"Skipping invalid key in record: ","timestamp":"2025-07-25T17:05:50.862Z"}
{"level":"warn","message":"Skipping invalid key in record: ","timestamp":"2025-07-25T17:05:50.862Z"}
{"level":"warn","message":"Skipping invalid key in record: ","timestamp":"2025-07-25T17:05:50.862Z"}
{"level":"warn","message":"Skipping invalid key in record: ","timestamp":"2025-07-25T17:05:50.862Z"}
{"level":"warn","message":"Skipping invalid key in record: ","timestamp":"2025-07-25T17:05:50.862Z"}
{"level":"warn","message":"Skipping invalid key in record: ","timestamp":"2025-07-25T17:05:50.862Z"}
{"level":"warn","message":"Skipping invalid key in record: ","timestamp":"2025-07-25T17:05:50.862Z"}
{"level":"warn","message":"Skipping invalid key in record: ","timestamp":"2025-07-25T17:05:50.862Z"}
{"level":"warn","message":"Skipping invalid key in record: ","timestamp":"2025-07-25T17:05:50.862Z"}
{"level":"warn","message":"Skipping invalid key in record: ","timestamp":"2025-07-25T17:05:50.862Z"}
{"level":"warn","message":"Skipping invalid key in record: ","timestamp":"2025-07-25T17:05:50.863Z"}
{"level":"warn","message":"Skipping invalid key in record: ","timestamp":"2025-07-25T17:05:50.863Z"}
{"level":"warn","message":"Skipping invalid key in record: ","timestamp":"2025-07-25T17:05:50.863Z"}
{"level":"warn","message":"Skipping invalid key in record: ","timestamp":"2025-07-25T17:05:50.863Z"}
{"level":"warn","message":"Skipping invalid key in record: ","timestamp":"2025-07-25T17:05:50.863Z"}
{"level":"warn","message":"Skipping invalid key in record: ","timestamp":"2025-07-25T17:05:50.863Z"}
{"level":"info","message":"CSV Headers: Medicine name,Related EMA product number,Active substance,Date of designation / refusal,Intended use,EU designation number,Status,First published date,Last updated date,Orphan designation URL,","timestamp":"2025-07-25T17:05:50.870Z"}
{"level":"warn","message":"Skipping invalid key in record: ","timestamp":"2025-07-25T17:05:50.870Z"}
{"level":"warn","message":"Skipping invalid key in record: ","timestamp":"2025-07-25T17:05:50.870Z"}
{"level":"warn","message":"Skipping invalid key in record: ","timestamp":"2025-07-25T17:05:50.870Z"}
{"level":"warn","message":"Skipping invalid key in record: ","timestamp":"2025-07-25T17:05:50.871Z"}
{"level":"warn","message":"Skipping invalid key in record: ","timestamp":"2025-07-25T17:05:50.871Z"}
{"level":"warn","message":"Skipping record with missing or invalid Active substance: {\"Medicine name\":null,\"Related EMA product number\":null,\"Active substance\":null,\"Date of designation / refusal\":\"2014-12-16T00:00:00.000Z\",\"Intended use\":\"Treatment of WHIM syndrome\",\"EU designation number\":\"EU/3/14/1384\",\"Status\":\"Positive\",\"First published date\":\"2015-02-26T00:00:00.000Z\",\"Last updated date\":\"2015-02-26T00:00:00.000Z\",\"Orphan designation URL\":\"https://www.ema.europa.eu/en/medicines/human/orphan-designations/eu-3-14-1384\"}","timestamp":"2025-07-25T17:05:50.871Z"}
{"level":"warn","message":"Skipping invalid key in record: ","timestamp":"2025-07-25T17:05:50.871Z"}
{"level":"warn","message":"Skipping invalid key in record: ","timestamp":"2025-07-25T17:05:50.871Z"}
{"level":"warn","message":"Skipping invalid key in record: ","timestamp":"2025-07-25T17:05:50.871Z"}
{"level":"warn","message":"Skipping invalid key in record: ","timestamp":"2025-07-25T17:05:50.871Z"}
{"level":"warn","message":"Skipping invalid key in record: ","timestamp":"2025-07-25T17:05:50.871Z"}
{"level":"warn","message":"Skipping invalid key in record: ","timestamp":"2025-07-25T17:05:50.871Z"}
{"level":"warn","message":"Skipping invalid key in record: ","timestamp":"2025-07-25T17:05:50.872Z"}
{"level":"warn","message":"Skipping invalid key in record: ","timestamp":"2025-07-25T17:05:50.872Z"}
{"level":"warn","message":"Skipping invalid key in record: ","timestamp":"2025-07-25T17:05:50.872Z"}
{"level":"warn","message":"Skipping invalid key in record: ","timestamp":"2025-07-25T17:05:50.872Z"}
{"level":"warn","message":"Skipping invalid key in record: ","timestamp":"2025-07-25T17:05:50.872Z"}
{"level":"warn","message":"Skipping invalid key in record: ","timestamp":"2025-07-25T17:05:50.872Z"}
{"level":"warn","message":"Skipping invalid key in record: ","timestamp":"2025-07-25T17:05:50.872Z"}
{"level":"warn","message":"Skipping invalid key in record: ","timestamp":"2025-07-25T17:05:50.872Z"}
{"level":"warn","message":"Skipping invalid key in record: ","timestamp":"2025-07-25T17:05:50.872Z"}
{"level":"warn","message":"Skipping invalid key in record: ","timestamp":"2025-07-25T17:05:50.872Z"}
{"level":"warn","message":"Skipping invalid key in record: ","timestamp":"2025-07-25T17:05:50.872Z"}
{"level":"warn","message":"Skipping invalid key in record: ","timestamp":"2025-07-25T17:05:50.872Z"}
{"level":"warn","message":"Skipping invalid key in record: ","timestamp":"2025-07-25T17:05:50.872Z"}
{"level":"warn","message":"Skipping invalid key in record: ","timestamp":"2025-07-25T17:05:50.873Z"}
{"level":"warn","message":"Skipping invalid key in record: ","timestamp":"2025-07-25T17:05:50.873Z"}
{"level":"warn","message":"Skipping invalid key in record: ","timestamp":"2025-07-25T17:05:50.873Z"}
{"level":"warn","message":"Skipping invalid key in record: ","timestamp":"2025-07-25T17:05:50.873Z"}
{"level":"warn","message":"Skipping invalid key in record: ","timestamp":"2025-07-25T17:05:50.873Z"}
{"level":"warn","message":"Skipping invalid key in record: ","timestamp":"2025-07-25T17:05:50.873Z"}
{"level":"warn","message":"Skipping invalid key in record: ","timestamp":"2025-07-25T17:05:50.873Z"}
{"level":"warn","message":"Skipping invalid key in record: ","timestamp":"2025-07-25T17:05:50.873Z"}
{"level":"warn","message":"Skipping record with missing or invalid Active substance: {\"Medicine name\":null,\"Related EMA product number\":null,\"Active substance\":null,\"Date of designation / refusal\":\"2014-10-15T00:00:00.000Z\",\"Intended use\":\"Treatment of fragile X syndrome\",\"EU designation number\":\"EU/3/14/1334\",\"Status\":\"Positive\",\"First published date\":\"2014-11-12T00:00:00.000Z\",\"Last updated date\":\"2014-11-12T00:00:00.000Z\",\"Orphan designation URL\":\"https://www.ema.europa.eu/en/medicines/human/orphan-designations/eu-3-14-1334\"}","timestamp":"2025-07-25T17:05:50.873Z"}
{"level":"warn","message":"Skipping invalid key in record: ","timestamp":"2025-07-25T17:05:50.873Z"}
{"level":"warn","message":"Skipping invalid key in record: ","timestamp":"2025-07-25T17:05:50.874Z"}
{"level":"warn","message":"Skipping invalid key in record: ","timestamp":"2025-07-25T17:05:50.874Z"}
{"level":"warn","message":"Skipping invalid key in record: ","timestamp":"2025-07-25T17:05:50.874Z"}
{"level":"warn","message":"Skipping invalid key in record: ","timestamp":"2025-07-25T17:05:50.874Z"}
{"level":"warn","message":"Skipping invalid key in record: ","timestamp":"2025-07-25T17:05:50.874Z"}
{"level":"warn","message":"Skipping invalid key in record: ","timestamp":"2025-07-25T17:05:50.874Z"}
{"level":"warn","message":"Skipping invalid key in record: ","timestamp":"2025-07-25T17:05:50.874Z"}
{"level":"warn","message":"Skipping invalid key in record: ","timestamp":"2025-07-25T17:05:50.874Z"}
{"level":"warn","message":"Skipping invalid key in record: ","timestamp":"2025-07-25T17:05:50.874Z"}
{"level":"warn","message":"Skipping invalid key in record: ","timestamp":"2025-07-25T17:05:50.874Z"}
{"level":"warn","message":"Skipping invalid key in record: ","timestamp":"2025-07-25T17:05:50.874Z"}
{"level":"warn","message":"Skipping invalid key in record: ","timestamp":"2025-07-25T17:05:50.875Z"}
{"level":"warn","message":"Skipping invalid key in record: ","timestamp":"2025-07-25T17:05:50.875Z"}
{"level":"warn","message":"Skipping invalid key in record: ","timestamp":"2025-07-25T17:05:50.875Z"}
{"level":"warn","message":"Skipping invalid key in record: ","timestamp":"2025-07-25T17:05:50.875Z"}
{"level":"warn","message":"Skipping invalid key in record: ","timestamp":"2025-07-25T17:05:50.875Z"}
{"level":"warn","message":"Skipping invalid key in record: ","timestamp":"2025-07-25T17:05:50.875Z"}
{"level":"warn","message":"Skipping invalid key in record: ","timestamp":"2025-07-25T17:05:50.875Z"}
{"level":"warn","message":"Skipping invalid key in record: ","timestamp":"2025-07-25T17:05:50.875Z"}
{"level":"warn","message":"Skipping invalid key in record: ","timestamp":"2025-07-25T17:05:50.875Z"}
{"level":"info","message":"CSV Headers: Medicine name,Related EMA product number,Active substance,Date of designation / refusal,Intended use,EU designation number,Status,First published date,Last updated date,Orphan designation URL,","timestamp":"2025-07-25T17:05:50.886Z"}
{"level":"warn","message":"Skipping invalid key in record: ","timestamp":"2025-07-25T17:05:50.886Z"}
{"level":"warn","message":"Skipping invalid key in record: ","timestamp":"2025-07-25T17:05:50.887Z"}
{"level":"warn","message":"Skipping invalid key in record: ","timestamp":"2025-07-25T17:05:50.887Z"}
{"level":"warn","message":"Skipping invalid key in record: ","timestamp":"2025-07-25T17:05:50.887Z"}
{"level":"warn","message":"Skipping invalid key in record: ","timestamp":"2025-07-25T17:05:50.887Z"}
{"level":"warn","message":"Skipping invalid key in record: ","timestamp":"2025-07-25T17:05:50.887Z"}
{"level":"warn","message":"Skipping invalid key in record: ","timestamp":"2025-07-25T17:05:50.887Z"}
{"level":"warn","message":"Skipping invalid key in record: ","timestamp":"2025-07-25T17:05:50.887Z"}
{"level":"warn","message":"Skipping invalid key in record: ","timestamp":"2025-07-25T17:05:50.887Z"}
{"level":"warn","message":"Skipping invalid key in record: ","timestamp":"2025-07-25T17:05:50.887Z"}
{"level":"warn","message":"Skipping invalid key in record: ","timestamp":"2025-07-25T17:05:50.888Z"}
{"level":"warn","message":"Skipping invalid key in record: ","timestamp":"2025-07-25T17:05:50.888Z"}
{"level":"warn","message":"Skipping invalid key in record: ","timestamp":"2025-07-25T17:05:50.888Z"}
{"level":"warn","message":"Skipping invalid key in record: ","timestamp":"2025-07-25T17:05:50.888Z"}
{"level":"warn","message":"Skipping invalid key in record: ","timestamp":"2025-07-25T17:05:50.888Z"}
{"level":"warn","message":"Skipping invalid key in record: ","timestamp":"2025-07-25T17:05:50.888Z"}
{"level":"warn","message":"Skipping invalid key in record: ","timestamp":"2025-07-25T17:05:50.888Z"}
{"level":"warn","message":"Skipping invalid key in record: ","timestamp":"2025-07-25T17:05:50.888Z"}
{"level":"warn","message":"Skipping invalid key in record: ","timestamp":"2025-07-25T17:05:50.888Z"}
{"level":"warn","message":"Skipping invalid key in record: ","timestamp":"2025-07-25T17:05:50.888Z"}
{"level":"warn","message":"Skipping invalid key in record: ","timestamp":"2025-07-25T17:05:50.888Z"}
{"level":"warn","message":"Skipping invalid key in record: ","timestamp":"2025-07-25T17:05:50.889Z"}
{"level":"warn","message":"Skipping invalid key in record: ","timestamp":"2025-07-25T17:05:50.889Z"}
{"level":"warn","message":"Skipping invalid key in record: ","timestamp":"2025-07-25T17:05:50.889Z"}
{"level":"warn","message":"Skipping invalid key in record: ","timestamp":"2025-07-25T17:05:50.889Z"}
{"level":"warn","message":"Skipping invalid key in record: ","timestamp":"2025-07-25T17:05:50.889Z"}
{"level":"warn","message":"Skipping invalid key in record: ","timestamp":"2025-07-25T17:05:50.889Z"}
{"level":"warn","message":"Skipping invalid key in record: ","timestamp":"2025-07-25T17:05:50.889Z"}
{"level":"warn","message":"Skipping invalid key in record: ","timestamp":"2025-07-25T17:05:50.889Z"}
{"level":"warn","message":"Skipping invalid key in record: ","timestamp":"2025-07-25T17:05:50.889Z"}
{"level":"warn","message":"Skipping invalid key in record: ","timestamp":"2025-07-25T17:05:50.889Z"}
{"level":"warn","message":"Skipping invalid key in record: ","timestamp":"2025-07-25T17:05:50.890Z"}
{"level":"warn","message":"Skipping invalid key in record: ","timestamp":"2025-07-25T17:05:50.890Z"}
{"level":"warn","message":"Skipping invalid key in record: ","timestamp":"2025-07-25T17:05:50.890Z"}
{"level":"warn","message":"Skipping invalid key in record: ","timestamp":"2025-07-25T17:05:50.891Z"}
{"level":"warn","message":"Skipping invalid key in record: ","timestamp":"2025-07-25T17:05:50.891Z"}
{"level":"warn","message":"Skipping invalid key in record: ","timestamp":"2025-07-25T17:05:50.891Z"}
{"level":"warn","message":"Skipping invalid key in record: ","timestamp":"2025-07-25T17:05:50.891Z"}
{"level":"warn","message":"Skipping invalid key in record: ","timestamp":"2025-07-25T17:05:50.891Z"}
{"level":"warn","message":"Skipping invalid key in record: ","timestamp":"2025-07-25T17:05:50.891Z"}
{"level":"warn","message":"Skipping invalid key in record: ","timestamp":"2025-07-25T17:05:50.891Z"}
{"level":"warn","message":"Skipping invalid key in record: ","timestamp":"2025-07-25T17:05:50.891Z"}
{"level":"warn","message":"Skipping invalid key in record: ","timestamp":"2025-07-25T17:05:50.891Z"}
{"level":"warn","message":"Skipping invalid key in record: ","timestamp":"2025-07-25T17:05:50.892Z"}
{"level":"warn","message":"Skipping invalid key in record: ","timestamp":"2025-07-25T17:05:50.892Z"}
{"level":"warn","message":"Skipping invalid key in record: ","timestamp":"2025-07-25T17:05:50.892Z"}
{"level":"warn","message":"Skipping invalid key in record: ","timestamp":"2025-07-25T17:05:50.892Z"}
{"level":"warn","message":"Skipping invalid key in record: ","timestamp":"2025-07-25T17:05:50.892Z"}
{"level":"warn","message":"Skipping invalid key in record: ","timestamp":"2025-07-25T17:05:50.892Z"}
{"level":"warn","message":"Skipping invalid key in record: ","timestamp":"2025-07-25T17:05:50.892Z"}
{"level":"warn","message":"Skipping invalid key in record: ","timestamp":"2025-07-25T17:05:50.892Z"}
{"level":"warn","message":"Skipping invalid key in record: ","timestamp":"2025-07-25T17:05:50.892Z"}
{"level":"warn","message":"Skipping invalid key in record: ","timestamp":"2025-07-25T17:05:50.893Z"}
{"level":"info","message":"CSV Headers: Medicine name,Related EMA product number,Active substance,Date of designation / refusal,Intended use,EU designation number,Status,First published date,Last updated date,Orphan designation URL,","timestamp":"2025-07-25T17:05:50.913Z"}
{"level":"warn","message":"Skipping invalid key in record: ","timestamp":"2025-07-25T17:05:50.913Z"}
{"level":"warn","message":"Skipping invalid key in record: ","timestamp":"2025-07-25T17:05:50.913Z"}
{"level":"warn","message":"Skipping invalid key in record: ","timestamp":"2025-07-25T17:05:50.913Z"}
{"level":"warn","message":"Skipping invalid key in record: ","timestamp":"2025-07-25T17:05:50.913Z"}
{"level":"warn","message":"Skipping invalid key in record: ","timestamp":"2025-07-25T17:05:50.914Z"}
{"level":"warn","message":"Skipping invalid key in record: ","timestamp":"2025-07-25T17:05:50.914Z"}
{"level":"warn","message":"Skipping invalid key in record: ","timestamp":"2025-07-25T17:05:50.914Z"}
{"level":"warn","message":"Skipping invalid key in record: ","timestamp":"2025-07-25T17:05:50.914Z"}
{"level":"warn","message":"Skipping invalid key in record: ","timestamp":"2025-07-25T17:05:50.914Z"}
{"level":"warn","message":"Skipping invalid key in record: ","timestamp":"2025-07-25T17:05:50.914Z"}
{"level":"warn","message":"Skipping invalid key in record: ","timestamp":"2025-07-25T17:05:50.914Z"}
{"level":"warn","message":"Skipping record with missing or invalid Active substance: {\"Medicine name\":null,\"Related EMA product number\":null,\"Active substance\":null,\"Date of designation / refusal\":\"2009-10-08T00:00:00.000Z\",\"Intended use\":\"Treatment of soft tissue sarcoma\",\"EU designation number\":\"EU/3/09/678\",\"Status\":\"Withdrawn\",\"First published date\":\"2009-10-20T00:00:00.000Z\",\"Last updated date\":\"2014-01-22T00:00:00.000Z\",\"Orphan designation URL\":\"https://www.ema.europa.eu/en/medicines/human/orphan-designations/eu-3-09-678\"}","timestamp":"2025-07-25T17:05:50.915Z"}
{"level":"warn","message":"Skipping invalid key in record: ","timestamp":"2025-07-25T17:05:50.915Z"}
{"level":"warn","message":"Skipping invalid key in record: ","timestamp":"2025-07-25T17:05:50.915Z"}
{"level":"warn","message":"Skipping invalid key in record: ","timestamp":"2025-07-25T17:05:50.915Z"}
{"level":"warn","message":"Skipping invalid key in record: ","timestamp":"2025-07-25T17:05:50.915Z"}
{"level":"warn","message":"Skipping invalid key in record: ","timestamp":"2025-07-25T17:05:50.915Z"}
{"level":"warn","message":"Skipping invalid key in record: ","timestamp":"2025-07-25T17:05:50.916Z"}
{"level":"warn","message":"Skipping invalid key in record: ","timestamp":"2025-07-25T17:05:50.916Z"}
{"level":"warn","message":"Skipping invalid key in record: ","timestamp":"2025-07-25T17:05:50.916Z"}
{"level":"warn","message":"Skipping invalid key in record: ","timestamp":"2025-07-25T17:05:50.916Z"}
{"level":"warn","message":"Skipping invalid key in record: ","timestamp":"2025-07-25T17:05:50.916Z"}
{"level":"warn","message":"Skipping invalid key in record: ","timestamp":"2025-07-25T17:05:50.916Z"}
{"level":"warn","message":"Skipping invalid key in record: ","timestamp":"2025-07-25T17:05:50.916Z"}
{"level":"warn","message":"Skipping invalid key in record: ","timestamp":"2025-07-25T17:05:50.917Z"}
{"level":"warn","message":"Skipping record with missing or invalid Active substance: {\"Medicine name\":null,\"Related EMA product number\":null,\"Active substance\":null,\"Date of designation / refusal\":\"2008-09-05T00:00:00.000Z\",\"Intended use\":\"Treatment of moderate and severe closed traumatic brain injury\",\"EU designation number\":\"EU/3/08/560\",\"Status\":\"Positive\",\"First published date\":\"2009-04-24T00:00:00.000Z\",\"Last updated date\":\"2013-11-28T00:00:00.000Z\",\"Orphan designation URL\":\"https://www.ema.europa.eu/en/medicines/human/orphan-designations/eu-3-08-560\"}","timestamp":"2025-07-25T17:05:50.917Z"}
{"level":"warn","message":"Skipping invalid key in record: ","timestamp":"2025-07-25T17:05:50.917Z"}
{"level":"warn","message":"Skipping invalid key in record: ","timestamp":"2025-07-25T17:05:50.917Z"}
{"level":"warn","message":"Skipping invalid key in record: ","timestamp":"2025-07-25T17:05:50.917Z"}
{"level":"warn","message":"Skipping invalid key in record: ","timestamp":"2025-07-25T17:05:50.917Z"}
{"level":"warn","message":"Skipping invalid key in record: ","timestamp":"2025-07-25T17:05:50.917Z"}
{"level":"warn","message":"Skipping invalid key in record: ","timestamp":"2025-07-25T17:05:50.917Z"}
{"level":"warn","message":"Skipping invalid key in record: ","timestamp":"2025-07-25T17:05:50.918Z"}
{"level":"warn","message":"Skipping invalid key in record: ","timestamp":"2025-07-25T17:05:50.918Z"}
{"level":"warn","message":"Skipping invalid key in record: ","timestamp":"2025-07-25T17:05:50.918Z"}
{"level":"warn","message":"Skipping invalid key in record: ","timestamp":"2025-07-25T17:05:50.918Z"}
{"level":"warn","message":"Skipping invalid key in record: ","timestamp":"2025-07-25T17:05:50.918Z"}
{"level":"warn","message":"Skipping invalid key in record: ","timestamp":"2025-07-25T17:05:50.918Z"}
{"level":"warn","message":"Skipping invalid key in record: ","timestamp":"2025-07-25T17:05:50.918Z"}
{"level":"warn","message":"Skipping invalid key in record: ","timestamp":"2025-07-25T17:05:50.919Z"}
{"level":"warn","message":"Skipping invalid key in record: ","timestamp":"2025-07-25T17:05:50.919Z"}
{"level":"warn","message":"Skipping invalid key in record: ","timestamp":"2025-07-25T17:05:50.919Z"}
{"level":"warn","message":"Skipping invalid key in record: ","timestamp":"2025-07-25T17:05:50.919Z"}
{"level":"warn","message":"Skipping record with missing or invalid Active substance: {\"Medicine name\":null,\"Related EMA product number\":null,\"Active substance\":null,\"Date of designation / refusal\":\"2008-06-03T00:00:00.000Z\",\"Intended use\":\"Treatment of congenital alpha-1 antitrypsin deficiency\",\"EU designation number\":\"EU/3/08/546\",\"Status\":\"Positive\",\"First published date\":\"2008-08-18T00:00:00.000Z\",\"Last updated date\":\"2013-10-17T00:00:00.000Z\",\"Orphan designation URL\":\"https://www.ema.europa.eu/en/medicines/human/orphan-designations/eu-3-08-546\"}","timestamp":"2025-07-25T17:05:50.920Z"}
{"level":"warn","message":"Skipping invalid key in record: ","timestamp":"2025-07-25T17:05:50.920Z"}
{"level":"warn","message":"Skipping invalid key in record: ","timestamp":"2025-07-25T17:05:50.920Z"}
{"level":"warn","message":"Skipping invalid key in record: ","timestamp":"2025-07-25T17:05:50.920Z"}
{"level":"warn","message":"Skipping invalid key in record: ","timestamp":"2025-07-25T17:05:50.920Z"}
{"level":"warn","message":"Skipping invalid key in record: ","timestamp":"2025-07-25T17:05:50.921Z"}
{"level":"warn","message":"Skipping invalid key in record: ","timestamp":"2025-07-25T17:05:50.921Z"}
{"level":"warn","message":"Skipping invalid key in record: ","timestamp":"2025-07-25T17:05:50.921Z"}
{"level":"warn","message":"Skipping invalid key in record: ","timestamp":"2025-07-25T17:05:50.921Z"}
{"level":"warn","message":"Skipping invalid key in record: ","timestamp":"2025-07-25T17:05:50.922Z"}
{"level":"warn","message":"Skipping invalid key in record: ","timestamp":"2025-07-25T17:05:50.922Z"}
{"level":"warn","message":"Skipping invalid key in record: ","timestamp":"2025-07-25T17:05:50.922Z"}
{"level":"warn","message":"Skipping invalid key in record: ","timestamp":"2025-07-25T17:05:50.922Z"}
{"level":"warn","message":"Skipping invalid key in record: ","timestamp":"2025-07-25T17:05:50.922Z"}
{"level":"info","message":"CSV Headers: Medicine name,Related EMA product number,Active substance,Date of designation / refusal,Intended use,EU designation number,Status,First published date,Last updated date,Orphan designation URL,","timestamp":"2025-07-25T17:05:50.930Z"}
{"level":"warn","message":"Skipping invalid key in record: ","timestamp":"2025-07-25T17:05:50.930Z"}
{"level":"warn","message":"Skipping invalid key in record: ","timestamp":"2025-07-25T17:05:50.930Z"}
{"level":"warn","message":"Skipping invalid key in record: ","timestamp":"2025-07-25T17:05:50.931Z"}
{"level":"warn","message":"Skipping invalid key in record: ","timestamp":"2025-07-25T17:05:50.931Z"}
{"level":"warn","message":"Skipping invalid key in record: ","timestamp":"2025-07-25T17:05:50.931Z"}
{"level":"warn","message":"Skipping invalid key in record: ","timestamp":"2025-07-25T17:05:50.931Z"}
{"level":"warn","message":"Skipping invalid key in record: ","timestamp":"2025-07-25T17:05:50.931Z"}
{"level":"warn","message":"Skipping invalid key in record: ","timestamp":"2025-07-25T17:05:50.931Z"}
{"level":"warn","message":"Skipping invalid key in record: ","timestamp":"2025-07-25T17:05:50.932Z"}
{"level":"warn","message":"Skipping invalid key in record: ","timestamp":"2025-07-25T17:05:50.932Z"}
{"level":"warn","message":"Skipping invalid key in record: ","timestamp":"2025-07-25T17:05:50.932Z"}
{"level":"warn","message":"Skipping invalid key in record: ","timestamp":"2025-07-25T17:05:50.932Z"}
{"level":"warn","message":"Skipping invalid key in record: ","timestamp":"2025-07-25T17:05:50.932Z"}
{"level":"warn","message":"Skipping invalid key in record: ","timestamp":"2025-07-25T17:05:50.932Z"}
{"level":"warn","message":"Skipping invalid key in record: ","timestamp":"2025-07-25T17:05:50.932Z"}
{"level":"warn","message":"Skipping invalid key in record: ","timestamp":"2025-07-25T17:05:50.933Z"}
{"level":"warn","message":"Skipping invalid key in record: ","timestamp":"2025-07-25T17:05:50.933Z"}
{"level":"warn","message":"Skipping invalid key in record: ","timestamp":"2025-07-25T17:05:50.933Z"}
{"level":"warn","message":"Skipping invalid key in record: ","timestamp":"2025-07-25T17:05:50.933Z"}
{"level":"warn","message":"Skipping invalid key in record: ","timestamp":"2025-07-25T17:05:50.933Z"}
{"level":"warn","message":"Skipping invalid key in record: ","timestamp":"2025-07-25T17:05:50.933Z"}
{"level":"warn","message":"Skipping invalid key in record: ","timestamp":"2025-07-25T17:05:50.933Z"}
{"level":"warn","message":"Skipping invalid key in record: ","timestamp":"2025-07-25T17:05:50.934Z"}
{"level":"warn","message":"Skipping invalid key in record: ","timestamp":"2025-07-25T17:05:50.934Z"}
{"level":"warn","message":"Skipping invalid key in record: ","timestamp":"2025-07-25T17:05:50.934Z"}
{"level":"warn","message":"Skipping invalid key in record: ","timestamp":"2025-07-25T17:05:50.934Z"}
{"level":"warn","message":"Skipping invalid key in record: ","timestamp":"2025-07-25T17:05:50.934Z"}
{"level":"warn","message":"Skipping invalid key in record: ","timestamp":"2025-07-25T17:05:50.934Z"}
{"level":"warn","message":"Skipping invalid key in record: ","timestamp":"2025-07-25T17:05:50.934Z"}
{"level":"warn","message":"Skipping invalid key in record: ","timestamp":"2025-07-25T17:05:50.934Z"}
{"level":"warn","message":"Skipping invalid key in record: ","timestamp":"2025-07-25T17:05:50.935Z"}
{"level":"warn","message":"Skipping invalid key in record: ","timestamp":"2025-07-25T17:05:50.935Z"}
{"level":"warn","message":"Skipping invalid key in record: ","timestamp":"2025-07-25T17:05:50.935Z"}
{"level":"warn","message":"Skipping invalid key in record: ","timestamp":"2025-07-25T17:05:50.935Z"}
{"level":"warn","message":"Skipping invalid key in record: ","timestamp":"2025-07-25T17:05:50.935Z"}
{"level":"warn","message":"Skipping invalid key in record: ","timestamp":"2025-07-25T17:05:50.935Z"}
{"level":"warn","message":"Skipping invalid key in record: ","timestamp":"2025-07-25T17:05:50.935Z"}
{"level":"warn","message":"Skipping invalid key in record: ","timestamp":"2025-07-25T17:05:50.935Z"}
{"level":"warn","message":"Skipping invalid key in record: ","timestamp":"2025-07-25T17:05:50.935Z"}
{"level":"warn","message":"Skipping invalid key in record: ","timestamp":"2025-07-25T17:05:50.935Z"}
{"level":"warn","message":"Skipping invalid key in record: ","timestamp":"2025-07-25T17:05:50.935Z"}
{"level":"warn","message":"Skipping invalid key in record: ","timestamp":"2025-07-25T17:05:50.936Z"}
{"level":"warn","message":"Skipping invalid key in record: ","timestamp":"2025-07-25T17:05:50.936Z"}
{"level":"warn","message":"Skipping invalid key in record: ","timestamp":"2025-07-25T17:05:50.936Z"}
{"level":"warn","message":"Skipping invalid key in record: ","timestamp":"2025-07-25T17:05:50.936Z"}
{"level":"warn","message":"Skipping invalid key in record: ","timestamp":"2025-07-25T17:05:50.936Z"}
{"level":"warn","message":"Skipping invalid key in record: ","timestamp":"2025-07-25T17:05:50.936Z"}
{"level":"warn","message":"Skipping invalid key in record: ","timestamp":"2025-07-25T17:05:50.936Z"}
{"level":"warn","message":"Skipping invalid key in record: ","timestamp":"2025-07-25T17:05:50.936Z"}
{"level":"warn","message":"Skipping invalid key in record: ","timestamp":"2025-07-25T17:05:50.937Z"}
{"level":"warn","message":"Skipping invalid key in record: ","timestamp":"2025-07-25T17:05:50.937Z"}
{"level":"warn","message":"Skipping invalid key in record: ","timestamp":"2025-07-25T17:05:50.937Z"}
{"level":"warn","message":"Skipping invalid key in record: ","timestamp":"2025-07-25T17:05:50.937Z"}
{"level":"info","message":"CSV Headers: Medicine name,Related EMA product number,Active substance,Date of designation / refusal,Intended use,EU designation number,Status,First published date,Last updated date,Orphan designation URL,","timestamp":"2025-07-25T17:05:50.945Z"}
{"level":"warn","message":"Skipping invalid key in record: ","timestamp":"2025-07-25T17:05:50.945Z"}
{"level":"warn","message":"Skipping invalid key in record: ","timestamp":"2025-07-25T17:05:50.946Z"}
{"level":"warn","message":"Skipping invalid key in record: ","timestamp":"2025-07-25T17:05:50.946Z"}
{"level":"warn","message":"Skipping invalid key in record: ","timestamp":"2025-07-25T17:05:50.946Z"}
{"level":"warn","message":"Skipping invalid key in record: ","timestamp":"2025-07-25T17:05:50.946Z"}
{"level":"warn","message":"Skipping invalid key in record: ","timestamp":"2025-07-25T17:05:50.946Z"}
{"level":"warn","message":"Skipping invalid key in record: ","timestamp":"2025-07-25T17:05:50.946Z"}
{"level":"warn","message":"Skipping invalid key in record: ","timestamp":"2025-07-25T17:05:50.946Z"}
{"level":"warn","message":"Skipping invalid key in record: ","timestamp":"2025-07-25T17:05:50.947Z"}
{"level":"warn","message":"Skipping invalid key in record: ","timestamp":"2025-07-25T17:05:50.947Z"}
{"level":"warn","message":"Skipping invalid key in record: ","timestamp":"2025-07-25T17:05:50.947Z"}
{"level":"warn","message":"Skipping invalid key in record: ","timestamp":"2025-07-25T17:05:50.947Z"}
{"level":"warn","message":"Skipping invalid key in record: ","timestamp":"2025-07-25T17:05:50.947Z"}
{"level":"warn","message":"Skipping invalid key in record: ","timestamp":"2025-07-25T17:05:50.947Z"}
{"level":"warn","message":"Skipping invalid key in record: ","timestamp":"2025-07-25T17:05:50.947Z"}
{"level":"warn","message":"Skipping invalid key in record: ","timestamp":"2025-07-25T17:05:50.947Z"}
{"level":"warn","message":"Skipping invalid key in record: ","timestamp":"2025-07-25T17:05:50.948Z"}
{"level":"warn","message":"Skipping invalid key in record: ","timestamp":"2025-07-25T17:05:50.948Z"}
{"level":"warn","message":"Skipping invalid key in record: ","timestamp":"2025-07-25T17:05:50.948Z"}
{"level":"warn","message":"Skipping invalid key in record: ","timestamp":"2025-07-25T17:05:50.948Z"}
{"level":"warn","message":"Skipping invalid key in record: ","timestamp":"2025-07-25T17:05:50.948Z"}
{"level":"warn","message":"Skipping invalid key in record: ","timestamp":"2025-07-25T17:05:50.948Z"}
{"level":"warn","message":"Skipping invalid key in record: ","timestamp":"2025-07-25T17:05:50.948Z"}
{"level":"warn","message":"Skipping invalid key in record: ","timestamp":"2025-07-25T17:05:50.948Z"}
{"level":"warn","message":"Skipping invalid key in record: ","timestamp":"2025-07-25T17:05:50.948Z"}
{"level":"warn","message":"Skipping invalid key in record: ","timestamp":"2025-07-25T17:05:50.948Z"}
{"level":"warn","message":"Skipping invalid key in record: ","timestamp":"2025-07-25T17:05:50.948Z"}
{"level":"warn","message":"Skipping invalid key in record: ","timestamp":"2025-07-25T17:05:50.948Z"}
{"level":"warn","message":"Skipping invalid key in record: ","timestamp":"2025-07-25T17:05:50.948Z"}
{"level":"warn","message":"Skipping invalid key in record: ","timestamp":"2025-07-25T17:05:50.948Z"}
{"level":"warn","message":"Skipping invalid key in record: ","timestamp":"2025-07-25T17:05:50.948Z"}
{"level":"warn","message":"Skipping invalid key in record: ","timestamp":"2025-07-25T17:05:50.949Z"}
{"level":"warn","message":"Skipping invalid key in record: ","timestamp":"2025-07-25T17:05:50.949Z"}
{"level":"warn","message":"Skipping invalid key in record: ","timestamp":"2025-07-25T17:05:50.949Z"}
{"level":"warn","message":"Skipping invalid key in record: ","timestamp":"2025-07-25T17:05:50.949Z"}
{"level":"warn","message":"Skipping invalid key in record: ","timestamp":"2025-07-25T17:05:50.949Z"}
{"level":"warn","message":"Skipping invalid key in record: ","timestamp":"2025-07-25T17:05:50.949Z"}
{"level":"warn","message":"Skipping invalid key in record: ","timestamp":"2025-07-25T17:05:50.949Z"}
{"level":"warn","message":"Skipping record with missing or invalid Active substance: {\"Medicine name\":null,\"Related EMA product number\":null,\"Active substance\":null,\"Date of designation / refusal\":\"2012-08-09T00:00:00.000Z\",\"Intended use\":\"Treatment of primary biliary cirrhosis\",\"EU designation number\":\"EU/3/12/1041\",\"Status\":\"Positive\",\"First published date\":\"2012-09-26T00:00:00.000Z\",\"Last updated date\":\"2012-09-26T00:00:00.000Z\",\"Orphan designation URL\":\"https://www.ema.europa.eu/en/medicines/human/orphan-designations/eu-3-12-1041\"}","timestamp":"2025-07-25T17:05:50.949Z"}
{"level":"warn","message":"Skipping invalid key in record: ","timestamp":"2025-07-25T17:05:50.949Z"}
{"level":"warn","message":"Skipping record with missing or invalid Active substance: {\"Medicine name\":null,\"Related EMA product number\":null,\"Active substance\":null,\"Date of designation / refusal\":\"2012-08-09T00:00:00.000Z\",\"Intended use\":\"Treatment of Alagille syndrome\",\"EU designation number\":\"EU/3/12/1040\",\"Status\":\"Positive\",\"First published date\":\"2012-09-26T00:00:00.000Z\",\"Last updated date\":\"2012-09-26T00:00:00.000Z\",\"Orphan designation URL\":\"https://www.ema.europa.eu/en/medicines/human/orphan-designations/eu-3-12-1040\"}","timestamp":"2025-07-25T17:05:50.949Z"}
{"level":"warn","message":"Skipping invalid key in record: ","timestamp":"2025-07-25T17:05:50.949Z"}
{"level":"warn","message":"Skipping invalid key in record: ","timestamp":"2025-07-25T17:05:50.949Z"}
{"level":"warn","message":"Skipping invalid key in record: ","timestamp":"2025-07-25T17:05:50.949Z"}
{"level":"warn","message":"Skipping invalid key in record: ","timestamp":"2025-07-25T17:05:50.949Z"}
{"level":"warn","message":"Skipping invalid key in record: ","timestamp":"2025-07-25T17:05:50.949Z"}
{"level":"warn","message":"Skipping invalid key in record: ","timestamp":"2025-07-25T17:05:50.950Z"}
{"level":"warn","message":"Skipping invalid key in record: ","timestamp":"2025-07-25T17:05:50.950Z"}
{"level":"warn","message":"Skipping invalid key in record: ","timestamp":"2025-07-25T17:05:50.950Z"}
{"level":"warn","message":"Skipping invalid key in record: ","timestamp":"2025-07-25T17:05:50.950Z"}
{"level":"warn","message":"Skipping invalid key in record: ","timestamp":"2025-07-25T17:05:50.950Z"}
{"level":"warn","message":"Skipping invalid key in record: ","timestamp":"2025-07-25T17:05:50.950Z"}
{"level":"warn","message":"Skipping invalid key in record: ","timestamp":"2025-07-25T17:05:50.950Z"}
{"level":"warn","message":"Skipping invalid key in record: ","timestamp":"2025-07-25T17:05:50.950Z"}
{"level":"info","message":"CSV Headers: Medicine name,Related EMA product number,Active substance,Date of designation / refusal,Intended use,EU designation number,Status,First published date,Last updated date,Orphan designation URL,","timestamp":"2025-07-25T17:05:50.957Z"}
{"level":"warn","message":"Skipping invalid key in record: ","timestamp":"2025-07-25T17:05:50.957Z"}
{"level":"warn","message":"Skipping invalid key in record: ","timestamp":"2025-07-25T17:05:50.957Z"}
{"level":"warn","message":"Skipping invalid key in record: ","timestamp":"2025-07-25T17:05:50.957Z"}
{"level":"warn","message":"Skipping invalid key in record: ","timestamp":"2025-07-25T17:05:50.958Z"}
{"level":"warn","message":"Skipping invalid key in record: ","timestamp":"2025-07-25T17:05:50.958Z"}
{"level":"warn","message":"Skipping invalid key in record: ","timestamp":"2025-07-25T17:05:50.958Z"}
{"level":"warn","message":"Skipping invalid key in record: ","timestamp":"2025-07-25T17:05:50.958Z"}
{"level":"warn","message":"Skipping invalid key in record: ","timestamp":"2025-07-25T17:05:50.958Z"}
{"level":"warn","message":"Skipping invalid key in record: ","timestamp":"2025-07-25T17:05:50.958Z"}
{"level":"warn","message":"Skipping invalid key in record: ","timestamp":"2025-07-25T17:05:50.958Z"}
{"level":"warn","message":"Skipping invalid key in record: ","timestamp":"2025-07-25T17:05:50.958Z"}
{"level":"warn","message":"Skipping invalid key in record: ","timestamp":"2025-07-25T17:05:50.958Z"}
{"level":"warn","message":"Skipping invalid key in record: ","timestamp":"2025-07-25T17:05:50.958Z"}
{"level":"warn","message":"Skipping invalid key in record: ","timestamp":"2025-07-25T17:05:50.958Z"}
{"level":"warn","message":"Skipping invalid key in record: ","timestamp":"2025-07-25T17:05:50.959Z"}
{"level":"warn","message":"Skipping invalid key in record: ","timestamp":"2025-07-25T17:05:50.959Z"}
{"level":"warn","message":"Skipping invalid key in record: ","timestamp":"2025-07-25T17:05:50.959Z"}
{"level":"warn","message":"Skipping invalid key in record: ","timestamp":"2025-07-25T17:05:50.959Z"}
{"level":"warn","message":"Skipping invalid key in record: ","timestamp":"2025-07-25T17:05:50.959Z"}
{"level":"warn","message":"Skipping invalid key in record: ","timestamp":"2025-07-25T17:05:50.959Z"}
{"level":"warn","message":"Skipping invalid key in record: ","timestamp":"2025-07-25T17:05:50.959Z"}
{"level":"warn","message":"Skipping invalid key in record: ","timestamp":"2025-07-25T17:05:50.959Z"}
{"level":"warn","message":"Skipping invalid key in record: ","timestamp":"2025-07-25T17:05:50.959Z"}
{"level":"warn","message":"Skipping invalid key in record: ","timestamp":"2025-07-25T17:05:50.959Z"}
{"level":"warn","message":"Skipping record with missing or invalid Active substance: {\"Medicine name\":null,\"Related EMA product number\":null,\"Active substance\":null,\"Date of designation / refusal\":\"2010-03-23T00:00:00.000Z\",\"Intended use\":\"Treatment of acute myeloid leukaemia\",\"EU designation number\":\"EU/3/10/729\",\"Status\":\"Withdrawn\",\"First published date\":\"2010-03-26T00:00:00.000Z\",\"Last updated date\":\"2011-11-18T00:00:00.000Z\",\"Orphan designation URL\":\"https://www.ema.europa.eu/en/medicines/human/orphan-designations/eu-3-10-729\"}","timestamp":"2025-07-25T17:05:50.959Z"}
{"level":"warn","message":"Skipping invalid key in record: ","timestamp":"2025-07-25T17:05:50.959Z"}
{"level":"warn","message":"Skipping invalid key in record: ","timestamp":"2025-07-25T17:05:50.959Z"}
{"level":"warn","message":"Skipping invalid key in record: ","timestamp":"2025-07-25T17:05:50.959Z"}
{"level":"warn","message":"Skipping invalid key in record: ","timestamp":"2025-07-25T17:05:50.960Z"}
{"level":"warn","message":"Skipping invalid key in record: ","timestamp":"2025-07-25T17:05:50.960Z"}
{"level":"warn","message":"Skipping invalid key in record: ","timestamp":"2025-07-25T17:05:50.960Z"}
{"level":"warn","message":"Skipping invalid key in record: ","timestamp":"2025-07-25T17:05:50.960Z"}
{"level":"warn","message":"Skipping invalid key in record: ","timestamp":"2025-07-25T17:05:50.960Z"}
{"level":"warn","message":"Skipping invalid key in record: ","timestamp":"2025-07-25T17:05:50.960Z"}
{"level":"warn","message":"Skipping invalid key in record: ","timestamp":"2025-07-25T17:05:50.960Z"}
{"level":"warn","message":"Skipping invalid key in record: ","timestamp":"2025-07-25T17:05:50.960Z"}
{"level":"warn","message":"Skipping invalid key in record: ","timestamp":"2025-07-25T17:05:50.960Z"}
{"level":"warn","message":"Skipping invalid key in record: ","timestamp":"2025-07-25T17:05:50.960Z"}
{"level":"warn","message":"Skipping invalid key in record: ","timestamp":"2025-07-25T17:05:50.960Z"}
{"level":"warn","message":"Skipping invalid key in record: ","timestamp":"2025-07-25T17:05:50.960Z"}
{"level":"warn","message":"Skipping invalid key in record: ","timestamp":"2025-07-25T17:05:50.960Z"}
{"level":"warn","message":"Skipping invalid key in record: ","timestamp":"2025-07-25T17:05:50.960Z"}
{"level":"warn","message":"Skipping invalid key in record: ","timestamp":"2025-07-25T17:05:50.960Z"}
{"level":"warn","message":"Skipping invalid key in record: ","timestamp":"2025-07-25T17:05:50.960Z"}
{"level":"warn","message":"Skipping invalid key in record: ","timestamp":"2025-07-25T17:05:50.960Z"}
{"level":"warn","message":"Skipping invalid key in record: ","timestamp":"2025-07-25T17:05:50.960Z"}
{"level":"warn","message":"Skipping invalid key in record: ","timestamp":"2025-07-25T17:05:50.961Z"}
{"level":"warn","message":"Skipping invalid key in record: ","timestamp":"2025-07-25T17:05:50.961Z"}
{"level":"warn","message":"Skipping invalid key in record: ","timestamp":"2025-07-25T17:05:50.961Z"}
{"level":"warn","message":"Skipping invalid key in record: ","timestamp":"2025-07-25T17:05:50.961Z"}
{"level":"warn","message":"Skipping invalid key in record: ","timestamp":"2025-07-25T17:05:50.961Z"}
{"level":"warn","message":"Skipping invalid key in record: ","timestamp":"2025-07-25T17:05:50.961Z"}
{"level":"warn","message":"Skipping invalid key in record: ","timestamp":"2025-07-25T17:05:50.961Z"}
{"level":"warn","message":"Skipping invalid key in record: ","timestamp":"2025-07-25T17:05:50.961Z"}
{"level":"info","message":"CSV Headers: Medicine name,Related EMA product number,Active substance,Date of designation / refusal,Intended use,EU designation number,Status,First published date,Last updated date,Orphan designation URL,","timestamp":"2025-07-25T17:05:50.968Z"}
{"level":"warn","message":"Skipping invalid key in record: ","timestamp":"2025-07-25T17:05:50.968Z"}
{"level":"warn","message":"Skipping invalid key in record: ","timestamp":"2025-07-25T17:05:50.968Z"}
{"level":"warn","message":"Skipping invalid key in record: ","timestamp":"2025-07-25T17:05:50.968Z"}
{"level":"warn","message":"Skipping invalid key in record: ","timestamp":"2025-07-25T17:05:50.968Z"}
{"level":"warn","message":"Skipping invalid key in record: ","timestamp":"2025-07-25T17:05:50.968Z"}
{"level":"warn","message":"Skipping invalid key in record: ","timestamp":"2025-07-25T17:05:50.969Z"}
{"level":"warn","message":"Skipping invalid key in record: ","timestamp":"2025-07-25T17:05:50.969Z"}
{"level":"warn","message":"Skipping invalid key in record: ","timestamp":"2025-07-25T17:05:50.969Z"}
{"level":"warn","message":"Skipping invalid key in record: ","timestamp":"2025-07-25T17:05:50.969Z"}
{"level":"warn","message":"Skipping invalid key in record: ","timestamp":"2025-07-25T17:05:50.969Z"}
{"level":"warn","message":"Skipping invalid key in record: ","timestamp":"2025-07-25T17:05:50.969Z"}
{"level":"warn","message":"Skipping invalid key in record: ","timestamp":"2025-07-25T17:05:50.969Z"}
{"level":"warn","message":"Skipping invalid key in record: ","timestamp":"2025-07-25T17:05:50.969Z"}
{"level":"warn","message":"Skipping invalid key in record: ","timestamp":"2025-07-25T17:05:50.969Z"}
{"level":"warn","message":"Skipping invalid key in record: ","timestamp":"2025-07-25T17:05:50.969Z"}
{"level":"warn","message":"Skipping invalid key in record: ","timestamp":"2025-07-25T17:05:50.969Z"}
{"level":"warn","message":"Skipping invalid key in record: ","timestamp":"2025-07-25T17:05:50.970Z"}
{"level":"warn","message":"Skipping invalid key in record: ","timestamp":"2025-07-25T17:05:50.970Z"}
{"level":"warn","message":"Skipping invalid key in record: ","timestamp":"2025-07-25T17:05:50.970Z"}
{"level":"warn","message":"Skipping invalid key in record: ","timestamp":"2025-07-25T17:05:50.970Z"}
{"level":"warn","message":"Skipping invalid key in record: ","timestamp":"2025-07-25T17:05:50.970Z"}
{"level":"warn","message":"Skipping invalid key in record: ","timestamp":"2025-07-25T17:05:50.970Z"}
{"level":"warn","message":"Skipping invalid key in record: ","timestamp":"2025-07-25T17:05:50.970Z"}
{"level":"warn","message":"Skipping invalid key in record: ","timestamp":"2025-07-25T17:05:50.970Z"}
{"level":"warn","message":"Skipping invalid key in record: ","timestamp":"2025-07-25T17:05:50.970Z"}
{"level":"warn","message":"Skipping invalid key in record: ","timestamp":"2025-07-25T17:05:50.970Z"}
{"level":"warn","message":"Skipping invalid key in record: ","timestamp":"2025-07-25T17:05:50.970Z"}
{"level":"warn","message":"Skipping invalid key in record: ","timestamp":"2025-07-25T17:05:50.970Z"}
{"level":"warn","message":"Skipping invalid key in record: ","timestamp":"2025-07-25T17:05:50.970Z"}
{"level":"warn","message":"Skipping invalid key in record: ","timestamp":"2025-07-25T17:05:50.970Z"}
{"level":"warn","message":"Skipping invalid key in record: ","timestamp":"2025-07-25T17:05:50.970Z"}
{"level":"warn","message":"Skipping invalid key in record: ","timestamp":"2025-07-25T17:05:50.971Z"}
{"level":"warn","message":"Skipping invalid key in record: ","timestamp":"2025-07-25T17:05:50.971Z"}
{"level":"warn","message":"Skipping invalid key in record: ","timestamp":"2025-07-25T17:05:50.971Z"}
{"level":"warn","message":"Skipping invalid key in record: ","timestamp":"2025-07-25T17:05:50.971Z"}
{"level":"warn","message":"Skipping invalid key in record: ","timestamp":"2025-07-25T17:05:50.971Z"}
{"level":"warn","message":"Skipping invalid key in record: ","timestamp":"2025-07-25T17:05:50.971Z"}
{"level":"warn","message":"Skipping invalid key in record: ","timestamp":"2025-07-25T17:05:50.971Z"}
{"level":"warn","message":"Skipping invalid key in record: ","timestamp":"2025-07-25T17:05:50.971Z"}
{"level":"warn","message":"Skipping invalid key in record: ","timestamp":"2025-07-25T17:05:50.971Z"}
{"level":"warn","message":"Skipping invalid key in record: ","timestamp":"2025-07-25T17:05:50.971Z"}
{"level":"warn","message":"Skipping invalid key in record: ","timestamp":"2025-07-25T17:05:50.971Z"}
{"level":"warn","message":"Skipping invalid key in record: ","timestamp":"2025-07-25T17:05:50.971Z"}
{"level":"warn","message":"Skipping invalid key in record: ","timestamp":"2025-07-25T17:05:50.971Z"}
{"level":"warn","message":"Skipping invalid key in record: ","timestamp":"2025-07-25T17:05:50.972Z"}
{"level":"warn","message":"Skipping invalid key in record: ","timestamp":"2025-07-25T17:05:50.972Z"}
{"level":"warn","message":"Skipping invalid key in record: ","timestamp":"2025-07-25T17:05:50.972Z"}
{"level":"warn","message":"Skipping invalid key in record: ","timestamp":"2025-07-25T17:05:50.972Z"}
{"level":"warn","message":"Skipping invalid key in record: ","timestamp":"2025-07-25T17:05:50.972Z"}
{"level":"warn","message":"Skipping invalid key in record: ","timestamp":"2025-07-25T17:05:50.972Z"}
{"level":"warn","message":"Skipping invalid key in record: ","timestamp":"2025-07-25T17:05:50.972Z"}
{"level":"warn","message":"Skipping invalid key in record: ","timestamp":"2025-07-25T17:05:50.972Z"}
{"level":"warn","message":"Skipping invalid key in record: ","timestamp":"2025-07-25T17:05:50.972Z"}
{"level":"info","message":"CSV Headers: Medicine name,Related EMA product number,Active substance,Date of designation / refusal,Intended use,EU designation number,Status,First published date,Last updated date,Orphan designation URL,","timestamp":"2025-07-25T17:05:50.979Z"}
{"level":"warn","message":"Skipping invalid key in record: ","timestamp":"2025-07-25T17:05:50.979Z"}
{"level":"warn","message":"Skipping invalid key in record: ","timestamp":"2025-07-25T17:05:50.980Z"}
{"level":"warn","message":"Skipping invalid key in record: ","timestamp":"2025-07-25T17:05:50.980Z"}
{"level":"warn","message":"Skipping invalid key in record: ","timestamp":"2025-07-25T17:05:50.980Z"}
{"level":"warn","message":"Skipping invalid key in record: ","timestamp":"2025-07-25T17:05:50.980Z"}
{"level":"warn","message":"Skipping invalid key in record: ","timestamp":"2025-07-25T17:05:50.980Z"}
{"level":"warn","message":"Skipping invalid key in record: ","timestamp":"2025-07-25T17:05:50.980Z"}
{"level":"warn","message":"Skipping invalid key in record: ","timestamp":"2025-07-25T17:05:50.980Z"}
{"level":"warn","message":"Skipping invalid key in record: ","timestamp":"2025-07-25T17:05:50.980Z"}
{"level":"warn","message":"Skipping invalid key in record: ","timestamp":"2025-07-25T17:05:50.980Z"}
{"level":"warn","message":"Skipping invalid key in record: ","timestamp":"2025-07-25T17:05:50.980Z"}
{"level":"warn","message":"Skipping invalid key in record: ","timestamp":"2025-07-25T17:05:50.980Z"}
{"level":"warn","message":"Skipping invalid key in record: ","timestamp":"2025-07-25T17:05:50.980Z"}
{"level":"warn","message":"Skipping invalid key in record: ","timestamp":"2025-07-25T17:05:50.980Z"}
{"level":"warn","message":"Skipping invalid key in record: ","timestamp":"2025-07-25T17:05:50.980Z"}
{"level":"warn","message":"Skipping invalid key in record: ","timestamp":"2025-07-25T17:05:50.980Z"}
{"level":"warn","message":"Skipping invalid key in record: ","timestamp":"2025-07-25T17:05:50.980Z"}
{"level":"warn","message":"Skipping invalid key in record: ","timestamp":"2025-07-25T17:05:50.981Z"}
{"level":"warn","message":"Skipping invalid key in record: ","timestamp":"2025-07-25T17:05:50.981Z"}
{"level":"warn","message":"Skipping invalid key in record: ","timestamp":"2025-07-25T17:05:50.981Z"}
{"level":"warn","message":"Skipping invalid key in record: ","timestamp":"2025-07-25T17:05:50.981Z"}
{"level":"warn","message":"Skipping invalid key in record: ","timestamp":"2025-07-25T17:05:50.981Z"}
{"level":"warn","message":"Skipping invalid key in record: ","timestamp":"2025-07-25T17:05:50.981Z"}
{"level":"warn","message":"Skipping invalid key in record: ","timestamp":"2025-07-25T17:05:50.981Z"}
{"level":"warn","message":"Skipping invalid key in record: ","timestamp":"2025-07-25T17:05:50.981Z"}
{"level":"warn","message":"Skipping invalid key in record: ","timestamp":"2025-07-25T17:05:50.981Z"}
{"level":"warn","message":"Skipping invalid key in record: ","timestamp":"2025-07-25T17:05:50.981Z"}
{"level":"warn","message":"Skipping invalid key in record: ","timestamp":"2025-07-25T17:05:50.981Z"}
{"level":"warn","message":"Skipping invalid key in record: ","timestamp":"2025-07-25T17:05:50.981Z"}
{"level":"warn","message":"Skipping invalid key in record: ","timestamp":"2025-07-25T17:05:50.981Z"}
{"level":"warn","message":"Skipping invalid key in record: ","timestamp":"2025-07-25T17:05:50.981Z"}
{"level":"warn","message":"Skipping invalid key in record: ","timestamp":"2025-07-25T17:05:50.981Z"}
{"level":"warn","message":"Skipping invalid key in record: ","timestamp":"2025-07-25T17:05:50.981Z"}
{"level":"warn","message":"Skipping invalid key in record: ","timestamp":"2025-07-25T17:05:50.981Z"}
{"level":"warn","message":"Skipping invalid key in record: ","timestamp":"2025-07-25T17:05:50.982Z"}
{"level":"warn","message":"Skipping invalid key in record: ","timestamp":"2025-07-25T17:05:50.982Z"}
{"level":"warn","message":"Skipping invalid key in record: ","timestamp":"2025-07-25T17:05:50.982Z"}
{"level":"warn","message":"Skipping invalid key in record: ","timestamp":"2025-07-25T17:05:50.982Z"}
{"level":"warn","message":"Skipping invalid key in record: ","timestamp":"2025-07-25T17:05:50.982Z"}
{"level":"warn","message":"Skipping invalid key in record: ","timestamp":"2025-07-25T17:05:50.982Z"}
{"level":"warn","message":"Skipping invalid key in record: ","timestamp":"2025-07-25T17:05:50.982Z"}
{"level":"warn","message":"Skipping invalid key in record: ","timestamp":"2025-07-25T17:05:50.982Z"}
{"level":"warn","message":"Skipping invalid key in record: ","timestamp":"2025-07-25T17:05:50.982Z"}
{"level":"warn","message":"Skipping invalid key in record: ","timestamp":"2025-07-25T17:05:50.982Z"}
{"level":"warn","message":"Skipping invalid key in record: ","timestamp":"2025-07-25T17:05:50.982Z"}
{"level":"warn","message":"Skipping invalid key in record: ","timestamp":"2025-07-25T17:05:50.982Z"}
{"level":"warn","message":"Skipping invalid key in record: ","timestamp":"2025-07-25T17:05:50.982Z"}
{"level":"warn","message":"Skipping invalid key in record: ","timestamp":"2025-07-25T17:05:50.982Z"}
{"level":"warn","message":"Skipping invalid key in record: ","timestamp":"2025-07-25T17:05:50.982Z"}
{"level":"warn","message":"Skipping invalid key in record: ","timestamp":"2025-07-25T17:05:50.982Z"}
{"level":"warn","message":"Skipping invalid key in record: ","timestamp":"2025-07-25T17:05:50.982Z"}
{"level":"warn","message":"Skipping invalid key in record: ","timestamp":"2025-07-25T17:05:50.983Z"}
{"level":"warn","message":"Skipping invalid key in record: ","timestamp":"2025-07-25T17:05:50.983Z"}
{"level":"info","message":"CSV Headers: Medicine name,Related EMA product number,Active substance,Date of designation / refusal,Intended use,EU designation number,Status,First published date,Last updated date,Orphan designation URL,","timestamp":"2025-07-25T17:05:50.989Z"}
{"level":"warn","message":"Skipping invalid key in record: ","timestamp":"2025-07-25T17:05:50.989Z"}
{"level":"warn","message":"Skipping invalid key in record: ","timestamp":"2025-07-25T17:05:50.989Z"}
{"level":"warn","message":"Skipping invalid key in record: ","timestamp":"2025-07-25T17:05:50.989Z"}
{"level":"warn","message":"Skipping invalid key in record: ","timestamp":"2025-07-25T17:05:50.990Z"}
{"level":"warn","message":"Skipping invalid key in record: ","timestamp":"2025-07-25T17:05:50.990Z"}
{"level":"warn","message":"Skipping invalid key in record: ","timestamp":"2025-07-25T17:05:50.990Z"}
{"level":"warn","message":"Skipping invalid key in record: ","timestamp":"2025-07-25T17:05:50.990Z"}
{"level":"warn","message":"Skipping invalid key in record: ","timestamp":"2025-07-25T17:05:50.990Z"}
{"level":"warn","message":"Skipping invalid key in record: ","timestamp":"2025-07-25T17:05:50.990Z"}
{"level":"warn","message":"Skipping invalid key in record: ","timestamp":"2025-07-25T17:05:50.990Z"}
{"level":"warn","message":"Skipping invalid key in record: ","timestamp":"2025-07-25T17:05:50.990Z"}
{"level":"warn","message":"Skipping invalid key in record: ","timestamp":"2025-07-25T17:05:50.990Z"}
{"level":"warn","message":"Skipping invalid key in record: ","timestamp":"2025-07-25T17:05:50.990Z"}
{"level":"warn","message":"Skipping invalid key in record: ","timestamp":"2025-07-25T17:05:50.990Z"}
{"level":"warn","message":"Skipping invalid key in record: ","timestamp":"2025-07-25T17:05:50.990Z"}
{"level":"warn","message":"Skipping invalid key in record: ","timestamp":"2025-07-25T17:05:50.990Z"}
{"level":"warn","message":"Skipping invalid key in record: ","timestamp":"2025-07-25T17:05:50.991Z"}
{"level":"warn","message":"Skipping invalid key in record: ","timestamp":"2025-07-25T17:05:50.991Z"}
{"level":"warn","message":"Skipping invalid key in record: ","timestamp":"2025-07-25T17:05:50.991Z"}
{"level":"warn","message":"Skipping invalid key in record: ","timestamp":"2025-07-25T17:05:50.991Z"}
{"level":"warn","message":"Skipping invalid key in record: ","timestamp":"2025-07-25T17:05:50.991Z"}
{"level":"warn","message":"Skipping invalid key in record: ","timestamp":"2025-07-25T17:05:50.991Z"}
{"level":"warn","message":"Skipping invalid key in record: ","timestamp":"2025-07-25T17:05:50.991Z"}
{"level":"warn","message":"Skipping invalid key in record: ","timestamp":"2025-07-25T17:05:50.991Z"}
{"level":"warn","message":"Skipping invalid key in record: ","timestamp":"2025-07-25T17:05:50.991Z"}
{"level":"warn","message":"Skipping invalid key in record: ","timestamp":"2025-07-25T17:05:50.991Z"}
{"level":"warn","message":"Skipping invalid key in record: ","timestamp":"2025-07-25T17:05:50.991Z"}
{"level":"warn","message":"Skipping invalid key in record: ","timestamp":"2025-07-25T17:05:50.991Z"}
{"level":"warn","message":"Skipping invalid key in record: ","timestamp":"2025-07-25T17:05:50.991Z"}
{"level":"warn","message":"Skipping invalid key in record: ","timestamp":"2025-07-25T17:05:50.991Z"}
{"level":"warn","message":"Skipping invalid key in record: ","timestamp":"2025-07-25T17:05:50.991Z"}
{"level":"warn","message":"Skipping invalid key in record: ","timestamp":"2025-07-25T17:05:50.991Z"}
{"level":"warn","message":"Skipping invalid key in record: ","timestamp":"2025-07-25T17:05:50.992Z"}
{"level":"warn","message":"Skipping invalid key in record: ","timestamp":"2025-07-25T17:05:50.992Z"}
{"level":"warn","message":"Skipping invalid key in record: ","timestamp":"2025-07-25T17:05:50.992Z"}
{"level":"warn","message":"Skipping invalid key in record: ","timestamp":"2025-07-25T17:05:50.992Z"}
{"level":"warn","message":"Skipping invalid key in record: ","timestamp":"2025-07-25T17:05:50.992Z"}
{"level":"warn","message":"Skipping invalid key in record: ","timestamp":"2025-07-25T17:05:50.992Z"}
{"level":"warn","message":"Skipping invalid key in record: ","timestamp":"2025-07-25T17:05:50.992Z"}
{"level":"warn","message":"Skipping invalid key in record: ","timestamp":"2025-07-25T17:05:50.992Z"}
{"level":"warn","message":"Skipping invalid key in record: ","timestamp":"2025-07-25T17:05:50.992Z"}
{"level":"warn","message":"Skipping invalid key in record: ","timestamp":"2025-07-25T17:05:50.992Z"}
{"level":"warn","message":"Skipping invalid key in record: ","timestamp":"2025-07-25T17:05:50.992Z"}
{"level":"warn","message":"Skipping invalid key in record: ","timestamp":"2025-07-25T17:05:50.992Z"}
{"level":"warn","message":"Skipping invalid key in record: ","timestamp":"2025-07-25T17:05:50.992Z"}
{"level":"warn","message":"Skipping invalid key in record: ","timestamp":"2025-07-25T17:05:50.992Z"}
{"level":"warn","message":"Skipping invalid key in record: ","timestamp":"2025-07-25T17:05:50.993Z"}
{"level":"warn","message":"Skipping invalid key in record: ","timestamp":"2025-07-25T17:05:50.993Z"}
{"level":"warn","message":"Skipping invalid key in record: ","timestamp":"2025-07-25T17:05:50.993Z"}
{"level":"warn","message":"Skipping invalid key in record: ","timestamp":"2025-07-25T17:05:50.993Z"}
{"level":"warn","message":"Skipping invalid key in record: ","timestamp":"2025-07-25T17:05:50.993Z"}
{"level":"warn","message":"Skipping invalid key in record: ","timestamp":"2025-07-25T17:05:50.993Z"}
{"level":"warn","message":"Skipping invalid key in record: ","timestamp":"2025-07-25T17:05:50.993Z"}
{"level":"info","message":"CSV Headers: Medicine name,Related EMA product number,Active substance,Date of designation / refusal,Intended use,EU designation number,Status,First published date,Last updated date,Orphan designation URL,","timestamp":"2025-07-25T17:05:51.001Z"}
{"level":"warn","message":"Skipping invalid key in record: ","timestamp":"2025-07-25T17:05:51.001Z"}
{"level":"warn","message":"Skipping invalid key in record: ","timestamp":"2025-07-25T17:05:51.001Z"}
{"level":"warn","message":"Skipping invalid key in record: ","timestamp":"2025-07-25T17:05:51.001Z"}
{"level":"warn","message":"Skipping invalid key in record: ","timestamp":"2025-07-25T17:05:51.001Z"}
{"level":"warn","message":"Skipping invalid key in record: ","timestamp":"2025-07-25T17:05:51.001Z"}
{"level":"warn","message":"Skipping invalid key in record: ","timestamp":"2025-07-25T17:05:51.001Z"}
{"level":"warn","message":"Skipping invalid key in record: ","timestamp":"2025-07-25T17:05:51.001Z"}
{"level":"warn","message":"Skipping invalid key in record: ","timestamp":"2025-07-25T17:05:51.001Z"}
{"level":"warn","message":"Skipping invalid key in record: ","timestamp":"2025-07-25T17:05:51.002Z"}
{"level":"warn","message":"Skipping invalid key in record: ","timestamp":"2025-07-25T17:05:51.002Z"}
{"level":"info","message":"Processed 3000 records (inserted: 1989, updated: 11, skipped: 36)","timestamp":"2025-07-25T17:05:51.002Z"}
{"level":"warn","message":"Skipping invalid key in record: ","timestamp":"2025-07-25T17:05:51.002Z"}
{"level":"warn","message":"Skipping invalid key in record: ","timestamp":"2025-07-25T17:05:51.002Z"}
{"level":"warn","message":"Skipping invalid key in record: ","timestamp":"2025-07-25T17:05:51.002Z"}
{"level":"warn","message":"Skipping invalid key in record: ","timestamp":"2025-07-25T17:05:51.002Z"}
{"level":"warn","message":"Skipping invalid key in record: ","timestamp":"2025-07-25T17:05:51.002Z"}
{"level":"warn","message":"Skipping invalid key in record: ","timestamp":"2025-07-25T17:05:51.002Z"}
{"level":"warn","message":"Skipping invalid key in record: ","timestamp":"2025-07-25T17:05:51.002Z"}
{"level":"warn","message":"Skipping invalid key in record: ","timestamp":"2025-07-25T17:05:51.002Z"}
{"level":"warn","message":"Skipping invalid key in record: ","timestamp":"2025-07-25T17:05:51.003Z"}
{"level":"warn","message":"Skipping invalid key in record: ","timestamp":"2025-07-25T17:05:51.003Z"}
{"level":"warn","message":"Skipping invalid key in record: ","timestamp":"2025-07-25T17:05:51.003Z"}
{"level":"warn","message":"Skipping invalid key in record: ","timestamp":"2025-07-25T17:05:51.003Z"}
{"level":"warn","message":"Skipping invalid key in record: ","timestamp":"2025-07-25T17:05:51.003Z"}
{"level":"warn","message":"Skipping invalid key in record: ","timestamp":"2025-07-25T17:05:51.003Z"}
{"level":"warn","message":"Skipping invalid key in record: ","timestamp":"2025-07-25T17:05:51.003Z"}
{"level":"warn","message":"Skipping invalid key in record: ","timestamp":"2025-07-25T17:05:51.003Z"}
{"level":"warn","message":"Skipping invalid key in record: ","timestamp":"2025-07-25T17:05:51.003Z"}
{"level":"warn","message":"Skipping invalid key in record: ","timestamp":"2025-07-25T17:05:51.003Z"}
{"level":"warn","message":"Skipping invalid key in record: ","timestamp":"2025-07-25T17:05:51.003Z"}
{"level":"warn","message":"Skipping invalid key in record: ","timestamp":"2025-07-25T17:05:51.003Z"}
{"level":"warn","message":"Skipping invalid key in record: ","timestamp":"2025-07-25T17:05:51.003Z"}
{"level":"warn","message":"Skipping invalid key in record: ","timestamp":"2025-07-25T17:05:51.003Z"}
{"level":"warn","message":"Skipping invalid key in record: ","timestamp":"2025-07-25T17:05:51.003Z"}
{"level":"warn","message":"Skipping invalid key in record: ","timestamp":"2025-07-25T17:05:51.003Z"}
{"level":"warn","message":"Skipping invalid key in record: ","timestamp":"2025-07-25T17:05:51.003Z"}
{"level":"warn","message":"Skipping invalid key in record: ","timestamp":"2025-07-25T17:05:51.003Z"}
{"level":"warn","message":"Skipping invalid key in record: ","timestamp":"2025-07-25T17:05:51.003Z"}
{"level":"warn","message":"Skipping invalid key in record: ","timestamp":"2025-07-25T17:05:51.004Z"}
{"level":"warn","message":"Skipping invalid key in record: ","timestamp":"2025-07-25T17:05:51.004Z"}
{"level":"warn","message":"Skipping invalid key in record: ","timestamp":"2025-07-25T17:05:51.004Z"}
{"level":"warn","message":"Skipping invalid key in record: ","timestamp":"2025-07-25T17:05:51.004Z"}
{"level":"warn","message":"Skipping invalid key in record: ","timestamp":"2025-07-25T17:05:51.004Z"}
{"level":"warn","message":"Skipping invalid key in record: ","timestamp":"2025-07-25T17:05:51.004Z"}
{"level":"warn","message":"Skipping invalid key in record: ","timestamp":"2025-07-25T17:05:51.004Z"}
{"level":"warn","message":"Skipping invalid key in record: ","timestamp":"2025-07-25T17:05:51.004Z"}
{"level":"warn","message":"Skipping invalid key in record: ","timestamp":"2025-07-25T17:05:51.004Z"}
{"level":"info","message":"Processed batch: inserted 982, updated 18","timestamp":"2025-07-25T17:05:54.160Z"}
{"level":"warn","message":"Skipping invalid key in record: ","timestamp":"2025-07-25T17:05:54.160Z"}
{"level":"warn","message":"Skipping invalid key in record: ","timestamp":"2025-07-25T17:05:54.160Z"}
{"level":"warn","message":"Skipping invalid key in record: ","timestamp":"2025-07-25T17:05:54.161Z"}
{"level":"warn","message":"Skipping invalid key in record: ","timestamp":"2025-07-25T17:05:54.161Z"}
{"level":"warn","message":"Skipping invalid key in record: ","timestamp":"2025-07-25T17:05:54.161Z"}
{"level":"warn","message":"Skipping invalid key in record: ","timestamp":"2025-07-25T17:05:54.161Z"}
{"level":"warn","message":"Skipping invalid key in record: ","timestamp":"2025-07-25T17:05:54.161Z"}
{"level":"warn","message":"Skipping invalid key in record: ","timestamp":"2025-07-25T17:05:54.162Z"}
{"level":"warn","message":"Skipping invalid key in record: ","timestamp":"2025-07-25T17:05:54.162Z"}
{"level":"warn","message":"Skipping invalid key in record: ","timestamp":"2025-07-25T17:05:54.162Z"}
{"level":"warn","message":"Skipping invalid key in record: ","timestamp":"2025-07-25T17:05:54.162Z"}
{"level":"warn","message":"Skipping invalid key in record: ","timestamp":"2025-07-25T17:05:54.162Z"}
{"level":"warn","message":"Skipping invalid key in record: ","timestamp":"2025-07-25T17:05:54.163Z"}
{"level":"warn","message":"Skipping invalid key in record: ","timestamp":"2025-07-25T17:05:54.163Z"}
{"level":"warn","message":"Skipping invalid key in record: ","timestamp":"2025-07-25T17:05:54.163Z"}
{"level":"warn","message":"Skipping invalid key in record: ","timestamp":"2025-07-25T17:05:54.163Z"}
{"level":"warn","message":"Skipping invalid key in record: ","timestamp":"2025-07-25T17:05:54.163Z"}
{"level":"warn","message":"Skipping invalid key in record: ","timestamp":"2025-07-25T17:05:54.163Z"}
{"level":"warn","message":"Skipping invalid key in record: ","timestamp":"2025-07-25T17:05:54.164Z"}
{"level":"warn","message":"Skipping invalid key in record: ","timestamp":"2025-07-25T17:05:54.164Z"}
{"level":"warn","message":"Skipping invalid key in record: ","timestamp":"2025-07-25T17:05:54.164Z"}
{"level":"warn","message":"Skipping invalid key in record: ","timestamp":"2025-07-25T17:05:54.164Z"}
{"level":"warn","message":"Skipping invalid key in record: ","timestamp":"2025-07-25T17:05:54.164Z"}
{"level":"warn","message":"Skipping invalid key in record: ","timestamp":"2025-07-25T17:05:54.164Z"}
{"level":"warn","message":"Skipping invalid key in record: ","timestamp":"2025-07-25T17:05:54.164Z"}
{"level":"warn","message":"Skipping invalid key in record: ","timestamp":"2025-07-25T17:05:54.164Z"}
{"level":"warn","message":"Skipping invalid key in record: ","timestamp":"2025-07-25T17:05:54.164Z"}
{"level":"warn","message":"Skipping invalid key in record: ","timestamp":"2025-07-25T17:05:54.164Z"}
{"level":"warn","message":"Skipping invalid key in record: ","timestamp":"2025-07-25T17:05:54.164Z"}
{"level":"warn","message":"Skipping invalid key in record: ","timestamp":"2025-07-25T17:05:54.164Z"}
{"level":"warn","message":"Skipping invalid key in record: ","timestamp":"2025-07-25T17:05:54.165Z"}
{"level":"warn","message":"Skipping invalid key in record: ","timestamp":"2025-07-25T17:05:54.165Z"}
{"level":"warn","message":"Skipping invalid key in record: ","timestamp":"2025-07-25T17:05:54.165Z"}
{"level":"warn","message":"Skipping invalid key in record: ","timestamp":"2025-07-25T17:05:54.165Z"}
{"level":"warn","message":"Skipping invalid key in record: ","timestamp":"2025-07-25T17:05:54.165Z"}
{"level":"warn","message":"Skipping invalid key in record: ","timestamp":"2025-07-25T17:05:54.165Z"}
{"level":"warn","message":"Skipping invalid key in record: ","timestamp":"2025-07-25T17:05:54.165Z"}
{"level":"warn","message":"Skipping invalid key in record: ","timestamp":"2025-07-25T17:05:54.165Z"}
{"level":"warn","message":"Skipping invalid key in record: ","timestamp":"2025-07-25T17:05:54.165Z"}
{"level":"warn","message":"Skipping invalid key in record: ","timestamp":"2025-07-25T17:05:54.165Z"}
{"level":"warn","message":"Skipping invalid key in record: ","timestamp":"2025-07-25T17:05:54.165Z"}
{"level":"warn","message":"Skipping invalid key in record: ","timestamp":"2025-07-25T17:05:54.165Z"}
{"level":"warn","message":"Skipping invalid key in record: ","timestamp":"2025-07-25T17:05:54.165Z"}
{"level":"warn","message":"Skipping invalid key in record: ","timestamp":"2025-07-25T17:05:54.165Z"}
{"level":"warn","message":"Skipping invalid key in record: ","timestamp":"2025-07-25T17:05:54.166Z"}
{"level":"warn","message":"Skipping invalid key in record: ","timestamp":"2025-07-25T17:05:54.166Z"}
{"level":"warn","message":"Skipping invalid key in record: ","timestamp":"2025-07-25T17:05:54.166Z"}
{"level":"warn","message":"Skipping invalid key in record: ","timestamp":"2025-07-25T17:05:54.166Z"}
{"level":"warn","message":"Skipping invalid key in record: ","timestamp":"2025-07-25T17:05:54.166Z"}
{"level":"warn","message":"Skipping invalid key in record: ","timestamp":"2025-07-25T17:05:54.166Z"}
{"level":"warn","message":"Skipping invalid key in record: ","timestamp":"2025-07-25T17:05:54.166Z"}
{"level":"warn","message":"Skipping invalid key in record: ","timestamp":"2025-07-25T17:05:54.166Z"}
{"level":"warn","message":"Skipping invalid key in record: ","timestamp":"2025-07-25T17:05:54.166Z"}
{"level":"warn","message":"Skipping invalid key in record: ","timestamp":"2025-07-25T17:05:54.166Z"}
{"level":"warn","message":"Skipping invalid key in record: ","timestamp":"2025-07-25T17:05:54.166Z"}
{"level":"warn","message":"Skipping invalid key in record: ","timestamp":"2025-07-25T17:05:54.166Z"}
{"level":"warn","message":"Skipping invalid key in record: ","timestamp":"2025-07-25T17:05:54.166Z"}
{"level":"warn","message":"Skipping invalid key in record: ","timestamp":"2025-07-25T17:05:54.166Z"}
{"level":"warn","message":"Skipping invalid key in record: ","timestamp":"2025-07-25T17:05:54.166Z"}
{"level":"warn","message":"Skipping invalid key in record: ","timestamp":"2025-07-25T17:05:54.167Z"}
{"level":"info","message":"CSV Headers: Medicine name,Related EMA product number,Active substance,Date of designation / refusal,Intended use,EU designation number,Status,First published date,Last updated date,Orphan designation URL,","timestamp":"2025-07-25T17:05:54.168Z"}
{"level":"info","message":"CSV Headers: Medicine name,Related EMA product number,Active substance,Date of designation / refusal,Intended use,EU designation number,Status,First published date,Last updated date,Orphan designation URL,","timestamp":"2025-07-25T17:05:54.169Z"}
{"level":"warn","message":"Skipping invalid key in record: ","timestamp":"2025-07-25T17:05:54.169Z"}
{"level":"warn","message":"Skipping invalid key in record: ","timestamp":"2025-07-25T17:05:54.169Z"}
{"level":"warn","message":"Skipping invalid key in record: ","timestamp":"2025-07-25T17:05:54.169Z"}
{"level":"warn","message":"Skipping invalid key in record: ","timestamp":"2025-07-25T17:05:54.169Z"}
{"level":"warn","message":"Skipping invalid key in record: ","timestamp":"2025-07-25T17:05:54.169Z"}
{"level":"warn","message":"Skipping invalid key in record: ","timestamp":"2025-07-25T17:05:54.169Z"}
{"level":"warn","message":"Skipping invalid key in record: ","timestamp":"2025-07-25T17:05:54.169Z"}
{"level":"warn","message":"Skipping invalid key in record: ","timestamp":"2025-07-25T17:05:54.170Z"}
{"level":"info","message":"Processed batch: inserted 60, updated 8","timestamp":"2025-07-25T17:05:54.341Z"}
{"level":"info","message":"Upload complete. Processed 3104 records, inserted 3031 documents, updated 37 documents, skipped 36 records.","timestamp":"2025-07-25T17:05:54.342Z"}
{"level":"info","message":"MongoDB connection closed.","timestamp":"2025-07-25T17:05:54.344Z"}
