{"level":"info","message":"Connected to MongoDB","timestamp":"2025-07-25T15:54:25.232Z"}
{"level":"info","message":"Created unique index on PIP number","timestamp":"2025-07-25T15:54:25.317Z"}
{"level":"error","message":"MongoDB connection error: contact.split is not a function","timestamp":"2025-07-25T15:54:25.365Z"}
{"level":"info","message":"MongoDB connection closed.","timestamp":"2025-07-25T15:54:25.368Z"}
{"level":"info","message":"Connected to MongoDB","timestamp":"2025-07-25T15:55:50.740Z"}
{"level":"info","message":"Created unique index on PIP number","timestamp":"2025-07-25T15:55:50.795Z"}
{"level":"warn","message":"Invalid contact format (non-string) for record with PIP number EMEA-003549-PIP01-23: Merck Sharp & Dohme B.V.,E-mail: pip.information@merck.com,Tel:  +31 412663179","timestamp":"2025-07-25T15:55:50.845Z"}
{"level":"warn","message":"Invalid contact format (non-string) for record with PIP number EMEA-003616-PIP01-24: Solascure Limited,E-mail: info@solascure.com,Tel:  +44 1223827959,&nbsp","timestamp":"2025-07-25T15:55:50.846Z"}
{"level":"warn","message":"Invalid contact format (non-string) for record with PIP number EMEA-003521-PIP01-23: Moderna Biotech Spain S.L.,E-mail: EMEAMedInfo@modernatx.comTel: +34 900031015","timestamp":"2025-07-25T15:55:50.847Z"}
{"level":"warn","message":"Invalid contact format (non-string) for record with PIP number EMEA-003513-PIP01-23: Dr. Falk Pharma GmbH,Email: zentrale@drfalkpharma.de,Tel.: +49 76115140","timestamp":"2025-07-25T15:55:50.847Z"}
{"level":"warn","message":"Invalid contact format (non-string) for record with PIP number EMEA-003610-PIP01-24: Curium Pet France,E-mail: regulatory.cpf@curiumpharma.com,Tel: +33 685451333","timestamp":"2025-07-25T15:55:50.848Z"}
{"level":"warn","message":"Invalid contact format (non-string) for record with PIP number EMEA-003628-PIP01-24: Kite Pharma EU B.V.,Tel. +1 4242091332,E-mail: regulatory@kitepharma.com","timestamp":"2025-07-25T15:55:50.848Z"}
{"level":"warn","message":"Invalid contact format (non-string) for record with PIP number EMEA-003502-PIP01-23: Takeda Pharmaceuticals International AG Ireland Branch,E-mail: medinfoemea@takeda.com,Tel: +44 (0) 3333 000181","timestamp":"2025-07-25T15:55:50.849Z"}
{"level":"warn","message":"Invalid contact format (non-string) for record with PIP number EMEA-003622-PIP01-24: Cellcentric Limited,E-mail: info@cellcentric.com,Tel: +44(0)1799531130","timestamp":"2025-07-25T15:55:50.849Z"}
{"level":"warn","message":"Invalid contact format (non-string) for record with PIP number EMEA-003344-PIP01-22-M01: Abbvie Deutschland GmbH & Co. KG,E-mail: paediatricteam@abbvie.com,Tel: +44 1628925033","timestamp":"2025-07-25T15:55:50.850Z"}
{"level":"warn","message":"Invalid contact format (non-string) for record with PIP number EMEA-003607-PIP01-24: Adlai Nortye USA Inc.,E-mal: buranh0301@adlainortye.com,Tel: +1 8482307430","timestamp":"2025-07-25T15:55:50.850Z"}
{"level":"warn","message":"Invalid contact format (non-string) for record with PIP number EMEA-002479-PIP01-18-M02: Omeros Ireland Limited,E-mail: regulatory@omeros.com,Tel: +1 206-676-5000","timestamp":"2025-07-25T15:55:50.851Z"}
{"level":"warn","message":"Invalid contact format (non-string) for record with PIP number EMEA-002246-PIP01-17-M05: Heron Therapeutics B.V.,E-mail: HTX011-ct@herontx.com,Tel: +1 8582514420","timestamp":"2025-07-25T15:55:50.852Z"}
{"level":"error","message":"MongoDB connection error: cleaned.Active substance?.trim is not a function","timestamp":"2025-07-25T15:55:50.853Z"}
{"level":"info","message":"MongoDB connection closed.","timestamp":"2025-07-25T15:55:50.856Z"}
{"level":"info","message":"Connected to MongoDB","timestamp":"2025-07-25T15:56:00.812Z"}
{"level":"info","message":"Created unique index on PIP number","timestamp":"2025-07-25T15:56:00.900Z"}
{"level":"warn","message":"Invalid contact format (non-string) for record with PIP number EMEA-003549-PIP01-23: Merck Sharp & Dohme B.V.,E-mail: pip.information@merck.com,Tel:  +31 412663179","timestamp":"2025-07-25T15:56:00.946Z"}
{"level":"warn","message":"Invalid contact format (non-string) for record with PIP number EMEA-003616-PIP01-24: Solascure Limited,E-mail: info@solascure.com,Tel:  +44 1223827959,&nbsp","timestamp":"2025-07-25T15:56:00.947Z"}
{"level":"warn","message":"Invalid contact format (non-string) for record with PIP number EMEA-003521-PIP01-23: Moderna Biotech Spain S.L.,E-mail: EMEAMedInfo@modernatx.comTel: +34 900031015","timestamp":"2025-07-25T15:56:00.947Z"}
{"level":"warn","message":"Invalid contact format (non-string) for record with PIP number EMEA-003513-PIP01-23: Dr. Falk Pharma GmbH,Email: zentrale@drfalkpharma.de,Tel.: +49 76115140","timestamp":"2025-07-25T15:56:00.948Z"}
{"level":"warn","message":"Invalid contact format (non-string) for record with PIP number EMEA-003610-PIP01-24: Curium Pet France,E-mail: regulatory.cpf@curiumpharma.com,Tel: +33 685451333","timestamp":"2025-07-25T15:56:00.948Z"}
{"level":"warn","message":"Invalid contact format (non-string) for record with PIP number EMEA-003628-PIP01-24: Kite Pharma EU B.V.,Tel. +1 4242091332,E-mail: regulatory@kitepharma.com","timestamp":"2025-07-25T15:56:00.949Z"}
{"level":"warn","message":"Invalid contact format (non-string) for record with PIP number EMEA-003502-PIP01-23: Takeda Pharmaceuticals International AG Ireland Branch,E-mail: medinfoemea@takeda.com,Tel: +44 (0) 3333 000181","timestamp":"2025-07-25T15:56:00.949Z"}
{"level":"warn","message":"Invalid contact format (non-string) for record with PIP number EMEA-003622-PIP01-24: Cellcentric Limited,E-mail: info@cellcentric.com,Tel: +44(0)1799531130","timestamp":"2025-07-25T15:56:00.950Z"}
{"level":"warn","message":"Invalid contact format (non-string) for record with PIP number EMEA-003344-PIP01-22-M01: Abbvie Deutschland GmbH & Co. KG,E-mail: paediatricteam@abbvie.com,Tel: +44 1628925033","timestamp":"2025-07-25T15:56:00.950Z"}
{"level":"warn","message":"Invalid contact format (non-string) for record with PIP number EMEA-003607-PIP01-24: Adlai Nortye USA Inc.,E-mal: buranh0301@adlainortye.com,Tel: +1 8482307430","timestamp":"2025-07-25T15:56:00.951Z"}
{"level":"warn","message":"Invalid contact format (non-string) for record with PIP number EMEA-002479-PIP01-18-M02: Omeros Ireland Limited,E-mail: regulatory@omeros.com,Tel: +1 206-676-5000","timestamp":"2025-07-25T15:56:00.952Z"}
{"level":"warn","message":"Invalid contact format (non-string) for record with PIP number EMEA-002246-PIP01-17-M05: Heron Therapeutics B.V.,E-mail: HTX011-ct@herontx.com,Tel: +1 8582514420","timestamp":"2025-07-25T15:56:00.953Z"}
{"level":"error","message":"MongoDB connection error: cleaned.Active substance?.trim is not a function","timestamp":"2025-07-25T15:56:00.954Z"}
{"level":"info","message":"MongoDB connection closed.","timestamp":"2025-07-25T15:56:00.958Z"}
{"level":"info","message":"Connected to MongoDB","timestamp":"2025-07-25T16:03:35.029Z"}
{"level":"info","message":"Created unique index on PIP number","timestamp":"2025-07-25T16:03:35.112Z"}
{"level":"info","message":"CSV Headers: Decision number,PIP number,Active substance,Invented name,Therapeutic area,Pharmaceutical forms,Condition / indication,Routes of administration,Decision type,Decision date,Compliance outcome,Compliance opinion date,Compliance procedure number,Contact for public enquiries,First published date,Last updated date,PIP URL,","timestamp":"2025-07-25T16:03:35.161Z"}
{"level":"warn","message":"Skipping invalid key in record: ","timestamp":"2025-07-25T16:03:35.162Z"}
{"level":"warn","message":"Invalid contact format (non-string) for record with PIP number EMEA-003549-PIP01-23: [\"Merck Sharp & Dohme B.V.\",\"E-mail: pip.information@merck.com\",\"Tel:  +31 412663179\"]","timestamp":"2025-07-25T16:03:35.163Z"}
{"level":"warn","message":"Skipping invalid key in record: ","timestamp":"2025-07-25T16:03:35.163Z"}
{"level":"warn","message":"Invalid contact format (non-string) for record with PIP number EMEA-003616-PIP01-24: [\"Solascure Limited\",\"E-mail: info@solascure.com\",\"Tel:  +44 1223827959\",\"&nbsp\"]","timestamp":"2025-07-25T16:03:35.164Z"}
{"level":"warn","message":"Skipping invalid key in record: ","timestamp":"2025-07-25T16:03:35.164Z"}
{"level":"warn","message":"Invalid contact format (non-string) for record with PIP number EMEA-003521-PIP01-23: [\"Moderna Biotech Spain S.L.\",\"E-mail: EMEAMedInfo@modernatx.comTel: +34 900031015\"]","timestamp":"2025-07-25T16:03:35.165Z"}
{"level":"warn","message":"Skipping invalid key in record: ","timestamp":"2025-07-25T16:03:35.165Z"}
{"level":"warn","message":"Invalid contact format (non-string) for record with PIP number EMEA-003513-PIP01-23: [\"Dr. Falk Pharma GmbH\",\"Email: zentrale@drfalkpharma.de\",\"Tel.: +49 76115140\"]","timestamp":"2025-07-25T16:03:35.166Z"}
{"level":"warn","message":"Skipping invalid key in record: ","timestamp":"2025-07-25T16:03:35.166Z"}
{"level":"warn","message":"Invalid contact format (non-string) for record with PIP number EMEA-003610-PIP01-24: [\"Curium Pet France\",\"E-mail: regulatory.cpf@curiumpharma.com\",\"Tel: +33 685451333\"]","timestamp":"2025-07-25T16:03:35.166Z"}
{"level":"warn","message":"Skipping invalid key in record: ","timestamp":"2025-07-25T16:03:35.167Z"}
{"level":"warn","message":"Invalid contact format (non-string) for record with PIP number EMEA-003628-PIP01-24: [\"Kite Pharma EU B.V.\",\"Tel. +1 4242091332\",\"E-mail: regulatory@kitepharma.com\"]","timestamp":"2025-07-25T16:03:35.167Z"}
{"level":"warn","message":"Skipping invalid key in record: ","timestamp":"2025-07-25T16:03:35.167Z"}
{"level":"warn","message":"Invalid contact format (non-string) for record with PIP number EMEA-003502-PIP01-23: [\"Takeda Pharmaceuticals International AG Ireland Branch\",\"E-mail: medinfoemea@takeda.com\",\"Tel: +44 (0) 3333 000181\"]","timestamp":"2025-07-25T16:03:35.167Z"}
{"level":"warn","message":"Skipping invalid key in record: ","timestamp":"2025-07-25T16:03:35.168Z"}
{"level":"warn","message":"Invalid contact format (non-string) for record with PIP number EMEA-003622-PIP01-24: [\"Cellcentric Limited\",\"E-mail: info@cellcentric.com\",\"Tel: +44(0)1799531130\"]","timestamp":"2025-07-25T16:03:35.168Z"}
{"level":"warn","message":"Skipping invalid key in record: ","timestamp":"2025-07-25T16:03:35.168Z"}
{"level":"warn","message":"Invalid contact format (non-string) for record with PIP number EMEA-003344-PIP01-22-M01: [\"Abbvie Deutschland GmbH & Co. KG\",\"E-mail: paediatricteam@abbvie.com\",\"Tel: +44 1628925033\"]","timestamp":"2025-07-25T16:03:35.169Z"}
{"level":"warn","message":"Skipping invalid key in record: ","timestamp":"2025-07-25T16:03:35.169Z"}
{"level":"warn","message":"Skipping invalid key in record: ","timestamp":"2025-07-25T16:03:35.169Z"}
{"level":"warn","message":"Invalid contact format (non-string) for record with PIP number EMEA-003607-PIP01-24: [\"Adlai Nortye USA Inc.\",\"E-mal: buranh0301@adlainortye.com\",\"Tel: +1 8482307430\"]","timestamp":"2025-07-25T16:03:35.169Z"}
{"level":"warn","message":"Skipping invalid key in record: ","timestamp":"2025-07-25T16:03:35.170Z"}
{"level":"warn","message":"Skipping invalid key in record: ","timestamp":"2025-07-25T16:03:35.170Z"}
{"level":"warn","message":"Skipping invalid key in record: ","timestamp":"2025-07-25T16:03:35.170Z"}
{"level":"warn","message":"Skipping invalid key in record: ","timestamp":"2025-07-25T16:03:35.170Z"}
{"level":"warn","message":"Skipping invalid key in record: ","timestamp":"2025-07-25T16:03:35.171Z"}
{"level":"warn","message":"Skipping invalid key in record: ","timestamp":"2025-07-25T16:03:35.171Z"}
{"level":"warn","message":"Skipping invalid key in record: ","timestamp":"2025-07-25T16:03:35.171Z"}
{"level":"warn","message":"Skipping invalid key in record: ","timestamp":"2025-07-25T16:03:35.172Z"}
{"level":"warn","message":"Skipping invalid key in record: ","timestamp":"2025-07-25T16:03:35.172Z"}
{"level":"warn","message":"Skipping invalid key in record: ","timestamp":"2025-07-25T16:03:35.172Z"}
{"level":"warn","message":"Skipping invalid key in record: ","timestamp":"2025-07-25T16:03:35.172Z"}
{"level":"warn","message":"Invalid contact format (non-string) for record with PIP number EMEA-002479-PIP01-18-M02: [\"Omeros Ireland Limited\",\"E-mail: regulatory@omeros.com\",\"Tel: +1 206-676-5000\"]","timestamp":"2025-07-25T16:03:35.172Z"}
{"level":"warn","message":"Skipping invalid key in record: ","timestamp":"2025-07-25T16:03:35.173Z"}
{"level":"warn","message":"Skipping invalid key in record: ","timestamp":"2025-07-25T16:03:35.173Z"}
{"level":"warn","message":"Skipping invalid key in record: ","timestamp":"2025-07-25T16:03:35.173Z"}
{"level":"warn","message":"Skipping invalid key in record: ","timestamp":"2025-07-25T16:03:35.173Z"}
{"level":"warn","message":"Invalid contact format (non-string) for record with PIP number EMEA-002246-PIP01-17-M05: [\"Heron Therapeutics B.V.\",\"E-mail: HTX011-ct@herontx.com\",\"Tel: +1 8582514420\"]","timestamp":"2025-07-25T16:03:35.173Z"}
{"level":"warn","message":"Skipping invalid key in record: ","timestamp":"2025-07-25T16:03:35.174Z"}
{"level":"warn","message":"Skipping invalid key in record: ","timestamp":"2025-07-25T16:03:35.174Z"}
{"level":"warn","message":"Invalid contact format (non-string) for record with PIP number EMEA-002115-PIP01-17-M06: [\"Global Alliance for TB Drug Development\",\"Tel. +1 2122277450\",\"E-mail: info@tballiance.org\"]","timestamp":"2025-07-25T16:03:35.174Z"}
{"level":"warn","message":"Skipping invalid key in record: ","timestamp":"2025-07-25T16:03:35.174Z"}
{"level":"warn","message":"Skipping invalid key in record: ","timestamp":"2025-07-25T16:03:35.174Z"}
{"level":"warn","message":"Invalid contact format (non-string) for record with PIP number EMEA-002700-PIP01-19-M02: [\"Neurocrine Therapeutics Ltd\",\"E-mail: medinfo@neurocrine.com\",\"Tel. +01 8776 413461\"]","timestamp":"2025-07-25T16:03:35.175Z"}
{"level":"warn","message":"Skipping invalid key in record: ","timestamp":"2025-07-25T16:03:35.175Z"}
{"level":"warn","message":"Invalid contact format (non-string) for record with PIP number EMEA-001825-PIP01-15-M05: [\"Janssen-Cilag International NV\",\"Tel. + 32 1460 2111\",\"E-mail: contact@janssen-emea.com\"]","timestamp":"2025-07-25T16:03:35.175Z"}
{"level":"warn","message":"Skipping invalid key in record: ","timestamp":"2025-07-25T16:03:35.175Z"}
{"level":"warn","message":"Invalid contact format (non-string) for record with PIP number EMEA-002033-PIP02-23: [\"BioMarin International Limited\",\"Tel. +44 (0)20 7420 0800\",\"E-mail: biomarin-europe@bmrn.com\"]","timestamp":"2025-07-25T16:03:35.175Z"}
{"level":"warn","message":"Skipping invalid key in record: ","timestamp":"2025-07-25T16:03:35.175Z"}
{"level":"warn","message":"Skipping invalid key in record: ","timestamp":"2025-07-25T16:03:35.176Z"}
{"level":"warn","message":"Invalid contact format (non-string) for record with PIP number EMEA-001739-PIP02-16-M02: [\"Cessatech A/S\",\"E-mail: info@cessatech.com\",\"Tel: +45 93872309\"]","timestamp":"2025-07-25T16:03:35.176Z"}
{"level":"warn","message":"Skipping invalid key in record: ","timestamp":"2025-07-25T16:03:35.176Z"}
{"level":"warn","message":"Skipping invalid key in record: ","timestamp":"2025-07-25T16:03:35.176Z"}
{"level":"warn","message":"Skipping invalid key in record: ","timestamp":"2025-07-25T16:03:35.177Z"}
{"level":"warn","message":"Skipping invalid key in record: ","timestamp":"2025-07-25T16:03:35.177Z"}
{"level":"warn","message":"Skipping invalid key in record: ","timestamp":"2025-07-25T16:03:35.177Z"}
{"level":"warn","message":"Skipping invalid key in record: ","timestamp":"2025-07-25T16:03:35.177Z"}
{"level":"warn","message":"Skipping invalid key in record: ","timestamp":"2025-07-25T16:03:35.178Z"}
{"level":"warn","message":"Skipping invalid key in record: ","timestamp":"2025-07-25T16:03:35.178Z"}
{"level":"warn","message":"Invalid contact format (non-string) for record with PIP number EMEA-003640-PIP01-24: [\"Sanofi Winthrop Industrie\",\"E-mail: contact-us@sanofi.com\",\"Tel: +33 4 37 37 57 84\"]","timestamp":"2025-07-25T16:03:35.178Z"}
{"level":"info","message":"CSV Headers: Decision number,PIP number,Active substance,Invented name,Therapeutic area,Pharmaceutical forms,Condition / indication,Routes of administration,Decision type,Decision date,Compliance outcome,Compliance opinion date,Compliance procedure number,Contact for public enquiries,First published date,Last updated date,PIP URL,","timestamp":"2025-07-25T16:03:35.199Z"}
{"level":"warn","message":"Skipping invalid key in record: ","timestamp":"2025-07-25T16:03:35.200Z"}
{"level":"warn","message":"Invalid contact format (non-string) for record with PIP number EMEA-003582-PIP01-24: [\"Verisfield Single Member S.A.Email: pharmacovigilance@verisfield.gr\",\"economou@verisfield.gr Tel: +30 2107475196&nbsp\"]","timestamp":"2025-07-25T16:03:35.200Z"}
{"level":"warn","message":"Skipping invalid key in record: ","timestamp":"2025-07-25T16:03:35.200Z"}
{"level":"warn","message":"Skipping invalid key in record: ","timestamp":"2025-07-25T16:03:35.200Z"}
{"level":"warn","message":"Invalid contact format (non-string) for record with PIP number EMEA-003581-PIP01-24: [\"Bayer AG\",\"Email: pediatrics.medical-affairs-europe@bayer.com\",\"Tel. +49 (0)3046815333\"]","timestamp":"2025-07-25T16:03:35.200Z"}
{"level":"warn","message":"Skipping invalid key in record: ","timestamp":"2025-07-25T16:03:35.201Z"}
{"level":"warn","message":"Invalid contact format (non-string) for record with PIP number EMEA-003525-PIP01-23: [\"SpringWorks Therapeutics\",\"Inc\",\"clinical.inquiries@springworkstx.com\",\"+1 9197901002\"]","timestamp":"2025-07-25T16:03:35.201Z"}
{"level":"warn","message":"Skipping invalid key in record: ","timestamp":"2025-07-25T16:03:35.201Z"}
{"level":"warn","message":"Skipping invalid key in record: ","timestamp":"2025-07-25T16:03:35.201Z"}
{"level":"warn","message":"Skipping invalid key in record: ","timestamp":"2025-07-25T16:03:35.202Z"}
{"level":"warn","message":"Skipping invalid key in record: ","timestamp":"2025-07-25T16:03:35.202Z"}
{"level":"warn","message":"Skipping invalid key in record: ","timestamp":"2025-07-25T16:03:35.202Z"}
{"level":"warn","message":"Skipping invalid key in record: ","timestamp":"2025-07-25T16:03:35.202Z"}
{"level":"warn","message":"Skipping invalid key in record: ","timestamp":"2025-07-25T16:03:35.203Z"}
{"level":"warn","message":"Skipping invalid key in record: ","timestamp":"2025-07-25T16:03:35.203Z"}
{"level":"warn","message":"Skipping invalid key in record: ","timestamp":"2025-07-25T16:03:35.203Z"}
{"level":"warn","message":"Skipping invalid key in record: ","timestamp":"2025-07-25T16:03:35.204Z"}
{"level":"warn","message":"Skipping invalid key in record: ","timestamp":"2025-07-25T16:03:35.204Z"}
{"level":"warn","message":"Skipping invalid key in record: ","timestamp":"2025-07-25T16:03:35.204Z"}
{"level":"warn","message":"Skipping invalid key in record: ","timestamp":"2025-07-25T16:03:35.204Z"}
{"level":"warn","message":"Invalid contact format (non-string) for record with PIP number EMEA-001222-PIP01-11-M01: [\"Accelsiors GmbH\",\"Russian Federation\",\"Email: serebryakova@rpharm.ru\",\"Tel. +7 (495) 956-79-37\"]","timestamp":"2025-07-25T16:03:35.205Z"}
{"level":"warn","message":"Skipping invalid key in record: ","timestamp":"2025-07-25T16:03:35.205Z"}
{"level":"warn","message":"Skipping invalid key in record: ","timestamp":"2025-07-25T16:03:35.205Z"}
{"level":"warn","message":"Skipping invalid key in record: ","timestamp":"2025-07-25T16:03:35.205Z"}
{"level":"warn","message":"Skipping invalid key in record: ","timestamp":"2025-07-25T16:03:35.206Z"}
{"level":"warn","message":"Invalid contact format (non-string) for record with PIP number EMEA-001821-PIP01-15-M08: [\"Daiichi Sankyo Europe GmbH\",\"Tel. +49 8978080\",\"E-mail: service@daiichi-sankyo.eu\"]","timestamp":"2025-07-25T16:03:35.206Z"}
{"level":"warn","message":"Skipping invalid key in record: ","timestamp":"2025-07-25T16:03:35.206Z"}
{"level":"warn","message":"Invalid contact format (non-string) for record with PIP number EMEA-003480-PIP01-23: [\"Alumis Inc.\",\"E-mail: info@alumis.com\",\"Tel. +1 (650)2316625\"]","timestamp":"2025-07-25T16:03:35.206Z"}
{"level":"warn","message":"Skipping invalid key in record: ","timestamp":"2025-07-25T16:03:35.207Z"}
{"level":"warn","message":"Skipping invalid key in record: ","timestamp":"2025-07-25T16:03:35.207Z"}
{"level":"warn","message":"Invalid contact format (non-string) for record with PIP number EMEA-003535-PIP02-24: [\"Netherlands Cancer Institute\",\"E-mail: i.jedema@nki.nl\",\"Tel. +31 205124002\"]","timestamp":"2025-07-25T16:03:35.207Z"}
{"level":"warn","message":"Skipping invalid key in record: ","timestamp":"2025-07-25T16:03:35.207Z"}
{"level":"warn","message":"Skipping invalid key in record: ","timestamp":"2025-07-25T16:03:35.208Z"}
{"level":"warn","message":"Invalid contact format (non-string) for record with PIP number EMEA-002536-PIP02-24: [\"Almirall S.A.\",\"Tel.  +34 932912958\",\"E-mail: sonia.barange@almirall.com\"]","timestamp":"2025-07-25T16:03:35.209Z"}
{"level":"warn","message":"Skipping invalid key in record: ","timestamp":"2025-07-25T16:03:35.209Z"}
{"level":"warn","message":"Skipping invalid key in record: ","timestamp":"2025-07-25T16:03:35.209Z"}
{"level":"warn","message":"Skipping invalid key in record: ","timestamp":"2025-07-25T16:03:35.209Z"}
{"level":"warn","message":"Invalid contact format (non-string) for record with PIP number EMEA-002418-PIP01-18-M04: [\"Sanofi Winthrop Industrie\",\"E-mail: contact-us@sanofi.com\",\"Tel: +33 4 37 37 57 84\"]","timestamp":"2025-07-25T16:03:35.210Z"}
{"level":"warn","message":"Skipping invalid key in record: ","timestamp":"2025-07-25T16:03:35.210Z"}
{"level":"warn","message":"Invalid contact format (non-string) for record with PIP number EMEA-002093-PIP02-17-M02: [\"Vifor Fresenius Medical Care Renal Pharma France\",\"E-mail: rayaldee_ra@viforpharma.com\",\"Tel.  +41 5885 18000\"]","timestamp":"2025-07-25T16:03:35.210Z"}
{"level":"warn","message":"Skipping invalid key in record: ","timestamp":"2025-07-25T16:03:35.210Z"}
{"level":"warn","message":"Skipping invalid key in record: ","timestamp":"2025-07-25T16:03:35.211Z"}
{"level":"warn","message":"Invalid contact format (non-string) for record with PIP number EMEA-001862-PIP01-15-M04: [\"Kite Pharma EU B.V.\",\"Tel. +1 4242091332\",\"E-mail: regulatory@kitepharma.com\"]","timestamp":"2025-07-25T16:03:35.211Z"}
{"level":"warn","message":"Skipping invalid key in record: ","timestamp":"2025-07-25T16:03:35.211Z"}
{"level":"warn","message":"Invalid contact format (non-string) for record with PIP number EMEA-002740-PIP01-19-M01: [\"Gilead Sciences International Ltd.\",\"Tel. +44 (0)1223 897 300\",\"E-mail: regulatory.pip@gilead.com\"]","timestamp":"2025-07-25T16:03:35.211Z"}
{"level":"warn","message":"Skipping invalid key in record: ","timestamp":"2025-07-25T16:03:35.212Z"}
{"level":"warn","message":"Skipping invalid key in record: ","timestamp":"2025-07-25T16:03:35.212Z"}
{"level":"warn","message":"Skipping invalid key in record: ","timestamp":"2025-07-25T16:03:35.212Z"}
{"level":"warn","message":"Invalid contact format (non-string) for record with PIP number EMEA-003591-PIP01-24: [\"Verisfield Single Member S.A.Email: pharmacovigilance@verisfield.gr\",\"economou@verisfield.gr Tel: +30 2107475196&nbsp\"]","timestamp":"2025-07-25T16:03:35.212Z"}
{"level":"warn","message":"Skipping invalid key in record: ","timestamp":"2025-07-25T16:03:35.212Z"}
{"level":"warn","message":"Skipping invalid key in record: ","timestamp":"2025-07-25T16:03:35.213Z"}
{"level":"warn","message":"Invalid contact format (non-string) for record with PIP number EMEA-002463-PIP01-18-M02: [\"GlaxoSmithKline (Ireland) Limited\",\"E-mail: eu.paediatric-plans@gsk.com\",\"Tel: +1 4388998201\"]","timestamp":"2025-07-25T16:03:35.213Z"}
{"level":"warn","message":"Skipping invalid key in record: ","timestamp":"2025-07-25T16:03:35.213Z"}
{"level":"warn","message":"Skipping invalid key in record: ","timestamp":"2025-07-25T16:03:35.214Z"}
{"level":"warn","message":"Invalid contact format (non-string) for record with PIP number EMEA-003302-PIP01-22-M01: [\"Alexion Europe SAS\",\"E-mail: pip.enquiries.eu@alexion.com\",\"Tel: +33 147100615\"]","timestamp":"2025-07-25T16:03:35.214Z"}
{"level":"warn","message":"Skipping invalid key in record: ","timestamp":"2025-07-25T16:03:35.214Z"}
{"level":"warn","message":"Skipping invalid key in record: ","timestamp":"2025-07-25T16:03:35.215Z"}
{"level":"warn","message":"Skipping invalid key in record: ","timestamp":"2025-07-25T16:03:35.215Z"}
{"level":"info","message":"CSV Headers: Decision number,PIP number,Active substance,Invented name,Therapeutic area,Pharmaceutical forms,Condition / indication,Routes of administration,Decision type,Decision date,Compliance outcome,Compliance opinion date,Compliance procedure number,Contact for public enquiries,First published date,Last updated date,PIP URL,","timestamp":"2025-07-25T16:03:35.230Z"}
{"level":"warn","message":"Skipping invalid key in record: ","timestamp":"2025-07-25T16:03:35.231Z"}
{"level":"warn","message":"Skipping invalid key in record: ","timestamp":"2025-07-25T16:03:35.231Z"}
{"level":"warn","message":"Skipping invalid key in record: ","timestamp":"2025-07-25T16:03:35.232Z"}
{"level":"warn","message":"Invalid contact format (non-string) for record with PIP number EMEA-000645-PIP01-09-M09: [\"Takeda Pharma A/S\",\"Tel. +44 2031168000\",\"E-mail: paediatrics@tgrd.com\"]","timestamp":"2025-07-25T16:03:35.232Z"}
{"level":"warn","message":"Skipping invalid key in record: ","timestamp":"2025-07-25T16:03:35.232Z"}
{"level":"warn","message":"Skipping invalid key in record: ","timestamp":"2025-07-25T16:03:35.232Z"}
{"level":"warn","message":"Skipping invalid key in record: ","timestamp":"2025-07-25T16:03:35.233Z"}
{"level":"warn","message":"Invalid contact format (non-string) for record with PIP number EMEA-002941-PIP01-20-M05: [\"Novavax CZ\",\"a.s.\",\"E-mail:  ahanzlikova@novavax.com   Tel: +420 601 699 433\"]","timestamp":"2025-07-25T16:03:35.233Z"}
{"level":"warn","message":"Skipping invalid key in record: ","timestamp":"2025-07-25T16:03:35.233Z"}
{"level":"warn","message":"Skipping invalid key in record: ","timestamp":"2025-07-25T16:03:35.233Z"}
{"level":"warn","message":"Invalid contact format (non-string) for record with PIP number EMEA-001951-PIP01-16-M03: [\"BioMarin International Limited\",\"Tel. +44 (0)20 7420 0800\",\"E-mail: biomarin-europe@bmrn.com\"]","timestamp":"2025-07-25T16:03:35.233Z"}
{"level":"warn","message":"Skipping invalid key in record: ","timestamp":"2025-07-25T16:03:35.234Z"}
{"level":"warn","message":"Skipping invalid key in record: ","timestamp":"2025-07-25T16:03:35.234Z"}
{"level":"warn","message":"Skipping invalid key in record: ","timestamp":"2025-07-25T16:03:35.234Z"}
{"level":"warn","message":"Skipping invalid key in record: ","timestamp":"2025-07-25T16:03:35.234Z"}
{"level":"warn","message":"Skipping invalid key in record: ","timestamp":"2025-07-25T16:03:35.234Z"}
{"level":"warn","message":"Skipping invalid key in record: ","timestamp":"2025-07-25T16:03:35.235Z"}
{"level":"warn","message":"Invalid contact format (non-string) for record with PIP number EMEA-002432-PIP02-20-M01: [\"United Therapeutics Corporation\",\"Tel. +1 9194858530\",\"Email: info1@unither.com\"]","timestamp":"2025-07-25T16:03:35.235Z"}
{"level":"warn","message":"Skipping invalid key in record: ","timestamp":"2025-07-25T16:03:35.235Z"}
{"level":"warn","message":"Invalid contact format (non-string) for record with PIP number EMEA-002268-PIP02-18-M02: [\"GlaxoSmithKline (Ireland) Limited\",\"E-mail: eu.paediatric-plans@gsk.com\",\"Tel: +1 4388998201\"]","timestamp":"2025-07-25T16:03:35.235Z"}
{"level":"warn","message":"Skipping invalid key in record: ","timestamp":"2025-07-25T16:03:35.236Z"}
{"level":"warn","message":"Skipping invalid key in record: ","timestamp":"2025-07-25T16:03:35.236Z"}
{"level":"warn","message":"Skipping invalid key in record: ","timestamp":"2025-07-25T16:03:35.236Z"}
{"level":"warn","message":"Skipping invalid key in record: ","timestamp":"2025-07-25T16:03:35.236Z"}
{"level":"warn","message":"Skipping invalid key in record: ","timestamp":"2025-07-25T16:03:35.237Z"}
{"level":"warn","message":"Skipping invalid key in record: ","timestamp":"2025-07-25T16:03:35.237Z"}
{"level":"warn","message":"Skipping invalid key in record: ","timestamp":"2025-07-25T16:03:35.237Z"}
{"level":"warn","message":"Skipping invalid key in record: ","timestamp":"2025-07-25T16:03:35.237Z"}
{"level":"warn","message":"Skipping invalid key in record: ","timestamp":"2025-07-25T16:03:35.238Z"}
{"level":"warn","message":"Skipping invalid key in record: ","timestamp":"2025-07-25T16:03:35.238Z"}
{"level":"warn","message":"Skipping invalid key in record: ","timestamp":"2025-07-25T16:03:35.238Z"}
{"level":"warn","message":"Skipping invalid key in record: ","timestamp":"2025-07-25T16:03:35.238Z"}
{"level":"warn","message":"Skipping invalid key in record: ","timestamp":"2025-07-25T16:03:35.239Z"}
{"level":"warn","message":"Invalid contact format (non-string) for record with PIP number EMEA-003613-PIP01-24: [\"Daiichi Sankyo Europe GmbH\",\"E-mail: service@daiichi-sankyo.eu\",\"Tel.: +49 8978080\"]","timestamp":"2025-07-25T16:03:35.239Z"}
{"level":"warn","message":"Skipping invalid key in record: ","timestamp":"2025-07-25T16:03:35.239Z"}
{"level":"warn","message":"Skipping invalid key in record: ","timestamp":"2025-07-25T16:03:35.239Z"}
{"level":"warn","message":"Invalid contact format (non-string) for record with PIP number EMEA-003606-PIP01-24: [\"Genmab A/S\",\"Tel.: +45 70202728\",\"E-mail: clinicaltrials@genmab.com\"]","timestamp":"2025-07-25T16:03:35.239Z"}
{"level":"warn","message":"Skipping invalid key in record: ","timestamp":"2025-07-25T16:03:35.240Z"}
{"level":"warn","message":"Skipping invalid key in record: ","timestamp":"2025-07-25T16:03:35.240Z"}
{"level":"warn","message":"Skipping invalid key in record: ","timestamp":"2025-07-25T16:03:35.240Z"}
{"level":"warn","message":"Skipping invalid key in record: ","timestamp":"2025-07-25T16:03:35.240Z"}
{"level":"warn","message":"Skipping invalid key in record: ","timestamp":"2025-07-25T16:03:35.240Z"}
{"level":"warn","message":"Invalid contact format (non-string) for record with PIP number EMEA-002665-PIP02-20-M01: [\"Swedish Oprhan Biovitrum AB (publ)\",\"Email: info@sobi.com\",\"Tel. +46 8 697 20 00\"]","timestamp":"2025-07-25T16:03:35.240Z"}
{"level":"warn","message":"Skipping invalid key in record: ","timestamp":"2025-07-25T16:03:35.241Z"}
{"level":"warn","message":"Skipping invalid key in record: ","timestamp":"2025-07-25T16:03:35.241Z"}
{"level":"warn","message":"Skipping invalid key in record: ","timestamp":"2025-07-25T16:03:35.241Z"}
{"level":"warn","message":"Invalid contact format (non-string) for record with PIP number EMEA-002068-PIP01-16-M05: [\"Seqirus Netherlands B.V.\",\"E-mail: seqirus.clinicaltrials@seqirus.com\",\"Tel: +1 9088587365\"]","timestamp":"2025-07-25T16:03:35.241Z"}
{"level":"warn","message":"Skipping invalid key in record: ","timestamp":"2025-07-25T16:03:35.241Z"}
{"level":"warn","message":"Invalid contact format (non-string) for record with PIP number EMEA-001875-PIP02-18-M04: [\"Chiesi Farmaceutici S.p.A\",\"Tel. +39 05212791\",\"E-mail: info@chiesi.com\"]","timestamp":"2025-07-25T16:03:35.241Z"}
{"level":"warn","message":"Skipping invalid key in record: ","timestamp":"2025-07-25T16:03:35.242Z"}
{"level":"warn","message":"Invalid contact format (non-string) for record with PIP number EMEA-001862-PIP03-20-M02: [\"Kite Pharma EU B.V.\",\"Tel. +1 4242091332\",\"E-mail: regulatory@kitepharma.com\"]","timestamp":"2025-07-25T16:03:35.242Z"}
{"level":"warn","message":"Skipping invalid key in record: ","timestamp":"2025-07-25T16:03:35.242Z"}
{"level":"warn","message":"Skipping invalid key in record: ","timestamp":"2025-07-25T16:03:35.242Z"}
{"level":"warn","message":"Invalid contact format (non-string) for record with PIP number EMEA-001666-PIP02-21-M01: [\"Chinook Therapeutics\",\"Inc.\",\"Email: info@chinooktx.com\"]","timestamp":"2025-07-25T16:03:35.242Z"}
{"level":"warn","message":"Skipping invalid key in record: ","timestamp":"2025-07-25T16:03:35.243Z"}
{"level":"info","message":"CSV Headers: Decision number,PIP number,Active substance,Invented name,Therapeutic area,Pharmaceutical forms,Condition / indication,Routes of administration,Decision type,Decision date,Compliance outcome,Compliance opinion date,Compliance procedure number,Contact for public enquiries,First published date,Last updated date,PIP URL,","timestamp":"2025-07-25T16:03:35.253Z"}
{"level":"warn","message":"Skipping invalid key in record: ","timestamp":"2025-07-25T16:03:35.254Z"}
{"level":"warn","message":"Skipping invalid key in record: ","timestamp":"2025-07-25T16:03:35.254Z"}
{"level":"warn","message":"Skipping invalid key in record: ","timestamp":"2025-07-25T16:03:35.255Z"}
{"level":"warn","message":"Skipping invalid key in record: ","timestamp":"2025-07-25T16:03:35.255Z"}
{"level":"warn","message":"Skipping invalid key in record: ","timestamp":"2025-07-25T16:03:35.255Z"}
{"level":"warn","message":"Invalid contact format (non-string) for record with PIP number EMEA-002269-PIP01-17-M03: [\"AstraZeneca AB (Sweden)\",\"Tel. +46 8 5532791\",\"E-mail: paediatrics@astrazeneca.com\"]","timestamp":"2025-07-25T16:03:35.255Z"}
{"level":"warn","message":"Skipping invalid key in record: ","timestamp":"2025-07-25T16:03:35.255Z"}
{"level":"warn","message":"Skipping invalid key in record: ","timestamp":"2025-07-25T16:03:35.256Z"}
{"level":"warn","message":"Skipping invalid key in record: ","timestamp":"2025-07-25T16:03:35.256Z"}
{"level":"warn","message":"Skipping invalid key in record: ","timestamp":"2025-07-25T16:03:35.256Z"}
{"level":"warn","message":"Skipping invalid key in record: ","timestamp":"2025-07-25T16:03:35.257Z"}
{"level":"warn","message":"Skipping invalid key in record: ","timestamp":"2025-07-25T16:03:35.257Z"}
{"level":"warn","message":"Invalid contact format (non-string) for record with PIP number EMEA-002362-PIP02-19-M03: [\"Pfizer Europe MA EEIG\",\"Tel. +44 (0)1304 646 607\",\"E-mail: pip_enquiries@pfizer.com\"]","timestamp":"2025-07-25T16:03:35.257Z"}
{"level":"warn","message":"Skipping invalid key in record: ","timestamp":"2025-07-25T16:03:35.257Z"}
{"level":"warn","message":"Invalid contact format (non-string) for record with PIP number EMEA-001823-PIP01-15-M03: [\"TETEC Tissue Engineering Technologies AG\",\"Email: info@tetec-ag.de\",\"Tel. +49 712116260\"]","timestamp":"2025-07-25T16:03:35.257Z"}
{"level":"warn","message":"Skipping invalid key in record: ","timestamp":"2025-07-25T16:03:35.258Z"}
{"level":"warn","message":"Invalid contact format (non-string) for record with PIP number EMEA-002486-PIP04-21-M01: [\"Advenchen Laboratories\",\"LLC\",\"info@advenchen.com\",\"+1 8055301550\"]","timestamp":"2025-07-25T16:03:35.258Z"}
{"level":"warn","message":"Skipping invalid key in record: ","timestamp":"2025-07-25T16:03:35.258Z"}
{"level":"warn","message":"Invalid contact format (non-string) for record with PIP number EMEA-000813-PIP01-09-M01: [\"Allergy Therapeutics (UK) Ltd\",\"Tel. +44(0)1903 844 700\",\"E-mail: infoservices@allergytherapeutics.com\"]","timestamp":"2025-07-25T16:03:35.258Z"}
{"level":"warn","message":"Skipping invalid key in record: ","timestamp":"2025-07-25T16:03:35.258Z"}
{"level":"warn","message":"Invalid contact format (non-string) for record with PIP number EMEA-000183-PIP02-12-M05: [\"Bristol-Myers Squibb Pharma EEIG\",\"Email: medical.information@bms.com\",\"Tel. +44 1895523740\"]","timestamp":"2025-07-25T16:03:35.259Z"}
{"level":"warn","message":"Skipping invalid key in record: ","timestamp":"2025-07-25T16:03:35.259Z"}
{"level":"warn","message":"Invalid contact format (non-string) for record with PIP number EMEA-003623-PIP01-24: [\"Seqirus Netherlands B.V.\",\"E-mail: seqirus.clinicaltrials@seqirus.com\",\"Tel: +1 9088587365\"]","timestamp":"2025-07-25T16:03:35.259Z"}
{"level":"warn","message":"Skipping invalid key in record: ","timestamp":"2025-07-25T16:03:35.259Z"}
{"level":"warn","message":"Invalid contact format (non-string) for record with PIP number EMEA-003624-PIP01-24: [\"Seqirus Netherlands B.V.\",\"E-mail: seqirus.clinicaltrials@seqirus.com\",\"Tel: +1 9088587365\"]","timestamp":"2025-07-25T16:03:35.259Z"}
{"level":"warn","message":"Skipping invalid key in record: ","timestamp":"2025-07-25T16:03:35.260Z"}
{"level":"warn","message":"Skipping invalid key in record: ","timestamp":"2025-07-25T16:03:35.260Z"}
{"level":"warn","message":"Skipping invalid key in record: ","timestamp":"2025-07-25T16:03:35.260Z"}
{"level":"warn","message":"Skipping invalid key in record: ","timestamp":"2025-07-25T16:03:35.260Z"}
{"level":"warn","message":"Skipping invalid key in record: ","timestamp":"2025-07-25T16:03:35.261Z"}
{"level":"warn","message":"Skipping invalid key in record: ","timestamp":"2025-07-25T16:03:35.261Z"}
{"level":"warn","message":"Skipping invalid key in record: ","timestamp":"2025-07-25T16:03:35.261Z"}
{"level":"warn","message":"Skipping invalid key in record: ","timestamp":"2025-07-25T16:03:35.261Z"}
{"level":"warn","message":"Skipping invalid key in record: ","timestamp":"2025-07-25T16:03:35.261Z"}
{"level":"warn","message":"Skipping invalid key in record: ","timestamp":"2025-07-25T16:03:35.262Z"}
{"level":"warn","message":"Invalid contact format (non-string) for record with PIP number EMEA-003390-PIP01-23: [\"Verisfield Single Member S.A.Email: pharmacovigilance@verisfield.gr\",\"economou@verisfield.gr Tel: +30 2107475196&nbsp\"]","timestamp":"2025-07-25T16:03:35.262Z"}
{"level":"warn","message":"Skipping invalid key in record: ","timestamp":"2025-07-25T16:03:35.262Z"}
{"level":"warn","message":"Skipping invalid key in record: ","timestamp":"2025-07-25T16:03:35.262Z"}
{"level":"warn","message":"Skipping invalid key in record: ","timestamp":"2025-07-25T16:03:35.262Z"}
{"level":"warn","message":"Skipping invalid key in record: ","timestamp":"2025-07-25T16:03:35.263Z"}
{"level":"warn","message":"Skipping invalid key in record: ","timestamp":"2025-07-25T16:03:35.263Z"}
{"level":"warn","message":"Skipping invalid key in record: ","timestamp":"2025-07-25T16:03:35.263Z"}
{"level":"warn","message":"Skipping invalid key in record: ","timestamp":"2025-07-25T16:03:35.263Z"}
{"level":"warn","message":"Invalid contact format (non-string) for record with PIP number EMEA-003552-PIP01-23: [\"Kamada Ireland LimitedEmail: oritp@kamada.com    Tel: +972 89406472\",\"+972 522660030\"]","timestamp":"2025-07-25T16:03:35.263Z"}
{"level":"warn","message":"Skipping invalid key in record: ","timestamp":"2025-07-25T16:03:35.263Z"}
{"level":"warn","message":"Skipping invalid key in record: ","timestamp":"2025-07-25T16:03:35.264Z"}
{"level":"warn","message":"Invalid contact format (non-string) for record with PIP number EMEA-003530-PIP01-23: [\"Zakłady Farmaceutyczne Polpharma S.A.\",\"E-mail: regulatory@polpharma.com\",\"Tel.  +48 585631600\"]","timestamp":"2025-07-25T16:03:35.264Z"}
{"level":"warn","message":"Skipping invalid key in record: ","timestamp":"2025-07-25T16:03:35.264Z"}
{"level":"warn","message":"Skipping invalid key in record: ","timestamp":"2025-07-25T16:03:35.264Z"}
{"level":"warn","message":"Skipping invalid key in record: ","timestamp":"2025-07-25T16:03:35.264Z"}
{"level":"warn","message":"Skipping invalid key in record: ","timestamp":"2025-07-25T16:03:35.265Z"}
{"level":"warn","message":"Skipping invalid key in record: ","timestamp":"2025-07-25T16:03:35.265Z"}
{"level":"warn","message":"Invalid contact format (non-string) for record with PIP number EMEA-002958-PIP01-21-M01: [\"Cytokinetics\",\"Inc.\",\"Tel.: +1 650 624 3000\",\"E-mail: regaffairs@cytokinetics.com\"]","timestamp":"2025-07-25T16:03:35.265Z"}
{"level":"warn","message":"Skipping invalid key in record: ","timestamp":"2025-07-25T16:03:35.265Z"}
{"level":"warn","message":"Invalid contact format (non-string) for record with PIP number EMEA-001585-PIP01-13-M06: [\"AstraZeneca AB\",\"E-mail: paediatrics@astrazeneca.com\",\"Tel. +46 8553 27591\"]","timestamp":"2025-07-25T16:03:35.265Z"}
{"level":"info","message":"CSV Headers: Decision number,PIP number,Active substance,Invented name,Therapeutic area,Pharmaceutical forms,Condition / indication,Routes of administration,Decision type,Decision date,Compliance outcome,Compliance opinion date,Compliance procedure number,Contact for public enquiries,First published date,Last updated date,PIP URL,","timestamp":"2025-07-25T16:03:35.275Z"}
{"level":"warn","message":"Skipping invalid key in record: ","timestamp":"2025-07-25T16:03:35.276Z"}
{"level":"warn","message":"Invalid contact format (non-string) for record with PIP number EMEA-002208-PIP01-17-M04: [\"Eli Lilly & Company Limited\",\"EU_PAEDIATRIC@LILLY.COM\",\"+44 1276483000\"]","timestamp":"2025-07-25T16:03:35.276Z"}
{"level":"warn","message":"Skipping invalid key in record: ","timestamp":"2025-07-25T16:03:35.276Z"}
{"level":"warn","message":"Invalid contact format (non-string) for record with PIP number EMEA-003071-PIP01-21-M01: [\"Otsuka Pharmaceutical Netherlands B.V.\",\"E-mail: communications@otsuka-europe.com\",\"Tel. +44 2037475001\"]","timestamp":"2025-07-25T16:03:35.277Z"}
{"level":"warn","message":"Skipping invalid key in record: ","timestamp":"2025-07-25T16:03:35.277Z"}
{"level":"warn","message":"Skipping invalid key in record: ","timestamp":"2025-07-25T16:03:35.277Z"}
{"level":"warn","message":"Invalid contact format (non-string) for record with PIP number EMEA-001198-PIP04-23: [\"Helsinn Birex Pharmaceuticals Limited\",\"ailbhe.henderson@helsinn.com\",\"+353 18089615\"]","timestamp":"2025-07-25T16:03:35.277Z"}
{"level":"warn","message":"Skipping invalid key in record: ","timestamp":"2025-07-25T16:03:35.277Z"}
{"level":"warn","message":"Invalid contact format (non-string) for record with PIP number EMEA-003439-PIP02-23: [\"Amgen Europe B.V.\",\"E-mail: medinfointernational@amgen.com\",\"Tel. +44 (0)1223 420305\"]","timestamp":"2025-07-25T16:03:35.278Z"}
{"level":"warn","message":"Skipping invalid key in record: ","timestamp":"2025-07-25T16:03:35.278Z"}
{"level":"warn","message":"Invalid contact format (non-string) for record with PIP number EMEA-002208-PIP02-24: [\"Eli Lilly And Company Limited\",\"EU_PAEDIATRIC@LILLY.COM\",\"+44 1276483000\"]","timestamp":"2025-07-25T16:03:35.278Z"}
{"level":"warn","message":"Skipping invalid key in record: ","timestamp":"2025-07-25T16:03:35.278Z"}
{"level":"warn","message":"Skipping invalid key in record: ","timestamp":"2025-07-25T16:03:35.278Z"}
{"level":"warn","message":"Invalid contact format (non-string) for record with PIP number EMEA-003542-PIP01-23: [\"Aco Hud Nordic AB\",\"CHCINordicRegulatory@perrigo.com\",\"+46 859002900\"]","timestamp":"2025-07-25T16:03:35.279Z"}
{"level":"warn","message":"Skipping invalid key in record: ","timestamp":"2025-07-25T16:03:35.279Z"}
{"level":"warn","message":"Skipping invalid key in record: ","timestamp":"2025-07-25T16:03:35.279Z"}
{"level":"warn","message":"Skipping invalid key in record: ","timestamp":"2025-07-25T16:03:35.279Z"}
{"level":"warn","message":"Skipping invalid key in record: ","timestamp":"2025-07-25T16:03:35.279Z"}
{"level":"warn","message":"Invalid contact format (non-string) for record with PIP number EMEA-003395-PIP02-23: [\"Immedica Pharma AB\",\"E-mail: info@immedica.comTel. +46 (0)853339500\"]","timestamp":"2025-07-25T16:03:35.280Z"}
{"level":"warn","message":"Skipping invalid key in record: ","timestamp":"2025-07-25T16:03:35.280Z"}
{"level":"warn","message":"Skipping invalid key in record: ","timestamp":"2025-07-25T16:03:35.280Z"}
{"level":"warn","message":"Skipping invalid key in record: ","timestamp":"2025-07-25T16:03:35.280Z"}
{"level":"warn","message":"Skipping invalid key in record: ","timestamp":"2025-07-25T16:03:35.280Z"}
{"level":"warn","message":"Invalid contact format (non-string) for record with PIP number EMEA-002883-PIP03-23: [\"Biotest AG\",\"Tel. +49 6103801497\",\"E-mail: Andrea.Wartenberg-Demand@biotest.com\"]","timestamp":"2025-07-25T16:03:35.281Z"}
{"level":"warn","message":"Skipping invalid key in record: ","timestamp":"2025-07-25T16:03:35.281Z"}
{"level":"warn","message":"Invalid contact format (non-string) for record with PIP number EMEA-003393-PIP01-23: [\"Chiesi Farmaceutici S.p.A\",\"Tel. +39 05212791\",\"E-mail: info@chiesi.com\"]","timestamp":"2025-07-25T16:03:35.281Z"}
{"level":"warn","message":"Skipping invalid key in record: ","timestamp":"2025-07-25T16:03:35.281Z"}
{"level":"warn","message":"Skipping invalid key in record: ","timestamp":"2025-07-25T16:03:35.281Z"}
{"level":"warn","message":"Skipping invalid key in record: ","timestamp":"2025-07-25T16:03:35.281Z"}
{"level":"warn","message":"Skipping invalid key in record: ","timestamp":"2025-07-25T16:03:35.282Z"}
{"level":"warn","message":"Invalid contact format (non-string) for record with PIP number EMEA-002924-PIP02-23: [\"Novo Nordisk A/S\",\"E-mail: paediatrics@novonordisk.com\",\"Tel.: +45 44448888\"]","timestamp":"2025-07-25T16:03:35.282Z"}
{"level":"warn","message":"Skipping invalid key in record: ","timestamp":"2025-07-25T16:03:35.282Z"}
{"level":"warn","message":"Invalid contact format (non-string) for record with PIP number EMEA-002727-PIP03-23: [\"Bristol-Myers Squibb EEIG\",\"E-mail: medical.information@bms.com\",\"Tel: +44 1423533610\"]","timestamp":"2025-07-25T16:03:35.282Z"}
{"level":"warn","message":"Skipping invalid key in record: ","timestamp":"2025-07-25T16:03:35.282Z"}
{"level":"warn","message":"Skipping invalid key in record: ","timestamp":"2025-07-25T16:03:35.283Z"}
{"level":"warn","message":"Skipping invalid key in record: ","timestamp":"2025-07-25T16:03:35.283Z"}
{"level":"warn","message":"Invalid contact format (non-string) for record with PIP number EMEA-002475-PIP04-23: [\"Boehringer Ingelheim International GmbH\",\"Tel. +49 6132 778271\",\"Email: Paediatrics@boehringer-ingelheim.com\"]","timestamp":"2025-07-25T16:03:35.283Z"}
{"level":"warn","message":"Skipping invalid key in record: ","timestamp":"2025-07-25T16:03:35.283Z"}
{"level":"warn","message":"Invalid contact format (non-string) for record with PIP number EMEA-002341-PIP02-23: [\"Marinus Pharmaceuticals Inc.\",\"E-mail: regulatory@marinuspharma.com\",\"Tel.  +1 4848014670\"]","timestamp":"2025-07-25T16:03:35.283Z"}
{"level":"warn","message":"Skipping invalid key in record: ","timestamp":"2025-07-25T16:03:35.283Z"}
{"level":"warn","message":"Skipping invalid key in record: ","timestamp":"2025-07-25T16:03:35.283Z"}
{"level":"warn","message":"Invalid contact format (non-string) for record with PIP number EMEA-001039-PIP04-23: [\"Merz Pharmaceuticals GmbH\",\"Tel. +49 6915031\",\"E-mail: contact@merz.de\"]","timestamp":"2025-07-25T16:03:35.284Z"}
{"level":"warn","message":"Skipping invalid key in record: ","timestamp":"2025-07-25T16:03:35.284Z"}
{"level":"warn","message":"Skipping invalid key in record: ","timestamp":"2025-07-25T16:03:35.284Z"}
{"level":"warn","message":"Invalid contact format (non-string) for record with PIP number EMEA-002746-PIP01-20-M03: [\"Janssen-Cilag International NV\",\"E-mail: contact@janssen-emea.com\",\"Tel: +40 744383413\"]","timestamp":"2025-07-25T16:03:35.284Z"}
{"level":"warn","message":"Skipping invalid key in record: ","timestamp":"2025-07-25T16:03:35.284Z"}
{"level":"warn","message":"Skipping invalid key in record: ","timestamp":"2025-07-25T16:03:35.284Z"}
{"level":"warn","message":"Invalid contact format (non-string) for record with PIP number EMEA-002618-PIP02-20-M01: [\"Incyte Biosciences Distribution B.V.\",\"E-mail: globalmedinfo@incyte.com\",\"Tel. +800 0002 7423\"]","timestamp":"2025-07-25T16:03:35.285Z"}
{"level":"warn","message":"Skipping invalid key in record: ","timestamp":"2025-07-25T16:03:35.285Z"}
{"level":"warn","message":"Invalid contact format (non-string) for record with PIP number EMEA-003569-PIP01-23: [\"Daiichi Sankyo Europe GmbH\",\"E-mail: service@daiichi-sankyo.eu\",\"Tel.: +49 8978080\"]","timestamp":"2025-07-25T16:03:35.285Z"}
{"level":"warn","message":"Skipping invalid key in record: ","timestamp":"2025-07-25T16:03:35.285Z"}
{"level":"warn","message":"Skipping invalid key in record: ","timestamp":"2025-07-25T16:03:35.285Z"}
{"level":"warn","message":"Invalid contact format (non-string) for record with PIP number EMEA-003313-PIP03-23: [\"Incyte Biosciences Distribution B.V.\",\"E-mail: RA@incyte.com\"]","timestamp":"2025-07-25T16:03:35.285Z"}
{"level":"warn","message":"Skipping invalid key in record: ","timestamp":"2025-07-25T16:03:35.286Z"}
{"level":"warn","message":"Skipping invalid key in record: ","timestamp":"2025-07-25T16:03:35.286Z"}
{"level":"warn","message":"Skipping invalid key in record: ","timestamp":"2025-07-25T16:03:35.286Z"}
{"level":"warn","message":"Skipping invalid key in record: ","timestamp":"2025-07-25T16:03:35.286Z"}
{"level":"warn","message":"Skipping invalid key in record: ","timestamp":"2025-07-25T16:03:35.286Z"}
{"level":"warn","message":"Skipping invalid key in record: ","timestamp":"2025-07-25T16:03:35.286Z"}
{"level":"warn","message":"Invalid contact format (non-string) for record with PIP number EMEA-003220-PIP01-22-M01: [\"Janssen Cilag International NV\",\"Tel. +3214602111\",\"E-mail: contact@Janssen-emea.com\"]","timestamp":"2025-07-25T16:03:35.286Z"}
{"level":"warn","message":"Skipping invalid key in record: ","timestamp":"2025-07-25T16:03:35.287Z"}
{"level":"warn","message":"Invalid contact format (non-string) for record with PIP number EMEA-003215-PIP01-22-M01: [\"Roche Registration GmbH\",\"E-mail: global.eu_regulatory_office@roche.comTel. +49 7624142892\"]","timestamp":"2025-07-25T16:03:35.287Z"}
{"level":"warn","message":"Skipping invalid key in record: ","timestamp":"2025-07-25T16:03:35.287Z"}
{"level":"warn","message":"Skipping invalid key in record: ","timestamp":"2025-07-25T16:03:35.287Z"}
{"level":"warn","message":"Invalid contact format (non-string) for record with PIP number EMEA-003306-PIP01-22: [\"Gilead Sciences International Ltd\",\"E-mail: regulatory.pip@gilead.com\",\"Tel. +44 (0)1223 897300\"]","timestamp":"2025-07-25T16:03:35.287Z"}
{"level":"info","message":"CSV Headers: Decision number,PIP number,Active substance,Invented name,Therapeutic area,Pharmaceutical forms,Condition / indication,Routes of administration,Decision type,Decision date,Compliance outcome,Compliance opinion date,Compliance procedure number,Contact for public enquiries,First published date,Last updated date,PIP URL,","timestamp":"2025-07-25T16:03:35.298Z"}
{"level":"warn","message":"Skipping invalid key in record: ","timestamp":"2025-07-25T16:03:35.298Z"}
{"level":"warn","message":"Skipping invalid key in record: ","timestamp":"2025-07-25T16:03:35.299Z"}
{"level":"warn","message":"Invalid contact format (non-string) for record with PIP number EMEA-001220-PIP07-20-M01: [\"Eli Lilly & Company Limited\",\"E-mail: eu_paediatric@lilly.com\",\"Tel. +44 (0)1276 483000\"]","timestamp":"2025-07-25T16:03:35.299Z"}
{"level":"warn","message":"Skipping invalid key in record: ","timestamp":"2025-07-25T16:03:35.299Z"}
{"level":"warn","message":"Invalid contact format (non-string) for record with PIP number EMEA-001501-PIP09-21: [\"Sanofi-Aventis Groupe\",\"contact-us@sanofi.com\",\"+33 169745695\"]","timestamp":"2025-07-25T16:03:35.299Z"}
{"level":"warn","message":"Skipping invalid key in record: ","timestamp":"2025-07-25T16:03:35.300Z"}
{"level":"warn","message":"Skipping invalid key in record: ","timestamp":"2025-07-25T16:03:35.300Z"}
{"level":"warn","message":"Invalid contact format (non-string) for record with PIP number EMEA-003185-PIP01-22: [\"Bavarian Nordic A/S\",\"Email: info@bavarian-nordic.com\",\"Tel:  +45 61774743\"]","timestamp":"2025-07-25T16:03:35.300Z"}
{"level":"warn","message":"Skipping invalid key in record: ","timestamp":"2025-07-25T16:03:35.300Z"}
{"level":"warn","message":"Invalid contact format (non-string) for record with PIP number EMEA-003049-PIP01-21-M01: [\"Iperboreal Pharma Srl\",\"E-mail: info@iperboreal.com\",\"Tel: +39 0852034834\"]","timestamp":"2025-07-25T16:03:35.300Z"}
{"level":"warn","message":"Skipping invalid key in record: ","timestamp":"2025-07-25T16:03:35.301Z"}
{"level":"warn","message":"Invalid contact format (non-string) for record with PIP number EMEA-000639-PIP03-16-M03: [\"Sintetica GmbH\",\"Tel. +41 916404250E-mail: corporate_clinical_rd@sintetica.com\"]","timestamp":"2025-07-25T16:03:35.301Z"}
{"level":"warn","message":"Skipping invalid key in record: ","timestamp":"2025-07-25T16:03:35.301Z"}
{"level":"warn","message":"Skipping invalid key in record: ","timestamp":"2025-07-25T16:03:35.301Z"}
{"level":"warn","message":"Invalid contact format (non-string) for record with PIP number EMEA-003170-PIP01-21-M02: [\"Hanmi Pharm. Co.\",\"Ltd.\",\"Email: hjkim8802@hanmi.co.kr\",\"Tel. +82 24108771\"]","timestamp":"2025-07-25T16:03:35.301Z"}
{"level":"warn","message":"Skipping invalid key in record: ","timestamp":"2025-07-25T16:03:35.302Z"}
{"level":"warn","message":"Invalid contact format (non-string) for record with PIP number EMEA-003568-PIP01-23: [\"Partner Therapeutics Inc.\",\"E-mail: partnertx@medcomminc.com\",\"United States\",\"Tel: +1 857 347 5730 (outside US)\",\"+1 888 479 5385 (within US)\"]","timestamp":"2025-07-25T16:03:35.302Z"}
{"level":"warn","message":"Skipping invalid key in record: ","timestamp":"2025-07-25T16:03:35.302Z"}
{"level":"warn","message":"Invalid contact format (non-string) for record with PIP number EMEA-003603-PIP01-24: [\"Sanofi Winthrop Industrie\",\"E-mail: contact-us@sanofi.com\",\"Tel: +33 4 37 37 57 84\"]","timestamp":"2025-07-25T16:03:35.302Z"}
{"level":"warn","message":"Skipping invalid key in record: ","timestamp":"2025-07-25T16:03:35.302Z"}
{"level":"warn","message":"Invalid contact format (non-string) for record with PIP number EMEA-002876-PIP02-23: [\"Amylyx Pharmaceuticals EMEA B.V.\",\"the Netherlands\",\"E-mail: Amylyx_EMEA@amylyx.com\",\"Tel: +31 20 369 8199\"]","timestamp":"2025-07-25T16:03:35.302Z"}
{"level":"warn","message":"Skipping invalid key in record: ","timestamp":"2025-07-25T16:03:35.303Z"}
{"level":"warn","message":"Invalid contact format (non-string) for record with PIP number EMEA-003176-PIP02-22: [\"Zynerba Pharmaceuticals Inc.\",\"United States\",\"E-mail: medicalinformation@zynerba.com\",\"Tel: +1 (484) 581-7505\"]","timestamp":"2025-07-25T16:03:35.303Z"}
{"level":"warn","message":"Skipping invalid key in record: ","timestamp":"2025-07-25T16:03:35.303Z"}
{"level":"warn","message":"Skipping invalid key in record: ","timestamp":"2025-07-25T16:03:35.303Z"}
{"level":"warn","message":"Skipping invalid key in record: ","timestamp":"2025-07-25T16:03:35.303Z"}
{"level":"warn","message":"Invalid contact format (non-string) for record with PIP number EMEA-001625-PIP02-21-M03: [\"Roche Registration GmbH\",\"E-mail: global.eu_regulatory_office@roche.comTel. +49 7624142892\"]","timestamp":"2025-07-25T16:03:35.303Z"}
{"level":"warn","message":"Skipping invalid key in record: ","timestamp":"2025-07-25T16:03:35.303Z"}
{"level":"warn","message":"Invalid contact format (non-string) for record with PIP number EMEA-002282-PIP01-17-M02: [\"Savara ApS\",\"Email: charles.lapree@savarapharma.com\",\"Tel. +1 2672499491\"]","timestamp":"2025-07-25T16:03:35.303Z"}
{"level":"warn","message":"Skipping invalid key in record: ","timestamp":"2025-07-25T16:03:35.304Z"}
{"level":"warn","message":"Invalid contact format (non-string) for record with PIP number EMEA-002493-PIP01-18-M06: [\"Novo Nordisk A/S\",\"E-mail: paediatrics@novonordisk.com\",\"Tel.: +45 44444848\"]","timestamp":"2025-07-25T16:03:35.304Z"}
{"level":"warn","message":"Skipping invalid key in record: ","timestamp":"2025-07-25T16:03:35.304Z"}
{"level":"warn","message":"Invalid contact format (non-string) for record with PIP number EMEA-001270-PIP01-12-M07: [\"Menarini International Operations Luxembourg S.A.\",\"E-mail: scappellini@menarini-ricerche.it\",\"Tel. +39 05556807607/458\",\"+39 3289896201\"]","timestamp":"2025-07-25T16:03:35.304Z"}
{"level":"warn","message":"Skipping invalid key in record: ","timestamp":"2025-07-25T16:03:35.304Z"}
{"level":"warn","message":"Invalid contact format (non-string) for record with PIP number EMEA-001314-PIP01-12-M02: [\"EUSA Pharma (Netherlands) B.V.\",\"Tel. +44 (0)3305 001155\",\"E-mail: Ignacio.AlvarezRojo@eusapharma.com\"]","timestamp":"2025-07-25T16:03:35.304Z"}
{"level":"warn","message":"Skipping invalid key in record: ","timestamp":"2025-07-25T16:03:35.305Z"}
{"level":"warn","message":"Skipping invalid key in record: ","timestamp":"2025-07-25T16:03:35.305Z"}
{"level":"warn","message":"Skipping invalid key in record: ","timestamp":"2025-07-25T16:03:35.305Z"}
{"level":"warn","message":"Skipping invalid key in record: ","timestamp":"2025-07-25T16:03:35.305Z"}
{"level":"warn","message":"Skipping invalid key in record: ","timestamp":"2025-07-25T16:03:35.306Z"}
{"level":"warn","message":"Skipping invalid key in record: ","timestamp":"2025-07-25T16:03:35.306Z"}
{"level":"warn","message":"Skipping invalid key in record: ","timestamp":"2025-07-25T16:03:35.306Z"}
{"level":"warn","message":"Invalid contact format (non-string) for record with PIP number EMEA-003423-PIP02-23: [\"AstraZeneca AB\",\"E-mail: paediatrics@astrazeneca.com\"]","timestamp":"2025-07-25T16:03:35.306Z"}
{"level":"warn","message":"Skipping invalid key in record: ","timestamp":"2025-07-25T16:03:35.306Z"}
{"level":"warn","message":"Invalid contact format (non-string) for record with PIP number EMEA-002565-PIP02-19-M01: [\"Vifor Fresenius Medical Care Renal Pharma France\",\"Tel. +41 588518000\",\"E-mail: difelikefalin_ra@viforpharma.com\"]","timestamp":"2025-07-25T16:03:35.306Z"}
{"level":"warn","message":"Skipping invalid key in record: ","timestamp":"2025-07-25T16:03:35.307Z"}
{"level":"warn","message":"Invalid contact format (non-string) for record with PIP number EMEA-002656-PIP01-19-M01: [\"Bavarian Nordic A/S\",\"E-mail: regulatory@bavarian-nordic.com\",\"Tel. +49 89255446300\"]","timestamp":"2025-07-25T16:03:35.307Z"}
{"level":"warn","message":"Skipping invalid key in record: ","timestamp":"2025-07-25T16:03:35.307Z"}
{"level":"warn","message":"Skipping invalid key in record: ","timestamp":"2025-07-25T16:03:35.307Z"}
{"level":"warn","message":"Skipping invalid key in record: ","timestamp":"2025-07-25T16:03:35.307Z"}
{"level":"warn","message":"Skipping invalid key in record: ","timestamp":"2025-07-25T16:03:35.307Z"}
{"level":"warn","message":"Skipping invalid key in record: ","timestamp":"2025-07-25T16:03:35.308Z"}
{"level":"warn","message":"Skipping invalid key in record: ","timestamp":"2025-07-25T16:03:35.308Z"}
{"level":"warn","message":"Skipping invalid key in record: ","timestamp":"2025-07-25T16:03:35.308Z"}
{"level":"warn","message":"Skipping invalid key in record: ","timestamp":"2025-07-25T16:03:35.308Z"}
{"level":"warn","message":"Skipping invalid key in record: ","timestamp":"2025-07-25T16:03:35.308Z"}
{"level":"warn","message":"Skipping invalid key in record: ","timestamp":"2025-07-25T16:03:35.309Z"}
{"level":"warn","message":"Skipping invalid key in record: ","timestamp":"2025-07-25T16:03:35.309Z"}
{"level":"warn","message":"Invalid contact format (non-string) for record with PIP number EMEA-003589-PIP01-24: [\"AstraZeneca AB\",\"E-mail: paediatrics@astrazeneca.com\"]","timestamp":"2025-07-25T16:03:35.309Z"}
{"level":"warn","message":"Skipping invalid key in record: ","timestamp":"2025-07-25T16:03:35.309Z"}
{"level":"warn","message":"Skipping invalid key in record: ","timestamp":"2025-07-25T16:03:35.309Z"}
{"level":"warn","message":"Skipping invalid key in record: ","timestamp":"2025-07-25T16:03:35.310Z"}
{"level":"warn","message":"Invalid contact format (non-string) for record with PIP number EMEA-003402-PIP01-23: [\"Novo Nordisk A/S\",\"E-mail: paediatrics@novonordisk.com\",\"Tel.: +45 44448888\"]","timestamp":"2025-07-25T16:03:35.310Z"}
{"level":"info","message":"CSV Headers: Decision number,PIP number,Active substance,Invented name,Therapeutic area,Pharmaceutical forms,Condition / indication,Routes of administration,Decision type,Decision date,Compliance outcome,Compliance opinion date,Compliance procedure number,Contact for public enquiries,First published date,Last updated date,PIP URL,","timestamp":"2025-07-25T16:03:35.319Z"}
{"level":"warn","message":"Skipping invalid key in record: ","timestamp":"2025-07-25T16:03:35.319Z"}
{"level":"warn","message":"Invalid contact format (non-string) for record with PIP number EMEA-003027-PIP02-23: [\"PTC Therapeutics International Limited\",\"Tel. +353 19068700\",\"E-mail: medinfo@ptcbio.com\"]","timestamp":"2025-07-25T16:03:35.320Z"}
{"level":"warn","message":"Skipping invalid key in record: ","timestamp":"2025-07-25T16:03:35.320Z"}
{"level":"warn","message":"Invalid contact format (non-string) for record with PIP number EMEA-002945-PIP03-23: [\"Sanofi Winthrop Industrie\",\"Email: contact-us@sanofi.com\",\"Tel: +31 202 453 703\"]","timestamp":"2025-07-25T16:03:35.320Z"}
{"level":"warn","message":"Skipping invalid key in record: ","timestamp":"2025-07-25T16:03:35.320Z"}
{"level":"warn","message":"Invalid contact format (non-string) for record with PIP number EMEA-002886-PIP02-23: [\"Amgen Europe B.V.\",\"Tel. +44 (0)1223 420305\",\"E-mail: pipenquiry@amgen.com\"]","timestamp":"2025-07-25T16:03:35.320Z"}
{"level":"warn","message":"Skipping invalid key in record: ","timestamp":"2025-07-25T16:03:35.320Z"}
{"level":"warn","message":"Skipping invalid key in record: ","timestamp":"2025-07-25T16:03:35.321Z"}
{"level":"warn","message":"Invalid contact format (non-string) for record with PIP number EMEA-002744-PIP01-19-M01: [\"Nevakar Inc.\",\"E-mail: info@nevakar.com\",\"Tel: +1 9083677400\"]","timestamp":"2025-07-25T16:03:35.321Z"}
{"level":"warn","message":"Skipping invalid key in record: ","timestamp":"2025-07-25T16:03:35.321Z"}
{"level":"warn","message":"Invalid contact format (non-string) for record with PIP number EMEA-002342-PIP02-18-M03: [\"Eli Lilly and Company Limited\",\"E-mail: EU_PAEDIATRIC@LILLY.COM\",\"Tel.   +44 1344382427\"]","timestamp":"2025-07-25T16:03:35.321Z"}
{"level":"warn","message":"Skipping invalid key in record: ","timestamp":"2025-07-25T16:03:35.321Z"}
{"level":"warn","message":"Invalid contact format (non-string) for record with PIP number EMEA-002734-PIP01-19-M01: [\"Ultragenyx Germany GmbH\",\"Tel. +49 30590083651\",\"Email: inquiries@ultragenyx.com\"]","timestamp":"2025-07-25T16:03:35.321Z"}
{"level":"warn","message":"Skipping invalid key in record: ","timestamp":"2025-07-25T16:03:35.322Z"}
{"level":"warn","message":"Invalid contact format (non-string) for record with PIP number EMEA-000877-PIP03-17-M05: [\"Pacira Ltd\",\"Tel.  +1 9732544600\",\"E-mail: expareleurope@pacira.com\"]","timestamp":"2025-07-25T16:03:35.322Z"}
{"level":"warn","message":"Skipping invalid key in record: ","timestamp":"2025-07-25T16:03:35.322Z"}
{"level":"warn","message":"Invalid contact format (non-string) for record with PIP number EMEA-002342-PIP01-18-M04: [\"Eli Lilly and Company Limited\",\"E-mail: EU_PAEDIATRIC@LILLY.COM\",\"Tel.   +44 1344382427\"]","timestamp":"2025-07-25T16:03:35.322Z"}
{"level":"warn","message":"Skipping invalid key in record: ","timestamp":"2025-07-25T16:03:35.322Z"}
{"level":"warn","message":"Invalid contact format (non-string) for record with PIP number EMEA-000574-PIP03-23: [\"Amgen Europe B.V.\",\"Tel. +44 (0)1223 420305\",\"E-mail: pipenquiry@amgen.com\"]","timestamp":"2025-07-25T16:03:35.322Z"}
{"level":"warn","message":"Skipping invalid key in record: ","timestamp":"2025-07-25T16:03:35.322Z"}
{"level":"warn","message":"Skipping invalid key in record: ","timestamp":"2025-07-25T16:03:35.323Z"}
{"level":"warn","message":"Skipping invalid key in record: ","timestamp":"2025-07-25T16:03:35.323Z"}
{"level":"warn","message":"Skipping invalid key in record: ","timestamp":"2025-07-25T16:03:35.323Z"}
{"level":"warn","message":"Skipping invalid key in record: ","timestamp":"2025-07-25T16:03:35.323Z"}
{"level":"warn","message":"Skipping invalid key in record: ","timestamp":"2025-07-25T16:03:35.323Z"}
{"level":"warn","message":"Invalid contact format (non-string) for record with PIP number EMEA-003541-PIP01-23: [\"UCB Pharma S.A.\",\"E-mail: UCBCares.IE@ucb.com\",\"Tel. +353 1463 2371\"]","timestamp":"2025-07-25T16:03:35.323Z"}
{"level":"warn","message":"Skipping invalid key in record: ","timestamp":"2025-07-25T16:03:35.323Z"}
{"level":"warn","message":"Skipping invalid key in record: ","timestamp":"2025-07-25T16:03:35.323Z"}
{"level":"warn","message":"Skipping invalid key in record: ","timestamp":"2025-07-25T16:03:35.324Z"}
{"level":"warn","message":"Skipping invalid key in record: ","timestamp":"2025-07-25T16:03:35.324Z"}
{"level":"warn","message":"Skipping invalid key in record: ","timestamp":"2025-07-25T16:03:35.324Z"}
{"level":"warn","message":"Skipping invalid key in record: ","timestamp":"2025-07-25T16:03:35.324Z"}
{"level":"warn","message":"Skipping invalid key in record: ","timestamp":"2025-07-25T16:03:35.324Z"}
{"level":"warn","message":"Skipping invalid key in record: ","timestamp":"2025-07-25T16:03:35.324Z"}
{"level":"warn","message":"Skipping invalid key in record: ","timestamp":"2025-07-25T16:03:35.325Z"}
{"level":"warn","message":"Skipping invalid key in record: ","timestamp":"2025-07-25T16:03:35.325Z"}
{"level":"warn","message":"Skipping invalid key in record: ","timestamp":"2025-07-25T16:03:35.325Z"}
{"level":"warn","message":"Skipping invalid key in record: ","timestamp":"2025-07-25T16:03:35.325Z"}
{"level":"warn","message":"Skipping invalid key in record: ","timestamp":"2025-07-25T16:03:35.325Z"}
{"level":"warn","message":"Skipping invalid key in record: ","timestamp":"2025-07-25T16:03:35.325Z"}
{"level":"warn","message":"Skipping invalid key in record: ","timestamp":"2025-07-25T16:03:35.326Z"}
{"level":"warn","message":"Skipping invalid key in record: ","timestamp":"2025-07-25T16:03:35.326Z"}
{"level":"warn","message":"Skipping invalid key in record: ","timestamp":"2025-07-25T16:03:35.326Z"}
{"level":"warn","message":"Skipping invalid key in record: ","timestamp":"2025-07-25T16:03:35.326Z"}
{"level":"warn","message":"Skipping invalid key in record: ","timestamp":"2025-07-25T16:03:35.326Z"}
{"level":"warn","message":"Skipping invalid key in record: ","timestamp":"2025-07-25T16:03:35.327Z"}
{"level":"warn","message":"Skipping invalid key in record: ","timestamp":"2025-07-25T16:03:35.327Z"}
{"level":"warn","message":"Skipping invalid key in record: ","timestamp":"2025-07-25T16:03:35.327Z"}
{"level":"warn","message":"Skipping invalid key in record: ","timestamp":"2025-07-25T16:03:35.327Z"}
{"level":"warn","message":"Invalid contact format (non-string) for record with PIP number EMEA-001213-PIP03-23: [\"Averoa Email: info@averoa-pharma.com Tel. +33 789047130\",\"&nbsp\"]","timestamp":"2025-07-25T16:03:35.327Z"}
{"level":"warn","message":"Skipping invalid key in record: ","timestamp":"2025-07-25T16:03:35.327Z"}
{"level":"warn","message":"Invalid contact format (non-string) for record with PIP number EMEA-000383-PIP04-23: [\"Merck Europe B.V.\",\"Tel.: +49 6151725200\",\"E-mail: service@merckgroup.com\"]","timestamp":"2025-07-25T16:03:35.327Z"}
{"level":"warn","message":"Skipping invalid key in record: ","timestamp":"2025-07-25T16:03:35.328Z"}
{"level":"warn","message":"Skipping invalid key in record: ","timestamp":"2025-07-25T16:03:35.328Z"}
{"level":"warn","message":"Invalid contact format (non-string) for record with PIP number EMEA-003043-PIP01-21-M01: [\"UCB Pharma SA.\",\"E-mail: UCBCares.IE@ucb.com\",\"Tel.:  + 353 14632371\"]","timestamp":"2025-07-25T16:03:35.328Z"}
{"level":"warn","message":"Skipping invalid key in record: ","timestamp":"2025-07-25T16:03:35.328Z"}
{"level":"warn","message":"Skipping invalid key in record: ","timestamp":"2025-07-25T16:03:35.328Z"}
{"level":"info","message":"CSV Headers: Decision number,PIP number,Active substance,Invented name,Therapeutic area,Pharmaceutical forms,Condition / indication,Routes of administration,Decision type,Decision date,Compliance outcome,Compliance opinion date,Compliance procedure number,Contact for public enquiries,First published date,Last updated date,PIP URL,","timestamp":"2025-07-25T16:03:35.338Z"}
{"level":"warn","message":"Skipping invalid key in record: ","timestamp":"2025-07-25T16:03:35.338Z"}
{"level":"warn","message":"Skipping invalid key in record: ","timestamp":"2025-07-25T16:03:35.338Z"}
{"level":"warn","message":"Skipping invalid key in record: ","timestamp":"2025-07-25T16:03:35.338Z"}
{"level":"warn","message":"Skipping invalid key in record: ","timestamp":"2025-07-25T16:03:35.339Z"}
{"level":"warn","message":"Invalid contact format (non-string) for record with PIP number EMEA-003238-PIP02-22: [\"Regeneron Ireland DAC\",\"Tel. +1 9148 475385\",\"E-mail: clinicaltrials@regeneron.com\"]","timestamp":"2025-07-25T16:03:35.339Z"}
{"level":"warn","message":"Skipping invalid key in record: ","timestamp":"2025-07-25T16:03:35.339Z"}
{"level":"warn","message":"Invalid contact format (non-string) for record with PIP number EMEA-003237-PIP02-22: [\"Regeneron Ireland DAC\",\"Tel. +1 9148 475385\",\"E-mail: clinicaltrials@regeneron.com\"]","timestamp":"2025-07-25T16:03:35.339Z"}
{"level":"warn","message":"Skipping invalid key in record: ","timestamp":"2025-07-25T16:03:35.339Z"}
{"level":"warn","message":"Invalid contact format (non-string) for record with PIP number EMEA-000402-PIP03-17-M08: [\"UCB Pharma S.A.\",\"E-mail: UCBCares.IE@ucb.com\",\"Tel. +353 1463 2371\"]","timestamp":"2025-07-25T16:03:35.339Z"}
{"level":"warn","message":"Skipping invalid key in record: ","timestamp":"2025-07-25T16:03:35.339Z"}
{"level":"warn","message":"Invalid contact format (non-string) for record with PIP number EMEA-000325-PIP01-08-M11: [\"Grünenthal GmbH\",\"Tel.: +49 2415690\",\"E-mail: pediatrics@grunenthal.com\"]","timestamp":"2025-07-25T16:03:35.340Z"}
{"level":"warn","message":"Skipping invalid key in record: ","timestamp":"2025-07-25T16:03:35.340Z"}
{"level":"warn","message":"Invalid contact format (non-string) for record with PIP number EMEA-000128-PIP02-09-M05: [\"Novo Nordisk A/S\",\"Denmark\",\"Tel. +45 44448888\",\"E-mail: paediatrics@novonordisk.com\"]","timestamp":"2025-07-25T16:03:35.340Z"}
{"level":"warn","message":"Skipping invalid key in record: ","timestamp":"2025-07-25T16:03:35.340Z"}
{"level":"warn","message":"Skipping invalid key in record: ","timestamp":"2025-07-25T16:03:35.340Z"}
{"level":"warn","message":"Skipping invalid key in record: ","timestamp":"2025-07-25T16:03:35.340Z"}
{"level":"warn","message":"Invalid contact format (non-string) for record with PIP number EMEA-001032-PIP01-10-M07: [\"Janssen Cilag International NV\",\"Tel. +3214602111\",\"E-mail: contact@Janssen-emea.com\"]","timestamp":"2025-07-25T16:03:35.341Z"}
{"level":"warn","message":"Skipping invalid key in record: ","timestamp":"2025-07-25T16:03:35.341Z"}
{"level":"warn","message":"Skipping invalid key in record: ","timestamp":"2025-07-25T16:03:35.341Z"}
{"level":"warn","message":"Skipping invalid key in record: ","timestamp":"2025-07-25T16:03:35.341Z"}
{"level":"warn","message":"Skipping invalid key in record: ","timestamp":"2025-07-25T16:03:35.341Z"}
{"level":"warn","message":"Invalid contact format (non-string) for record with PIP number EMEA-000786-PIP01-09-M02: [\"Genethon\",\"France\",\"Tel. +33 169472900\",\"Fax +33 169471946\",\"E-mail: clinical_development@genethon.fr\"]","timestamp":"2025-07-25T16:03:35.342Z"}
{"level":"warn","message":"Skipping invalid key in record: ","timestamp":"2025-07-25T16:03:35.342Z"}
{"level":"warn","message":"Invalid contact format (non-string) for record with PIP number EMEA-003501-PIP01-23: [\"AstraZeneca AB\",\"E-mail: paediatrics@astrazeneca.com\",\"Tel. +46 8553 27591\"]","timestamp":"2025-07-25T16:03:35.342Z"}
{"level":"warn","message":"Skipping invalid key in record: ","timestamp":"2025-07-25T16:03:35.342Z"}
{"level":"warn","message":"Invalid contact format (non-string) for record with PIP number EMEA-003500-PIP01-23: [\"Bayer AG\",\"Tel. +49 30300139003\",\"E-mail: clinical-trials-contact@bayer.com\"]","timestamp":"2025-07-25T16:03:35.342Z"}
{"level":"warn","message":"Skipping invalid key in record: ","timestamp":"2025-07-25T16:03:35.342Z"}
{"level":"warn","message":"Skipping invalid key in record: ","timestamp":"2025-07-25T16:03:35.342Z"}
{"level":"warn","message":"Skipping invalid key in record: ","timestamp":"2025-07-25T16:03:35.343Z"}
{"level":"warn","message":"Invalid contact format (non-string) for record with PIP number EMEA-003350-PIP01-23: [\"AstraZeneca AB\",\"E-mail: paediatrics@astrazeneca.com\"]","timestamp":"2025-07-25T16:03:35.343Z"}
{"level":"warn","message":"Skipping invalid key in record: ","timestamp":"2025-07-25T16:03:35.343Z"}
{"level":"warn","message":"Skipping invalid key in record: ","timestamp":"2025-07-25T16:03:35.343Z"}
{"level":"warn","message":"Skipping invalid key in record: ","timestamp":"2025-07-25T16:03:35.343Z"}
{"level":"warn","message":"Invalid contact format (non-string) for record with PIP number EMEA-003301-PIP01-22-M01: [\"Janssen-Cilag International NV\",\"Tel. +32 1460 2111\",\"E-mail: contact@janssen-emea.com\"]","timestamp":"2025-07-25T16:03:35.343Z"}
{"level":"warn","message":"Skipping invalid key in record: ","timestamp":"2025-07-25T16:03:35.343Z"}
{"level":"warn","message":"Skipping invalid key in record: ","timestamp":"2025-07-25T16:03:35.343Z"}
{"level":"warn","message":"Skipping invalid key in record: ","timestamp":"2025-07-25T16:03:35.343Z"}
{"level":"warn","message":"Skipping invalid key in record: ","timestamp":"2025-07-25T16:03:35.343Z"}
{"level":"warn","message":"Invalid contact format (non-string) for record with PIP number EMEA-003472-PIP01-23: [\"Pharmaplot P.C.\",\"E-mail: info@pharmaplot.com\",\"Tel.  +30 2160047700\"]","timestamp":"2025-07-25T16:03:35.344Z"}
{"level":"warn","message":"Skipping invalid key in record: ","timestamp":"2025-07-25T16:03:35.344Z"}
{"level":"warn","message":"Skipping invalid key in record: ","timestamp":"2025-07-25T16:03:35.344Z"}
{"level":"warn","message":"Skipping invalid key in record: ","timestamp":"2025-07-25T16:03:35.344Z"}
{"level":"warn","message":"Invalid contact format (non-string) for record with PIP number EMEA-003404-PIP01-23: [\"Novo Nordisk A/S\",\"E-mail: paediatrics@novonordisk.com\",\"Tel.: +45 44448888\"]","timestamp":"2025-07-25T16:03:35.344Z"}
{"level":"warn","message":"Skipping invalid key in record: ","timestamp":"2025-07-25T16:03:35.344Z"}
{"level":"warn","message":"Skipping invalid key in record: ","timestamp":"2025-07-25T16:03:35.345Z"}
{"level":"warn","message":"Skipping invalid key in record: ","timestamp":"2025-07-25T16:03:35.345Z"}
{"level":"warn","message":"Invalid contact format (non-string) for record with PIP number EMEA-002762-PIP02-20-M02: [\"Novo Nordisk A/S\",\"E-mail: paediatrics@novonordisk.com\",\"Tel.: +45 44448888\"]","timestamp":"2025-07-25T16:03:35.345Z"}
{"level":"warn","message":"Skipping invalid key in record: ","timestamp":"2025-07-25T16:03:35.345Z"}
{"level":"warn","message":"Invalid contact format (non-string) for record with PIP number EMEA-002198-PIP01-21-M01: [\"Vanessa Research Magyarorszag Kft/Vanessa Research Hungary ltd\",\"Email: vrregulatory@vanessaresearch.com Tel.  +1 2038368424 x 114\"]","timestamp":"2025-07-25T16:03:35.345Z"}
{"level":"warn","message":"Skipping invalid key in record: ","timestamp":"2025-07-25T16:03:35.345Z"}
{"level":"warn","message":"Skipping invalid key in record: ","timestamp":"2025-07-25T16:03:35.346Z"}
{"level":"warn","message":"Invalid contact format (non-string) for record with PIP number EMEA-002723-PIP01-19-M02: [\"KalVista Pharmaceuticals Ltd\",\"E-mail: regulatory@kalvista.com\",\"Tel: +44 1980753002\"]","timestamp":"2025-07-25T16:03:35.346Z"}
{"level":"warn","message":"Skipping invalid key in record: ","timestamp":"2025-07-25T16:03:35.346Z"}
{"level":"warn","message":"Skipping invalid key in record: ","timestamp":"2025-07-25T16:03:35.346Z"}
{"level":"warn","message":"Skipping invalid key in record: ","timestamp":"2025-07-25T16:03:35.346Z"}
{"level":"warn","message":"Skipping invalid key in record: ","timestamp":"2025-07-25T16:03:35.346Z"}
{"level":"warn","message":"Invalid contact format (non-string) for record with PIP number EMEA-002360-PIP02-22-M02: [\"Eli Lilly & Company Limited\",\"E-mail: eu_paediatric@lilly.com\",\"Tel. +44 (0)1276 483000\"]","timestamp":"2025-07-25T16:03:35.346Z"}
{"level":"warn","message":"Skipping invalid key in record: ","timestamp":"2025-07-25T16:03:35.346Z"}
{"level":"warn","message":"Skipping invalid key in record: ","timestamp":"2025-07-25T16:03:35.347Z"}
{"level":"warn","message":"Skipping invalid key in record: ","timestamp":"2025-07-25T16:03:35.347Z"}
{"level":"info","message":"CSV Headers: Decision number,PIP number,Active substance,Invented name,Therapeutic area,Pharmaceutical forms,Condition / indication,Routes of administration,Decision type,Decision date,Compliance outcome,Compliance opinion date,Compliance procedure number,Contact for public enquiries,First published date,Last updated date,PIP URL,","timestamp":"2025-07-25T16:03:35.356Z"}
{"level":"warn","message":"Skipping invalid key in record: ","timestamp":"2025-07-25T16:03:35.357Z"}
{"level":"warn","message":"Invalid contact format (non-string) for record with PIP number EMEA-003467-PIP01-23: [\"E-mail: admin@oncoc4.comTel. +1 (202)7516823\",\"&nbsp\"]","timestamp":"2025-07-25T16:03:35.357Z"}
{"level":"warn","message":"Skipping invalid key in record: ","timestamp":"2025-07-25T16:03:35.357Z"}
{"level":"warn","message":"Invalid contact format (non-string) for record with PIP number EMEA-003174-PIP01-21-M01: [\"Prilenia Therapeutics B.V.\",\"E-mail: info@prilenia.com\",\"Tel.  +31 358080509\"]","timestamp":"2025-07-25T16:03:35.357Z"}
{"level":"warn","message":"Skipping invalid key in record: ","timestamp":"2025-07-25T16:03:35.357Z"}
{"level":"warn","message":"Skipping invalid key in record: ","timestamp":"2025-07-25T16:03:35.357Z"}
{"level":"warn","message":"Skipping invalid key in record: ","timestamp":"2025-07-25T16:03:35.357Z"}
{"level":"warn","message":"Skipping invalid key in record: ","timestamp":"2025-07-25T16:03:35.358Z"}
{"level":"warn","message":"Skipping invalid key in record: ","timestamp":"2025-07-25T16:03:35.358Z"}
{"level":"warn","message":"Invalid contact format (non-string) for record with PIP number EMEA-003469-PIP01-23: [\"Innate Pharma SA\",\"E-mail: info@innate-pharma.fr\",\"Tel. +33 430303030\"]","timestamp":"2025-07-25T16:03:35.358Z"}
{"level":"warn","message":"Skipping invalid key in record: ","timestamp":"2025-07-25T16:03:35.358Z"}
{"level":"warn","message":"Skipping invalid key in record: ","timestamp":"2025-07-25T16:03:35.358Z"}
{"level":"warn","message":"Skipping invalid key in record: ","timestamp":"2025-07-25T16:03:35.358Z"}
{"level":"warn","message":"Skipping invalid key in record: ","timestamp":"2025-07-25T16:03:35.358Z"}
{"level":"warn","message":"Skipping invalid key in record: ","timestamp":"2025-07-25T16:03:35.358Z"}
{"level":"warn","message":"Skipping invalid key in record: ","timestamp":"2025-07-25T16:03:35.358Z"}
{"level":"warn","message":"Invalid contact format (non-string) for record with PIP number EMEA-003071-PIP02-23: [\"Otsuka Pharmaceutical Netherlands B.V.\",\"E-mail: communications@otsuka-europe.com\",\"Tel. +44 2037475001\"]","timestamp":"2025-07-25T16:03:35.359Z"}
{"level":"warn","message":"Skipping invalid key in record: ","timestamp":"2025-07-25T16:03:35.359Z"}
{"level":"warn","message":"Skipping invalid key in record: ","timestamp":"2025-07-25T16:03:35.359Z"}
{"level":"warn","message":"Invalid contact format (non-string) for record with PIP number EMEA-003233-PIP01-22: [\"Sanofi Winthrop Industrie\",\"Email: contact-us@sanofi.com\",\"Tel: +31 202 453 703\"]","timestamp":"2025-07-25T16:03:35.359Z"}
{"level":"warn","message":"Skipping record with missing or invalid Active substance: {\"Decision number\":\"P/0542/2023\",\"PIP number\":\"EMEA-003233-PIP01-22\",\"Active substance\":null,\"Invented name\":null,\"Therapeutic area\":\"Skin and subcutaneous tissue disorders\",\"Pharmaceutical forms\":\"Solution for injection in pre-filled syringe\",\"Condition / indication\":\"Treatment of atopic dermatitis\",\"Routes of administration\":\"Subcutaneous use\",\"Decision type\":\"W: decision granting a waiver in all age groups for all conditions or indications\",\"Decision date\":\"2023-12-21T00:00:00.000Z\",\"Compliance outcome\":null,\"Compliance opinion date\":null,\"Compliance procedure number\":null,\"Contact for public enquiries\":{\"company\":null,\"email\":null,\"phone\":null},\"First published date\":\"2025-02-13T00:00:00.000Z\",\"Last updated date\":null,\"PIP URL\":\"https://www.ema.europa.eu/en/medicines/human/paediatric-investigation-plans/emea-003233-pip01-22\"}","timestamp":"2025-07-25T16:03:35.359Z"}
{"level":"warn","message":"Skipping invalid key in record: ","timestamp":"2025-07-25T16:03:35.359Z"}
{"level":"warn","message":"Invalid contact format (non-string) for record with PIP number EMEA-001299-PIP03-17-M03: [\"Chiesi Farmaceutici S.p.A.\",\"Tel. +39 0521 2791\",\"E-mail: info@chiesi.com\"]","timestamp":"2025-07-25T16:03:35.359Z"}
{"level":"warn","message":"Skipping invalid key in record: ","timestamp":"2025-07-25T16:03:35.359Z"}
{"level":"warn","message":"Skipping invalid key in record: ","timestamp":"2025-07-25T16:03:35.359Z"}
{"level":"warn","message":"Skipping invalid key in record: ","timestamp":"2025-07-25T16:03:35.360Z"}
{"level":"warn","message":"Skipping invalid key in record: ","timestamp":"2025-07-25T16:03:35.360Z"}
{"level":"warn","message":"Skipping invalid key in record: ","timestamp":"2025-07-25T16:03:35.360Z"}
{"level":"warn","message":"Skipping invalid key in record: ","timestamp":"2025-07-25T16:03:35.360Z"}
{"level":"warn","message":"Skipping invalid key in record: ","timestamp":"2025-07-25T16:03:35.360Z"}
{"level":"warn","message":"Skipping invalid key in record: ","timestamp":"2025-07-25T16:03:35.360Z"}
{"level":"warn","message":"Skipping invalid key in record: ","timestamp":"2025-07-25T16:03:35.361Z"}
{"level":"warn","message":"Invalid contact format (non-string) for record with PIP number EMEA-001731-PIP01-14-M04: [\"Menarini International Operations Luxembourg S.A.\",\"E-mail: prijli@menarini.it\",\"Tel. +39 0555 680633\"]","timestamp":"2025-07-25T16:03:35.361Z"}
{"level":"warn","message":"Skipping invalid key in record: ","timestamp":"2025-07-25T16:03:35.361Z"}
{"level":"warn","message":"Skipping invalid key in record: ","timestamp":"2025-07-25T16:03:35.361Z"}
{"level":"warn","message":"Skipping invalid key in record: ","timestamp":"2025-07-25T16:03:35.362Z"}
{"level":"warn","message":"Invalid contact format (non-string) for record with PIP number EMEA-003587-PIP01-24: [\"ACADIA Pharmaceuticals Inc.\",\"United States\",\"E-mail: info@acadia-pharm.com\",\"Tel.: +1 8585582871\",\"Fax: +1 8585582872\"]","timestamp":"2025-07-25T16:03:35.362Z"}
{"level":"warn","message":"Skipping invalid key in record: ","timestamp":"2025-07-25T16:03:35.362Z"}
{"level":"warn","message":"Invalid contact format (non-string) for record with PIP number EMEA-000802-PIP01-09: [\"Eli Lilly & Company Limited\",\"E-mail: eu_paediatric@lilly.com\",\"Tel. +44 (0)1276 483000\"]","timestamp":"2025-07-25T16:03:35.362Z"}
{"level":"warn","message":"Skipping invalid key in record: ","timestamp":"2025-07-25T16:03:35.362Z"}
{"level":"warn","message":"Invalid contact format (non-string) for record with PIP number P/87/2010: [\"Ichthyol -Gesellschaft Cordes\",\"Hermanni & Co. (GmbH & Co.) KG\",\"E-mail: fe@ichthyol.de\",\"Tel.: +49 4050714301\"]","timestamp":"2025-07-25T16:03:35.362Z"}
{"level":"warn","message":"Skipping invalid key in record: ","timestamp":"2025-07-25T16:03:35.362Z"}
{"level":"warn","message":"Skipping invalid key in record: ","timestamp":"2025-07-25T16:03:35.363Z"}
{"level":"warn","message":"Invalid contact format (non-string) for record with PIP number EMEA-002161-PIP01-17: [\"Janssen-Cilag International NV\",\"E-mail: contact@janssen-emea.com\",\"Tel.: +32 14602111\"]","timestamp":"2025-07-25T16:03:35.363Z"}
{"level":"warn","message":"Skipping invalid key in record: ","timestamp":"2025-07-25T16:03:35.363Z"}
{"level":"warn","message":"Invalid contact format (non-string) for record with PIP number EMEA-002160-PIP01-17: [\"Janssen-Cilag International NV\",\"E-mail: contact@janssen-emea.com\",\"Tel.: +32 14602111\"]","timestamp":"2025-07-25T16:03:35.363Z"}
{"level":"warn","message":"Skipping invalid key in record: ","timestamp":"2025-07-25T16:03:35.363Z"}
{"level":"warn","message":"Invalid contact format (non-string) for record with PIP number EMEA-001354-PIP01-12: [\"Starpharma Pty Ltd\",\"E-mail: ben.rogers@starpharma.com\",\"Country: Australia\",\"Tel. + 61 385322702\"]","timestamp":"2025-07-25T16:03:35.363Z"}
{"level":"warn","message":"Skipping invalid key in record: ","timestamp":"2025-07-25T16:03:35.363Z"}
{"level":"warn","message":"Skipping invalid key in record: ","timestamp":"2025-07-25T16:03:35.364Z"}
{"level":"warn","message":"Skipping invalid key in record: ","timestamp":"2025-07-25T16:03:35.364Z"}
{"level":"warn","message":"Invalid contact format (non-string) for record with PIP number EMEA-002221-PIP01-17: [\"Janssen-Cilag International NV\",\"Tel. +32 1460 2111\",\"E-mail: contact@janssen-emea.com\"]","timestamp":"2025-07-25T16:03:35.364Z"}
{"level":"warn","message":"Skipping invalid key in record: ","timestamp":"2025-07-25T16:03:35.364Z"}
{"level":"warn","message":"Invalid contact format (non-string) for record with PIP number EMEA-002856-PIP01-20: [\"Allakos Inc\",\"Tel. +1 6505975002\",\"Email: pip@allakos.com\"]","timestamp":"2025-07-25T16:03:35.364Z"}
{"level":"warn","message":"Skipping invalid key in record: ","timestamp":"2025-07-25T16:03:35.364Z"}
{"level":"warn","message":"Skipping invalid key in record: ","timestamp":"2025-07-25T16:03:35.365Z"}
{"level":"warn","message":"Skipping invalid key in record: ","timestamp":"2025-07-25T16:03:35.365Z"}
{"level":"warn","message":"Invalid contact format (non-string) for record with PIP number EMEA-003081-PIP01-21-M03: [\"Pfizer Europe MA EEIG\",\"Tel. +44 (0)1304 646 607\",\"E-mail: pip_enquiries@pfizer.com\"]","timestamp":"2025-07-25T16:03:35.365Z"}
{"level":"warn","message":"Skipping invalid key in record: ","timestamp":"2025-07-25T16:03:35.365Z"}
{"level":"warn","message":"Skipping invalid key in record: ","timestamp":"2025-07-25T16:03:35.365Z"}
{"level":"info","message":"CSV Headers: Decision number,PIP number,Active substance,Invented name,Therapeutic area,Pharmaceutical forms,Condition / indication,Routes of administration,Decision type,Decision date,Compliance outcome,Compliance opinion date,Compliance procedure number,Contact for public enquiries,First published date,Last updated date,PIP URL,","timestamp":"2025-07-25T16:03:35.376Z"}
{"level":"warn","message":"Skipping invalid key in record: ","timestamp":"2025-07-25T16:03:35.377Z"}
{"level":"warn","message":"Invalid contact format (non-string) for record with PIP number EMEA-002776-PIP01-20-M02: [\"Iovance Biotherapeutics\",\"Inc.\",\"E-mail: iova_regulatory_affairs@iovance.com\",\"Tel: +1 650 260 7120 Ext.366\"]","timestamp":"2025-07-25T16:03:35.377Z"}
{"level":"warn","message":"Skipping invalid key in record: ","timestamp":"2025-07-25T16:03:35.377Z"}
{"level":"warn","message":"Invalid contact format (non-string) for record with PIP number EMEA-001129-PIP01-11-M06: [\"Biogen Idec Ltd\",\"Tel. +44 (0)1628 501000\",\"E-mail: pip.enquiries@biogen.com\"]","timestamp":"2025-07-25T16:03:35.377Z"}
{"level":"warn","message":"Skipping invalid key in record: ","timestamp":"2025-07-25T16:03:35.377Z"}
{"level":"warn","message":"Invalid contact format (non-string) for record with PIP number EMEA-001198-PIP03-17-M05: [\"Helsinn Birex Pharmaceuticals Limited\",\"E-mail: paediatrics-netu@helsinn.com\",\"Tel. +41 9198 51950\"]","timestamp":"2025-07-25T16:03:35.377Z"}
{"level":"warn","message":"Skipping invalid key in record: ","timestamp":"2025-07-25T16:03:35.378Z"}
{"level":"warn","message":"Invalid contact format (non-string) for record with PIP number EMEA-000997-PIP01-10-M07: [\"Janssen Cilag International NV\",\"Tel. +3214602111\",\"E-mail: contact@Janssen-emea.com\"]","timestamp":"2025-07-25T16:03:35.378Z"}
{"level":"warn","message":"Skipping invalid key in record: ","timestamp":"2025-07-25T16:03:35.378Z"}
{"level":"warn","message":"Invalid contact format (non-string) for record with PIP number EMEA-001912-PIP02-16-M03: [\"PAION Deutschland GmbH\",\"Tel. +49 241 44530E-mail: info@paion.com\"]","timestamp":"2025-07-25T16:03:35.378Z"}
{"level":"warn","message":"Skipping invalid key in record: ","timestamp":"2025-07-25T16:03:35.378Z"}
{"level":"warn","message":"Invalid contact format (non-string) for record with PIP number EMEA-002007-PIP02-17-M03: [\"Regeneron Ireland DAC\",\"E-mail: clinicaltrials@regeneron.com\"]","timestamp":"2025-07-25T16:03:35.378Z"}
{"level":"warn","message":"Skipping invalid key in record: ","timestamp":"2025-07-25T16:03:35.378Z"}
{"level":"warn","message":"Invalid contact format (non-string) for record with PIP number EMEA-003479-PIP01-23: [\"Egis Gyogyszergyar Zrt.\",\"E-mail: registry@egis.huTel.  +36 18032414&nbsp\"]","timestamp":"2025-07-25T16:03:35.378Z"}
{"level":"warn","message":"Skipping invalid key in record: ","timestamp":"2025-07-25T16:03:35.378Z"}
{"level":"warn","message":"Skipping invalid key in record: ","timestamp":"2025-07-25T16:03:35.379Z"}
{"level":"warn","message":"Invalid contact format (non-string) for record with PIP number EMEA-002873-PIP01-20: [\"Valneva Austria GmbH\",\"E-mail: medinfo@valneva.com\",\"Tel. +43 20620-1124\"]","timestamp":"2025-07-25T16:03:35.379Z"}
{"level":"warn","message":"Skipping invalid key in record: ","timestamp":"2025-07-25T16:03:35.379Z"}
{"level":"warn","message":"Invalid contact format (non-string) for record with PIP number EMEA-002312-PIP01-17-M02: [\"Pfizer Europe MA EEIG\",\"Tel. +44 (0)1304 646 607\",\"E-mail: pip_enquiries@pfizer.com\"]","timestamp":"2025-07-25T16:03:35.379Z"}
{"level":"warn","message":"Skipping invalid key in record: ","timestamp":"2025-07-25T16:03:35.379Z"}
{"level":"warn","message":"Invalid contact format (non-string) for record with PIP number EMEA-001943-PIP04-20-M01: [\"Alexion Europe SAS\",\"E-mail: pip.enquiries.eu@alexion.com\",\"Tel. +33 147100619\"]","timestamp":"2025-07-25T16:03:35.379Z"}
{"level":"warn","message":"Skipping invalid key in record: ","timestamp":"2025-07-25T16:03:35.379Z"}
{"level":"warn","message":"Invalid contact format (non-string) for record with PIP number EMEA-001931-PIP01-16-M03: [\"Biotest AG\",\"Tel. +49 6103801497\",\"E-mail: Andrea.Wartenberg-Demand@biotest.com\"]","timestamp":"2025-07-25T16:03:35.379Z"}
{"level":"warn","message":"Skipping invalid key in record: ","timestamp":"2025-07-25T16:03:35.379Z"}
{"level":"warn","message":"Invalid contact format (non-string) for record with PIP number EMEA-001925-PIP02-19-M01: [\"Immedica Pharma AB\",\"E-mail: info@immedica.comTel. +46 (0)853339500\"]","timestamp":"2025-07-25T16:03:35.379Z"}
{"level":"warn","message":"Skipping invalid key in record: ","timestamp":"2025-07-25T16:03:35.380Z"}
{"level":"warn","message":"Skipping invalid key in record: ","timestamp":"2025-07-25T16:03:35.380Z"}
{"level":"warn","message":"Invalid contact format (non-string) for record with PIP number EMEA-001806-PIP04-19-M02: [\"Amgen Europe BV\",\"E-mail: medinfointernational@amgen.com\",\"Tel. +44 (0)1223 420305\"]","timestamp":"2025-07-25T16:03:35.380Z"}
{"level":"warn","message":"Skipping invalid key in record: ","timestamp":"2025-07-25T16:03:35.380Z"}
{"level":"warn","message":"Skipping invalid key in record: ","timestamp":"2025-07-25T16:03:35.380Z"}
{"level":"warn","message":"Skipping invalid key in record: ","timestamp":"2025-07-25T16:03:35.380Z"}
{"level":"warn","message":"Invalid contact format (non-string) for record with PIP number EMEA-000332-PIP02-17-M05: [\"UCB Pharma S.A.\",\"Tel. + 353 14632371\",\"E-mail: ucbcares.ie@ucb.com\"]","timestamp":"2025-07-25T16:03:35.380Z"}
{"level":"warn","message":"Skipping invalid key in record: ","timestamp":"2025-07-25T16:03:35.380Z"}
{"level":"warn","message":"Invalid contact format (non-string) for record with PIP number EMEA-001555-PIP01-13-M05: [\"PAION Deutschland GmbH\",\"Tel. +49 241 44530E-mail: info@paion.com\"]","timestamp":"2025-07-25T16:03:35.380Z"}
{"level":"warn","message":"Skipping invalid key in record: ","timestamp":"2025-07-25T16:03:35.381Z"}
{"level":"warn","message":"Skipping invalid key in record: ","timestamp":"2025-07-25T16:03:35.381Z"}
{"level":"warn","message":"Skipping invalid key in record: ","timestamp":"2025-07-25T16:03:35.381Z"}
{"level":"warn","message":"Skipping invalid key in record: ","timestamp":"2025-07-25T16:03:35.381Z"}
{"level":"warn","message":"Skipping invalid key in record: ","timestamp":"2025-07-25T16:03:35.381Z"}
{"level":"warn","message":"Skipping invalid key in record: ","timestamp":"2025-07-25T16:03:35.381Z"}
{"level":"warn","message":"Skipping invalid key in record: ","timestamp":"2025-07-25T16:03:35.382Z"}
{"level":"warn","message":"Skipping invalid key in record: ","timestamp":"2025-07-25T16:03:35.382Z"}
{"level":"warn","message":"Invalid contact format (non-string) for record with PIP number EMEA-001521-PIP03-22: [\"Bristol-Myers Squibb Pharma EEIG\",\"Email: medical.information@bms.com\",\"Tel. +44 1895523740\"]","timestamp":"2025-07-25T16:03:35.382Z"}
{"level":"warn","message":"Skipping invalid key in record: ","timestamp":"2025-07-25T16:03:35.382Z"}
{"level":"warn","message":"Skipping invalid key in record: ","timestamp":"2025-07-25T16:03:35.382Z"}
{"level":"warn","message":"Invalid contact format (non-string) for record with PIP number EMEA-003452-PIP01-23: [\"GlaxoSmithKline Trading Services Limited\",\"email: eu.paediatric-plans@gsk.com\",\"tel: +1 4388998201\"]","timestamp":"2025-07-25T16:03:35.383Z"}
{"level":"warn","message":"Skipping invalid key in record: ","timestamp":"2025-07-25T16:03:35.383Z"}
{"level":"warn","message":"Skipping invalid key in record: ","timestamp":"2025-07-25T16:03:35.383Z"}
{"level":"warn","message":"Skipping invalid key in record: ","timestamp":"2025-07-25T16:03:35.383Z"}
{"level":"warn","message":"Invalid contact format (non-string) for record with PIP number EMEA-003368-PIP01-22: [\"Vertex Pharmaceuticals (Ireland) Limited\",\"E-mail: vertexmedicalinfo@vrtx.com\",\"Tel: +353 17617299\"]","timestamp":"2025-07-25T16:03:35.383Z"}
{"level":"warn","message":"Skipping invalid key in record: ","timestamp":"2025-07-25T16:03:35.383Z"}
{"level":"warn","message":"Skipping invalid key in record: ","timestamp":"2025-07-25T16:03:35.384Z"}
{"level":"warn","message":"Skipping invalid key in record: ","timestamp":"2025-07-25T16:03:35.384Z"}
{"level":"warn","message":"Skipping invalid key in record: ","timestamp":"2025-07-25T16:03:35.384Z"}
{"level":"warn","message":"Invalid contact format (non-string) for record with PIP number EMEA-003456-PIP01-23: [\"Bristol-Myers Squibb Pharma EEIG\",\"Email: medical.information@bms.comTel. +44 1423 533 610\"]","timestamp":"2025-07-25T16:03:35.384Z"}
{"level":"warn","message":"Skipping invalid key in record: ","timestamp":"2025-07-25T16:03:35.384Z"}
{"level":"warn","message":"Skipping invalid key in record: ","timestamp":"2025-07-25T16:03:35.384Z"}
{"level":"warn","message":"Skipping invalid key in record: ","timestamp":"2025-07-25T16:03:35.384Z"}
{"level":"warn","message":"Invalid contact format (non-string) for record with PIP number EMEA-003455-PIP01-23: [\"RAPT Therapeutics IncE-mail: inquiries@rapt.comTel: +1 650 489 9037\",\"&nbsp\"]","timestamp":"2025-07-25T16:03:35.385Z"}
{"level":"warn","message":"Skipping invalid key in record: ","timestamp":"2025-07-25T16:03:35.385Z"}
{"level":"warn","message":"Skipping invalid key in record: ","timestamp":"2025-07-25T16:03:35.385Z"}
{"level":"warn","message":"Invalid contact format (non-string) for record with PIP number EMEA-002681-PIP03-21: [\"UCB Pharma S.A.\",\"E-mail: UCBCares.IE@ucb.com\",\"Tel. +353 1463 2371\"]","timestamp":"2025-07-25T16:03:35.385Z"}
{"level":"warn","message":"Skipping invalid key in record: ","timestamp":"2025-07-25T16:03:35.385Z"}
{"level":"warn","message":"Skipping invalid key in record: ","timestamp":"2025-07-25T16:03:35.385Z"}
{"level":"warn","message":"Invalid contact format (non-string) for record with PIP number EMEA-003482-PIP01-23: [\"ITM Medical Isotopes GmbH\",\"E-mail: info-medical-isotopes@itm.ag\",\"Tel. +49 89 329 8986 600\"]","timestamp":"2025-07-25T16:03:35.386Z"}
{"level":"info","message":"CSV Headers: Decision number,PIP number,Active substance,Invented name,Therapeutic area,Pharmaceutical forms,Condition / indication,Routes of administration,Decision type,Decision date,Compliance outcome,Compliance opinion date,Compliance procedure number,Contact for public enquiries,First published date,Last updated date,PIP URL,","timestamp":"2025-07-25T16:03:35.396Z"}
{"level":"warn","message":"Skipping invalid key in record: ","timestamp":"2025-07-25T16:03:35.396Z"}
{"level":"warn","message":"Skipping invalid key in record: ","timestamp":"2025-07-25T16:03:35.397Z"}
{"level":"warn","message":"Skipping invalid key in record: ","timestamp":"2025-07-25T16:03:35.397Z"}
{"level":"warn","message":"Invalid contact format (non-string) for record with PIP number EMEA-003359-PIP01-22: [\"GlaxoSmithKline Biologicals SA\",\"Tel. +44 (0)20 8966 3220\",\"E-mail: eu.paediatric-plans@gsk.com\"]","timestamp":"2025-07-25T16:03:35.397Z"}
{"level":"warn","message":"Skipping invalid key in record: ","timestamp":"2025-07-25T16:03:35.397Z"}
{"level":"warn","message":"Skipping invalid key in record: ","timestamp":"2025-07-25T16:03:35.398Z"}
{"level":"warn","message":"Skipping invalid key in record: ","timestamp":"2025-07-25T16:03:35.398Z"}
{"level":"warn","message":"Invalid contact format (non-string) for record with PIP number EMEA-003342-PIP02-22: [\"Merck Europe B.V.\",\"Tel.: +49 6151725200\",\"E-mail: service@merckgroup.com\"]","timestamp":"2025-07-25T16:03:35.398Z"}
{"level":"warn","message":"Skipping invalid key in record: ","timestamp":"2025-07-25T16:03:35.398Z"}
{"level":"warn","message":"Invalid contact format (non-string) for record with PIP number EMEA-003445-PIP01-23: [\"Cogent Biosciences\",\"Inc\",\"Email: paediatrics@cogentbio.com\",\"Tel. +1 6179455576\"]","timestamp":"2025-07-25T16:03:35.399Z"}
{"level":"warn","message":"Skipping invalid key in record: ","timestamp":"2025-07-25T16:03:35.399Z"}
{"level":"warn","message":"Invalid contact format (non-string) for record with PIP number EMEA-002863-PIP01-20: [\"Alexion Europe SAS\",\"E-mail: pip.enquiries.eu@alexion.com\",\"Tel. +33 147103621\"]","timestamp":"2025-07-25T16:03:35.399Z"}
{"level":"warn","message":"Skipping invalid key in record: ","timestamp":"2025-07-25T16:03:35.400Z"}
{"level":"warn","message":"Invalid contact format (non-string) for record with PIP number EMEA-001043-PIP01-10-M03: [\"Janssen-Cilag International NV\",\"United Kingdom\",\"Tel. +44 1494567567\",\"Fax +44 1494658084\",\"E-mail: ldobell@its.jnj.com (Laura Dobell)\"]","timestamp":"2025-07-25T16:03:35.400Z"}
{"level":"warn","message":"Skipping invalid key in record: ","timestamp":"2025-07-25T16:03:35.400Z"}
{"level":"warn","message":"Skipping invalid key in record: ","timestamp":"2025-07-25T16:03:35.400Z"}
{"level":"warn","message":"Skipping invalid key in record: ","timestamp":"2025-07-25T16:03:35.400Z"}
{"level":"warn","message":"Invalid contact format (non-string) for record with PIP number EMEA-001687-PIP01-14-M07: [\"ViiV Healthcare UK Ltd\",\"+44 (0)7467 443192\",\"eu.paediatric-plans@gsk.com\"]","timestamp":"2025-07-25T16:03:35.400Z"}
{"level":"warn","message":"Skipping invalid key in record: ","timestamp":"2025-07-25T16:03:35.401Z"}
{"level":"warn","message":"Invalid contact format (non-string) for record with PIP number EMEA-000311-PIP04-13-M06: [\"Janssen Cilag International NV\",\"Tel. +3214602111\",\"E-mail: contact@Janssen-emea.com\"]","timestamp":"2025-07-25T16:03:35.401Z"}
{"level":"warn","message":"Skipping invalid key in record: ","timestamp":"2025-07-25T16:03:35.401Z"}
{"level":"warn","message":"Skipping invalid key in record: ","timestamp":"2025-07-25T16:03:35.401Z"}
{"level":"warn","message":"Skipping invalid key in record: ","timestamp":"2025-07-25T16:03:35.401Z"}
{"level":"warn","message":"Skipping invalid key in record: ","timestamp":"2025-07-25T16:03:35.402Z"}
{"level":"warn","message":"Skipping invalid key in record: ","timestamp":"2025-07-25T16:03:35.402Z"}
{"level":"warn","message":"Skipping invalid key in record: ","timestamp":"2025-07-25T16:03:35.402Z"}
{"level":"warn","message":"Skipping invalid key in record: ","timestamp":"2025-07-25T16:03:35.402Z"}
{"level":"warn","message":"Invalid contact format (non-string) for record with PIP number EMEA-002681-PIP01-19-M02: [\"UCB Pharma S.A.\",\"E-mail: UCBCares.IE@ucb.com\",\"Tel. +353 1463 2371\"]","timestamp":"2025-07-25T16:03:35.403Z"}
{"level":"warn","message":"Skipping invalid key in record: ","timestamp":"2025-07-25T16:03:35.403Z"}
{"level":"warn","message":"Invalid contact format (non-string) for record with PIP number EMEA-002722-PIP01-19-M03: [\"CSL Behring GmbH\",\"Email: PIP.CSLBehring@cslbehring.com\",\"Tel. +49 6421392355\"]","timestamp":"2025-07-25T16:03:35.403Z"}
{"level":"warn","message":"Skipping invalid key in record: ","timestamp":"2025-07-25T16:03:35.403Z"}
{"level":"warn","message":"Invalid contact format (non-string) for record with PIP number EMEA-002485-PIP01-18-M01: [\"Dr. Falk Pharma GmbH\",\"Email: zentrale@drfalkpharma.de\",\"Tel.: +49 76115140\"]","timestamp":"2025-07-25T16:03:35.403Z"}
{"level":"warn","message":"Skipping invalid key in record: ","timestamp":"2025-07-25T16:03:35.404Z"}
{"level":"warn","message":"Skipping invalid key in record: ","timestamp":"2025-07-25T16:03:35.404Z"}
{"level":"warn","message":"Skipping invalid key in record: ","timestamp":"2025-07-25T16:03:35.404Z"}
{"level":"warn","message":"Skipping invalid key in record: ","timestamp":"2025-07-25T16:03:35.404Z"}
{"level":"warn","message":"Skipping invalid key in record: ","timestamp":"2025-07-25T16:03:35.404Z"}
{"level":"warn","message":"Skipping invalid key in record: ","timestamp":"2025-07-25T16:03:35.405Z"}
{"level":"warn","message":"Invalid contact format (non-string) for record with PIP number EMEA-003305-PIP01-22: [\"Sarepta Therapeutics Ireland Limited\",\"E-mail: ekelly@sarepta.com\",\"Tel. +353 868792759\"]","timestamp":"2025-07-25T16:03:35.405Z"}
{"level":"warn","message":"Skipping invalid key in record: ","timestamp":"2025-07-25T16:03:35.405Z"}
{"level":"warn","message":"Skipping invalid key in record: ","timestamp":"2025-07-25T16:03:35.405Z"}
{"level":"warn","message":"Invalid contact format (non-string) for record with PIP number EMEA-003283-PIP01-22: [\"Cessatech A/S\",\"E-mail: info@cessatech.com\",\"Tel: +45 93872309\"]","timestamp":"2025-07-25T16:03:35.405Z"}
{"level":"warn","message":"Skipping invalid key in record: ","timestamp":"2025-07-25T16:03:35.405Z"}
{"level":"warn","message":"Invalid contact format (non-string) for record with PIP number EMEA-003256-PIP02-23: [\"Daiichi Sankyo Europe GmbH\",\"E-mail: service@daiichi-sankyo.eu\",\"Tel.: +49 8978080\"]","timestamp":"2025-07-25T16:03:35.406Z"}
{"level":"warn","message":"Skipping invalid key in record: ","timestamp":"2025-07-25T16:03:35.406Z"}
{"level":"warn","message":"Skipping invalid key in record: ","timestamp":"2025-07-25T16:03:35.406Z"}
{"level":"warn","message":"Skipping invalid key in record: ","timestamp":"2025-07-25T16:03:35.406Z"}
{"level":"warn","message":"Invalid contact format (non-string) for record with PIP number EMEA-003430-PIP01-23: [\"Menarini Ricerche S.p.A.\",\"Tel:+39 05556807607/458Email:scappellini@menarini-ricerche.it\"]","timestamp":"2025-07-25T16:03:35.406Z"}
{"level":"warn","message":"Skipping invalid key in record: ","timestamp":"2025-07-25T16:03:35.406Z"}
{"level":"warn","message":"Skipping invalid key in record: ","timestamp":"2025-07-25T16:03:35.407Z"}
{"level":"warn","message":"Skipping invalid key in record: ","timestamp":"2025-07-25T16:03:35.407Z"}
{"level":"warn","message":"Invalid contact format (non-string) for record with PIP number EMEA-003343-PIP01-22: [\"Alexion Europe SAS\",\"E-mail: pip.enquiries.eu@alexion.com\",\"Tel. +33 147100619\"]","timestamp":"2025-07-25T16:03:35.407Z"}
{"level":"warn","message":"Skipping invalid key in record: ","timestamp":"2025-07-25T16:03:35.407Z"}
{"level":"warn","message":"Skipping invalid key in record: ","timestamp":"2025-07-25T16:03:35.407Z"}
{"level":"warn","message":"Invalid contact format (non-string) for record with PIP number EMEA-003313-PIP01-22: [\"Incyte Biosciences Distribution B.V.\",\"E-mail: RA@incyte.com\"]","timestamp":"2025-07-25T16:03:35.407Z"}
{"level":"warn","message":"Skipping invalid key in record: ","timestamp":"2025-07-25T16:03:35.408Z"}
{"level":"warn","message":"Skipping invalid key in record: ","timestamp":"2025-07-25T16:03:35.408Z"}
{"level":"warn","message":"Invalid contact format (non-string) for record with PIP number EMEA-003290-PIP01-22: [\"Email: patients@sparktx.com Telephone: +1 2152209300\",\"&nbsp\"]","timestamp":"2025-07-25T16:03:35.408Z"}
{"level":"warn","message":"Skipping invalid key in record: ","timestamp":"2025-07-25T16:03:35.408Z"}
{"level":"warn","message":"Skipping invalid key in record: ","timestamp":"2025-07-25T16:03:35.408Z"}
{"level":"warn","message":"Invalid contact format (non-string) for record with PIP number EMEA-003271-PIP01-22: [\"Email: info@xenon-pharma.com\",\"Telephone: +1 6044843300\"]","timestamp":"2025-07-25T16:03:35.408Z"}
{"level":"warn","message":"Skipping invalid key in record: ","timestamp":"2025-07-25T16:03:35.408Z"}
{"level":"warn","message":"Invalid contact format (non-string) for record with PIP number EMEA-003059-PIP02-23: [\"Novo Nordisk A/S\",\"E-mail: paediatrics@novonordisk.com\",\"Tel.: +45 44448888\"]","timestamp":"2025-07-25T16:03:35.408Z"}
{"level":"info","message":"CSV Headers: Decision number,PIP number,Active substance,Invented name,Therapeutic area,Pharmaceutical forms,Condition / indication,Routes of administration,Decision type,Decision date,Compliance outcome,Compliance opinion date,Compliance procedure number,Contact for public enquiries,First published date,Last updated date,PIP URL,","timestamp":"2025-07-25T16:03:35.418Z"}
{"level":"warn","message":"Skipping invalid key in record: ","timestamp":"2025-07-25T16:03:35.418Z"}
{"level":"warn","message":"Skipping invalid key in record: ","timestamp":"2025-07-25T16:03:35.419Z"}
{"level":"warn","message":"Skipping invalid key in record: ","timestamp":"2025-07-25T16:03:35.419Z"}
{"level":"warn","message":"Skipping invalid key in record: ","timestamp":"2025-07-25T16:03:35.419Z"}
{"level":"warn","message":"Invalid contact format (non-string) for record with PIP number EMEA-002451-PIP03-22: [\"Pfizer Europe MA EEIG\",\"Tel. +44 (0)1304 646 607\",\"E-mail: pip_enquiries@pfizer.com\"]","timestamp":"2025-07-25T16:03:35.419Z"}
{"level":"warn","message":"Skipping invalid key in record: ","timestamp":"2025-07-25T16:03:35.419Z"}
{"level":"warn","message":"Skipping invalid key in record: ","timestamp":"2025-07-25T16:03:35.419Z"}
{"level":"warn","message":"Invalid contact format (non-string) for record with PIP number EMEA-001441-PIP08-23: [\"Novo Nordisk A/S\",\"E-mail: paediatrics@novonordisk.com\",\"Tel.: +45 44448888\"]","timestamp":"2025-07-25T16:03:35.419Z"}
{"level":"warn","message":"Skipping invalid key in record: ","timestamp":"2025-07-25T16:03:35.419Z"}
{"level":"warn","message":"Skipping invalid key in record: ","timestamp":"2025-07-25T16:03:35.420Z"}
{"level":"warn","message":"Invalid contact format (non-string) for record with PIP number EMEA-000142-PIP03-23: [\"MediWound Germany GmbH\",\"Tel. +972 779714168\",\"E-mail: ayaby@mediwound.com\"]","timestamp":"2025-07-25T16:03:35.420Z"}
{"level":"warn","message":"Skipping invalid key in record: ","timestamp":"2025-07-25T16:03:35.420Z"}
{"level":"warn","message":"Invalid contact format (non-string) for record with PIP number EMEA-001501-PIP07-20-M01: [\"sanofi-aventis recherche & développement\",\"Tel. +33 1697 45695\",\"E-mail: contact-us@sanofi.com\"]","timestamp":"2025-07-25T16:03:35.420Z"}
{"level":"warn","message":"Skipping invalid key in record: ","timestamp":"2025-07-25T16:03:35.420Z"}
{"level":"warn","message":"Invalid contact format (non-string) for record with PIP number EMEA-001397-PIP04-17-M02: [\"Janssen-Cilag International N.V.\",\"Tel.  +32 14602111\",\"E-mail: contact@janssen-emea.com\"]","timestamp":"2025-07-25T16:03:35.420Z"}
{"level":"warn","message":"Skipping invalid key in record: ","timestamp":"2025-07-25T16:03:35.420Z"}
{"level":"warn","message":"Skipping invalid key in record: ","timestamp":"2025-07-25T16:03:35.420Z"}
{"level":"warn","message":"Skipping invalid key in record: ","timestamp":"2025-07-25T16:03:35.420Z"}
{"level":"warn","message":"Invalid contact format (non-string) for record with PIP number EMEA-001143-PIP01-11-M06: [\"Ipsen Pharma\",\"E-mail: GlobalMedInfo@ipsen.com\",\"Tel.: +33 158335427\"]","timestamp":"2025-07-25T16:03:35.420Z"}
{"level":"warn","message":"Skipping invalid key in record: ","timestamp":"2025-07-25T16:03:35.421Z"}
{"level":"warn","message":"Invalid contact format (non-string) for record with PIP number EMEA-000533-PIP01-08-M11: [\"Gilead Sciences International Limited\",\"Tel. +44 (0)1223 897300\",\"E-mail: regulatory.pip@gilead.com\"]","timestamp":"2025-07-25T16:03:35.421Z"}
{"level":"warn","message":"Skipping invalid key in record: ","timestamp":"2025-07-25T16:03:35.421Z"}
{"level":"warn","message":"Invalid contact format (non-string) for record with PIP number EMEA-000455-PIP02-10-M09: [\"H. Lumdbeck A/S\",\"E-mail: commres2738@lundbeck.com\",\"Tel.  +45 3083 3413\"]","timestamp":"2025-07-25T16:03:35.421Z"}
{"level":"warn","message":"Skipping invalid key in record: ","timestamp":"2025-07-25T16:03:35.421Z"}
{"level":"warn","message":"Invalid contact format (non-string) for record with PIP number EMEA-000335-PIP01-08-M15: [\"Vertex Pharmaceuticals (Europe) Limited\",\"Tel. +1 8776348789\",\"E-mail: medicalinfo@vrtx.com\"]","timestamp":"2025-07-25T16:03:35.421Z"}
{"level":"warn","message":"Skipping invalid key in record: ","timestamp":"2025-07-25T16:03:35.421Z"}
{"level":"warn","message":"Invalid contact format (non-string) for record with PIP number EMEA-000431-PIP01-08-M12: [\"Glaxo Group Limited\",\"E-mail: eu.paediatrics-plans@gsk.com\",\"Tel. +1 4388998201\"]","timestamp":"2025-07-25T16:03:35.421Z"}
{"level":"warn","message":"Skipping invalid key in record: ","timestamp":"2025-07-25T16:03:35.421Z"}
{"level":"warn","message":"Skipping invalid key in record: ","timestamp":"2025-07-25T16:03:35.421Z"}
{"level":"warn","message":"Invalid contact format (non-string) for record with PIP number EMEA-003189-PIP01-22-M01: [\"Laboratorios Lesvi\",\"S.L.\",\"E-Mail: info@lesvi.es\",\"Tel. +34 936022404\"]","timestamp":"2025-07-25T16:03:35.422Z"}
{"level":"warn","message":"Skipping invalid key in record: ","timestamp":"2025-07-25T16:03:35.422Z"}
{"level":"warn","message":"Invalid contact format (non-string) for record with PIP number EMEA-001169-PIP01-11-M05: [\"Sanofi-Aventis Recherche & Développement\",\"Tel. +33 169745695\",\"E-mail: contact-us@sanofi.com\"]","timestamp":"2025-07-25T16:03:35.422Z"}
{"level":"warn","message":"Skipping invalid key in record: ","timestamp":"2025-07-25T16:03:35.422Z"}
{"level":"warn","message":"Skipping invalid key in record: ","timestamp":"2025-07-25T16:03:35.422Z"}
{"level":"warn","message":"Invalid contact format (non-string) for record with PIP number EMEA-001971-PIP02-16-M04: [\"Bayer AG\",\"Tel. +49 3046815333\",\"E-mail: pediatrics.medical-affairs-europe@bayer.com\"]","timestamp":"2025-07-25T16:03:35.422Z"}
{"level":"warn","message":"Skipping invalid key in record: ","timestamp":"2025-07-25T16:03:35.422Z"}
{"level":"warn","message":"Invalid contact format (non-string) for record with PIP number EMEA-001493-PIP03-18-M01: [\"Pfizer Europe MA EEIG\",\"Tel. +44 (0)1304 646 607\",\"E-mail: pip_enquiries@pfizer.com\"]","timestamp":"2025-07-25T16:03:35.422Z"}
{"level":"warn","message":"Skipping invalid key in record: ","timestamp":"2025-07-25T16:03:35.422Z"}
{"level":"warn","message":"Skipping invalid key in record: ","timestamp":"2025-07-25T16:03:35.422Z"}
{"level":"warn","message":"Invalid contact format (non-string) for record with PIP number EMEA-001835-PIP01-15-M05: [\"Legacy Healthcare\",\"E-mail: Pharma@legacyhealthcare.ch\",\"Tel: +41 792943472\"]","timestamp":"2025-07-25T16:03:35.422Z"}
{"level":"warn","message":"Skipping invalid key in record: ","timestamp":"2025-07-25T16:03:35.423Z"}
{"level":"warn","message":"Skipping invalid key in record: ","timestamp":"2025-07-25T16:03:35.423Z"}
{"level":"warn","message":"Invalid contact format (non-string) for record with PIP number EMEA-002934-PIP01-20: [\"Jazz Pharmaceuticals Ireland Ltd.\",\"E-mail: corporateaffairsmediainfo@jazzpharma.com\",\"Telephone: +1 35316347800\"]","timestamp":"2025-07-25T16:03:35.423Z"}
{"level":"warn","message":"Skipping invalid key in record: ","timestamp":"2025-07-25T16:03:35.423Z"}
{"level":"warn","message":"Invalid contact format (non-string) for record with PIP number EMEA-001119-PIP02-12-M08: [\"Eisai Europe Ltd\",\"E-mail: eumedinfo@eisai.net\",\"Tel. +44 (0)8456 761400\"]","timestamp":"2025-07-25T16:03:35.423Z"}
{"level":"warn","message":"Skipping invalid key in record: ","timestamp":"2025-07-25T16:03:35.423Z"}
{"level":"warn","message":"Invalid contact format (non-string) for record with PIP number EMEA-002435-PIP01-18-M03: [\"PTC Therapeutics International Limited\",\"Tel. +353 19068700\",\"E-mail: medinfo@ptcbio.com\"]","timestamp":"2025-07-25T16:03:35.424Z"}
{"level":"warn","message":"Skipping invalid key in record: ","timestamp":"2025-07-25T16:03:35.424Z"}
{"level":"warn","message":"Invalid contact format (non-string) for record with PIP number EMEA-000599-PIP01-09-M07: [\"Seqirus S.r.l.\",\"E-mail: pip.seq@seqirus.com\",\"Tel.  +39 0577096405 / +39 0577096401\"]","timestamp":"2025-07-25T16:03:35.424Z"}
{"level":"warn","message":"Skipping invalid key in record: ","timestamp":"2025-07-25T16:03:35.424Z"}
{"level":"warn","message":"Invalid contact format (non-string) for record with PIP number EMEA-002475-PIP02-19-M02: [\"Boehringer Ingelheim International GmbH\",\"Tel. +49 6132 778271\",\"Email: Paediatrics@boehringer-ingelheim.com\"]","timestamp":"2025-07-25T16:03:35.424Z"}
{"level":"warn","message":"Skipping invalid key in record: ","timestamp":"2025-07-25T16:03:35.424Z"}
{"level":"warn","message":"Skipping invalid key in record: ","timestamp":"2025-07-25T16:03:35.425Z"}
{"level":"warn","message":"Skipping invalid key in record: ","timestamp":"2025-07-25T16:03:35.425Z"}
{"level":"warn","message":"Invalid contact format (non-string) for record with PIP number EMEA-001094-PIP01-10-M04: [\"Genzyme Europe B.V. / Sanofi-Aventis groupe\",\"The Netherlands\",\"Tel. +31 356991299\",\"E-mail: eumedinfo@genzyme.com\"]","timestamp":"2025-07-25T16:03:35.425Z"}
{"level":"warn","message":"Skipping invalid key in record: ","timestamp":"2025-07-25T16:03:35.425Z"}
{"level":"warn","message":"Skipping invalid key in record: ","timestamp":"2025-07-25T16:03:35.425Z"}
{"level":"warn","message":"Invalid contact format (non-string) for record with PIP number EMEA-000637-PIP02-10-M07: [\"Takeda Pharmaceuticals International AG Ireland Branch\",\"E-mail: medinfoemea@takeda.com\",\"Tel: +44 (0) 3333 000181\"]","timestamp":"2025-07-25T16:03:35.426Z"}
{"level":"warn","message":"Skipping invalid key in record: ","timestamp":"2025-07-25T16:03:35.426Z"}
{"level":"warn","message":"Invalid contact format (non-string) for record with PIP number EMEA-000317-PIP01-08-M13: [\"Janssen-Cilag International NV\",\"Tel. +32 1460 2111\",\"E-mail: contact@janssen-emea.com\"]","timestamp":"2025-07-25T16:03:35.426Z"}
{"level":"warn","message":"Skipping invalid key in record: ","timestamp":"2025-07-25T16:03:35.426Z"}
{"level":"warn","message":"Invalid contact format (non-string) for record with PIP number EMEA-001501-PIP04-19-M02: [\"Regeneron Ireland DAC\",\"Tel. +1 9148 475385\",\"E-mail: clinicaltrials@regeneron.com\"]","timestamp":"2025-07-25T16:03:35.426Z"}
{"level":"warn","message":"Skipping invalid key in record: ","timestamp":"2025-07-25T16:03:35.426Z"}
{"level":"warn","message":"Invalid contact format (non-string) for record with PIP number EMEA-001301-PIP02-12-M04: [\"Basilea Pharmaceutica International Ltd.\",\"Tel. +41 616061400\",\"E-mail: medical.information@basilea.com\"]","timestamp":"2025-07-25T16:03:35.427Z"}
{"level":"warn","message":"Skipping invalid key in record: ","timestamp":"2025-07-25T16:03:35.427Z"}
{"level":"warn","message":"Invalid contact format (non-string) for record with PIP number EMEA-001082-PIP02-11-M03: [\"Holostem Terapie Avanzate S.r.l.\",\"+39 3492403930\",\"regulatory@holostem.com\"]","timestamp":"2025-07-25T16:03:35.427Z"}
{"level":"warn","message":"Skipping invalid key in record: ","timestamp":"2025-07-25T16:03:35.427Z"}
{"level":"warn","message":"Skipping invalid key in record: ","timestamp":"2025-07-25T16:03:35.427Z"}
{"level":"warn","message":"Invalid contact format (non-string) for record with PIP number EMEA-002399-PIP01-18-M01: [\"Gilead Sciences International Ltd.\",\"Tel. +44 (0)1223 897 300\",\"E-mail: regulatory.pip@gilead.com\"]","timestamp":"2025-07-25T16:03:35.427Z"}
{"level":"warn","message":"Skipping invalid key in record: ","timestamp":"2025-07-25T16:03:35.427Z"}
{"level":"info","message":"CSV Headers: Decision number,PIP number,Active substance,Invented name,Therapeutic area,Pharmaceutical forms,Condition / indication,Routes of administration,Decision type,Decision date,Compliance outcome,Compliance opinion date,Compliance procedure number,Contact for public enquiries,First published date,Last updated date,PIP URL,","timestamp":"2025-07-25T16:03:35.436Z"}
{"level":"warn","message":"Skipping invalid key in record: ","timestamp":"2025-07-25T16:03:35.437Z"}
{"level":"warn","message":"Invalid contact format (non-string) for record with PIP number EMEA-000322-PIP01-08-M06: [\"Recordati Rare Diseases SARL\",\"fortun.m@recordati.com\",\"+33 147739373\"]","timestamp":"2025-07-25T16:03:35.437Z"}
{"level":"warn","message":"Skipping invalid key in record: ","timestamp":"2025-07-25T16:03:35.438Z"}
{"level":"warn","message":"Invalid contact format (non-string) for record with PIP number EMEA-001784-PIP01-15-M04: [\"AstraZeneca AB\",\"Tel. +46 855259283\",\"E-mail: paediatrics@astrazeneca.com\"]","timestamp":"2025-07-25T16:03:35.438Z"}
{"level":"warn","message":"Skipping invalid key in record: ","timestamp":"2025-07-25T16:03:35.438Z"}
{"level":"warn","message":"Invalid contact format (non-string) for record with PIP number EMEA-001119-PIP03-19-M03: [\"Eisai GmbH\",\"E-mail: EUMedInfo@eisai.net\",\"Tel.  +44  8456761400\"]","timestamp":"2025-07-25T16:03:35.438Z"}
{"level":"warn","message":"Skipping invalid key in record: ","timestamp":"2025-07-25T16:03:35.438Z"}
{"level":"warn","message":"Invalid contact format (non-string) for record with PIP number EMEA-001050-PIP01-10-M05: [\"Eli Lilly Nederland B.V.\",\"E-mail: EU_paediatric@lilly.com\",\"Tel.  +44 1276483000\"]","timestamp":"2025-07-25T16:03:35.438Z"}
{"level":"warn","message":"Skipping invalid key in record: ","timestamp":"2025-07-25T16:03:35.438Z"}
{"level":"warn","message":"Invalid contact format (non-string) for record with PIP number EMEA-000574-PIP02-12-M04: [\"Amgen Europe B.V.\",\"E-mail: medinfointernational@amgen.com\",\"Tel. +44 (0)1223 420305\"]","timestamp":"2025-07-25T16:03:35.439Z"}
{"level":"warn","message":"Skipping invalid key in record: ","timestamp":"2025-07-25T16:03:35.439Z"}
{"level":"warn","message":"Skipping invalid key in record: ","timestamp":"2025-07-25T16:03:35.439Z"}
{"level":"warn","message":"Skipping invalid key in record: ","timestamp":"2025-07-25T16:03:35.439Z"}
{"level":"warn","message":"Invalid contact format (non-string) for record with PIP number EMEA-000115-PIP01-07-M13: [\"PTC Therapeutics International Limited\",\"Tel. +353 19068700\",\"E-mail: medinfo@ptcbio.com\"]","timestamp":"2025-07-25T16:03:35.439Z"}
{"level":"warn","message":"Skipping invalid key in record: ","timestamp":"2025-07-25T16:03:35.439Z"}
{"level":"warn","message":"Invalid contact format (non-string) for record with PIP number EMEA-001313-PIP01-12-M13: [\"Pfizer Europe MA EEIG\",\"Tel. +44 (0)1304 646 607\",\"E-mail: pip_enquiries@pfizer.com\"]","timestamp":"2025-07-25T16:03:35.439Z"}
{"level":"warn","message":"Skipping invalid key in record: ","timestamp":"2025-07-25T16:03:35.439Z"}
{"level":"warn","message":"Invalid contact format (non-string) for record with PIP number EMEA-001662-PIP01-14-M05: [\"Ipsen Pharma\",\"E-mail: abdelali.majdi@ipsen.com\",\"Tel.: +33 158335427\"]","timestamp":"2025-07-25T16:03:35.439Z"}
{"level":"warn","message":"Skipping invalid key in record: ","timestamp":"2025-07-25T16:03:35.440Z"}
{"level":"warn","message":"Invalid contact format (non-string) for record with PIP number EMEA-000715-PIP03-11-M06: [\"Amgen Europe B.V.\",\"E-mail: medinfointernational@amgen.com\",\"Tel. +44 (0)1223 420305\"]","timestamp":"2025-07-25T16:03:35.440Z"}
{"level":"warn","message":"Skipping invalid key in record: ","timestamp":"2025-07-25T16:03:35.440Z"}
{"level":"warn","message":"Skipping invalid key in record: ","timestamp":"2025-07-25T16:03:35.440Z"}
{"level":"warn","message":"Skipping invalid key in record: ","timestamp":"2025-07-25T16:03:35.440Z"}
{"level":"warn","message":"Skipping invalid key in record: ","timestamp":"2025-07-25T16:03:35.440Z"}
{"level":"warn","message":"Invalid contact format (non-string) for record with PIP number EMEA-002826-PIP01-20-M04: [\"Gilead Sciences International Ltd\",\"E-mail: regulatory.pip@gilead.com\",\"Tel. +44 (0)1223 897300\"]","timestamp":"2025-07-25T16:03:35.440Z"}
{"level":"warn","message":"Skipping invalid key in record: ","timestamp":"2025-07-25T16:03:35.440Z"}
{"level":"warn","message":"Invalid contact format (non-string) for record with PIP number EMEA-002205-PIP01-17-M04: [\"Sanofi-Aventis Recherche & Développement\",\"Tel. +33 169745695\",\"E-mail: contact-us@sanofi.com\"]","timestamp":"2025-07-25T16:03:35.440Z"}
{"level":"warn","message":"Skipping invalid key in record: ","timestamp":"2025-07-25T16:03:35.441Z"}
{"level":"warn","message":"Invalid contact format (non-string) for record with PIP number EMEA-001258-PIP01-11-M08: [\"ALK Abelló A/S\",\"Tel. +45 4574 7576\",\"E-mail: alkmrp@alk.net\"]","timestamp":"2025-07-25T16:03:35.441Z"}
{"level":"warn","message":"Skipping invalid key in record: ","timestamp":"2025-07-25T16:03:35.441Z"}
{"level":"warn","message":"Invalid contact format (non-string) for record with PIP number EMEA-000727-PIP01-09-M07: [\"Pfizer Europe MA EEIG\",\"Tel. +44 (0)1304 646 607\",\"E-mail: pip_enquiries@pfizer.com\"]","timestamp":"2025-07-25T16:03:35.441Z"}
{"level":"warn","message":"Skipping invalid key in record: ","timestamp":"2025-07-25T16:03:35.441Z"}
{"level":"warn","message":"Invalid contact format (non-string) for record with PIP number EMEA-000520-PIP02-13-M04: [\"Glaxo Group Limited\",\"E-mail: eu.paediatrics-plans@gsk.com\",\"Tel. +1 4388998201\"]","timestamp":"2025-07-25T16:03:35.441Z"}
{"level":"warn","message":"Skipping invalid key in record: ","timestamp":"2025-07-25T16:03:35.441Z"}
{"level":"warn","message":"Invalid contact format (non-string) for record with PIP number EMEA-002326-PIP04-20-M01: [\"Novo Nordisk A/S\",\"E-mail: paediatrics@novonordisk.com\",\"Tel: +45 44448888\"]","timestamp":"2025-07-25T16:03:35.441Z"}
{"level":"warn","message":"Skipping invalid key in record: ","timestamp":"2025-07-25T16:03:35.441Z"}
{"level":"warn","message":"Invalid contact format (non-string) for record with PIP number EMEA-002324-PIP01-17-M05: [\"Vertex Pharmaceuticals (Ireland) Limited\",\"E-mail: vertexmedicalinfo@vrtx.com\",\"Tel:  +353 (0)17617299\"]","timestamp":"2025-07-25T16:03:35.441Z"}
{"level":"warn","message":"Skipping invalid key in record: ","timestamp":"2025-07-25T16:03:35.441Z"}
{"level":"warn","message":"Invalid contact format (non-string) for record with PIP number EMEA-002310-PIP01-17-M01: [\"Alexion Europe SAS\",\"E-mail: pip.enquiries.eu@alexion.com\",\"Tel: +33 147100615\"]","timestamp":"2025-07-25T16:03:35.442Z"}
{"level":"warn","message":"Skipping invalid key in record: ","timestamp":"2025-07-25T16:03:35.442Z"}
{"level":"warn","message":"Invalid contact format (non-string) for record with PIP number EMEA-002077-PIP01-16-M06: [\"Alexion Europe SAS\",\"E-mail: pip.enquiries.eu@alexion.com\",\"Tel: +33 147100615\"]","timestamp":"2025-07-25T16:03:35.442Z"}
{"level":"warn","message":"Skipping invalid key in record: ","timestamp":"2025-07-25T16:03:35.442Z"}
{"level":"warn","message":"Invalid contact format (non-string) for record with PIP number EMEA-002023-PIP01-16-M07: [\"Amgen Europe B.V.\",\"E-mail: medinfointernational@amgen.com\",\"Tel. +44 (0)1223 420305\"]","timestamp":"2025-07-25T16:03:35.442Z"}
{"level":"warn","message":"Skipping invalid key in record: ","timestamp":"2025-07-25T16:03:35.442Z"}
{"level":"warn","message":"Invalid contact format (non-string) for record with PIP number EMEA-001943-PIP01-16-M08: [\"Alexion Europe SAS\",\"E-mail: pip.enquiries.eu@alexion.com\",\"Tel: +33 147100615\"]","timestamp":"2025-07-25T16:03:35.442Z"}
{"level":"warn","message":"Skipping invalid key in record: ","timestamp":"2025-07-25T16:03:35.442Z"}
{"level":"warn","message":"Skipping invalid key in record: ","timestamp":"2025-07-25T16:03:35.443Z"}
{"level":"warn","message":"Invalid contact format (non-string) for record with PIP number EMEA-002883-PIP02-22: [\"Biotest AG\",\"Tel. + 49 6103 801497E-mail: clinical.trials@biotest.com\"]","timestamp":"2025-07-25T16:03:35.443Z"}
{"level":"warn","message":"Skipping invalid key in record: ","timestamp":"2025-07-25T16:03:35.443Z"}
{"level":"warn","message":"Invalid contact format (non-string) for record with PIP number EMEA-002342-PIP05-23: [\"Eli Lilly and Company Limited\",\"E-mail: EU_PAEDIATRIC@LILLY.COM\",\"Tel.   +44 1344382427\"]","timestamp":"2025-07-25T16:03:35.443Z"}
{"level":"warn","message":"Skipping invalid key in record: ","timestamp":"2025-07-25T16:03:35.443Z"}
{"level":"warn","message":"Skipping invalid key in record: ","timestamp":"2025-07-25T16:03:35.443Z"}
{"level":"warn","message":"Invalid contact format (non-string) for record with PIP number EMEA-001973-PIP02-23: [\"Amgen Europe B.V.\",\"E-mail: medinfointernational@amgen.com\",\"Tel. +44 (0)1223 420305\"]","timestamp":"2025-07-25T16:03:35.443Z"}
{"level":"warn","message":"Skipping invalid key in record: ","timestamp":"2025-07-25T16:03:35.444Z"}
{"level":"warn","message":"Skipping invalid key in record: ","timestamp":"2025-07-25T16:03:35.444Z"}
{"level":"warn","message":"Invalid contact format (non-string) for record with PIP number EMEA-001943-PIP06-23: [\"Alexion Europe SAS\",\"E-mail: pip.enquiries.eu@alexion.com\",\"Tel: +33 147100615\"]","timestamp":"2025-07-25T16:03:35.444Z"}
{"level":"warn","message":"Skipping invalid key in record: ","timestamp":"2025-07-25T16:03:35.444Z"}
{"level":"warn","message":"Invalid contact format (non-string) for record with PIP number EMEA-001588-PIP04-23: [\"Pierre Fabre Médicament\",\"E-mail: medical_information@pierre-fabre.com\",\"Tel. +33 800326326\"]","timestamp":"2025-07-25T16:03:35.444Z"}
{"level":"warn","message":"Skipping invalid key in record: ","timestamp":"2025-07-25T16:03:35.444Z"}
{"level":"warn","message":"Invalid contact format (non-string) for record with PIP number EMEA-001454-PIP06-23: [\"Pierre Fabre Médicament\",\"E-mail: medical_information@pierre-fabre.com\",\"Tel. +33 800326326\"]","timestamp":"2025-07-25T16:03:35.445Z"}
{"level":"warn","message":"Skipping invalid key in record: ","timestamp":"2025-07-25T16:03:35.445Z"}
{"level":"warn","message":"Invalid contact format (non-string) for record with PIP number EMEA-001573-PIP03-23: [\"Kowa Pharmaceuticals Europe AG\",\"Email: paediatrics@kowapharma.ch\",\"Tel. +41 (0)442055989\"]","timestamp":"2025-07-25T16:03:35.445Z"}
{"level":"warn","message":"Skipping invalid key in record: ","timestamp":"2025-07-25T16:03:35.445Z"}
{"level":"warn","message":"Skipping invalid key in record: ","timestamp":"2025-07-25T16:03:35.445Z"}
{"level":"warn","message":"Skipping invalid key in record: ","timestamp":"2025-07-25T16:03:35.445Z"}
{"level":"warn","message":"Invalid contact format (non-string) for record with PIP number EMEA-003316-PIP01-22: [\"Proveca Pharma Limited\",\"Tel. +353 15136233\",\"E-mail: info@proveca.com\"]","timestamp":"2025-07-25T16:03:35.445Z"}
{"level":"warn","message":"Skipping invalid key in record: ","timestamp":"2025-07-25T16:03:35.446Z"}
{"level":"warn","message":"Skipping invalid key in record: ","timestamp":"2025-07-25T16:03:35.446Z"}
{"level":"warn","message":"Skipping invalid key in record: ","timestamp":"2025-07-25T16:03:35.446Z"}
{"level":"warn","message":"Skipping invalid key in record: ","timestamp":"2025-07-25T16:03:35.446Z"}
{"level":"warn","message":"Skipping invalid key in record: ","timestamp":"2025-07-25T16:03:35.447Z"}
{"level":"warn","message":"Invalid contact format (non-string) for record with PIP number EMEA-003423-PIP01-23: [\"AstraZeneca AB\",\"E-mail: paediatrics@astrazeneca.com\",\"Tel. +46 8553 27591\"]","timestamp":"2025-07-25T16:03:35.447Z"}
{"level":"info","message":"CSV Headers: Decision number,PIP number,Active substance,Invented name,Therapeutic area,Pharmaceutical forms,Condition / indication,Routes of administration,Decision type,Decision date,Compliance outcome,Compliance opinion date,Compliance procedure number,Contact for public enquiries,First published date,Last updated date,PIP URL,","timestamp":"2025-07-25T16:03:35.457Z"}
{"level":"warn","message":"Skipping invalid key in record: ","timestamp":"2025-07-25T16:03:35.458Z"}
{"level":"warn","message":"Invalid contact format (non-string) for record with PIP number EMEA-003427-PIP01-23: [\"Gilead Sciences International Limited\",\"Tel. +44 (0)1223 897300\",\"E-mail: regulatory.pip@gilead.com\"]","timestamp":"2025-07-25T16:03:35.458Z"}
{"level":"warn","message":"Skipping invalid key in record: ","timestamp":"2025-07-25T16:03:35.458Z"}
{"level":"warn","message":"Invalid contact format (non-string) for record with PIP number EMEA-003427-PIP02-23: [\"Gilead Sciences International Limited\",\"Tel. +44 (0)1223 897300\",\"E-mail: regulatory.pip@gilead.com\"]","timestamp":"2025-07-25T16:03:35.459Z"}
{"level":"warn","message":"Skipping invalid key in record: ","timestamp":"2025-07-25T16:03:35.459Z"}
{"level":"warn","message":"Invalid contact format (non-string) for record with PIP number EMEA-003429-PIP01-23: [\"Gilead Sciences International Limited\",\"Tel. +44 (0)1223 897300\",\"E-mail: regulatory.pip@gilead.com\"]","timestamp":"2025-07-25T16:03:35.459Z"}
{"level":"warn","message":"Skipping invalid key in record: ","timestamp":"2025-07-25T16:03:35.459Z"}
{"level":"warn","message":"Invalid contact format (non-string) for record with PIP number EMEA-003429-PIP02-23: [\"Gilead Sciences International Limited\",\"Tel. +44 (0)1223 897300\",\"E-mail: regulatory.pip@gilead.com\"]","timestamp":"2025-07-25T16:03:35.459Z"}
{"level":"warn","message":"Skipping invalid key in record: ","timestamp":"2025-07-25T16:03:35.459Z"}
{"level":"warn","message":"Skipping invalid key in record: ","timestamp":"2025-07-25T16:03:35.459Z"}
{"level":"warn","message":"Skipping invalid key in record: ","timestamp":"2025-07-25T16:03:35.460Z"}
{"level":"warn","message":"Skipping invalid key in record: ","timestamp":"2025-07-25T16:03:35.460Z"}
{"level":"warn","message":"Skipping invalid key in record: ","timestamp":"2025-07-25T16:03:35.460Z"}
{"level":"warn","message":"Invalid contact format (non-string) for record with PIP number EMEA-002653-PIP01-19-M01: [\"Boehringer Ingelheim International GmbH\",\"Tel. +49 6132 778271\",\"Email: Paediatrics@boehringer-ingelheim.com\"]","timestamp":"2025-07-25T16:03:35.460Z"}
{"level":"warn","message":"Skipping invalid key in record: ","timestamp":"2025-07-25T16:03:35.460Z"}
{"level":"warn","message":"Skipping invalid key in record: ","timestamp":"2025-07-25T16:03:35.460Z"}
{"level":"warn","message":"Skipping invalid key in record: ","timestamp":"2025-07-25T16:03:35.460Z"}
{"level":"warn","message":"Invalid contact format (non-string) for record with PIP number EMEA-002029-PIP01-16-M04: [\"AstraZeneca AB\",\"E-mail: paediatrics@astrazeneca.com\",\"Tel. +46 8553 27591\"]","timestamp":"2025-07-25T16:03:35.460Z"}
{"level":"warn","message":"Skipping invalid key in record: ","timestamp":"2025-07-25T16:03:35.461Z"}
{"level":"warn","message":"Invalid contact format (non-string) for record with PIP number EMEA-002028-PIP01-16-M04: [\"AstraZeneca AB\",\"E-mail: paediatrics@astrazeneca.com\",\"Tel. +46 8553 27591\"]","timestamp":"2025-07-25T16:03:35.461Z"}
{"level":"warn","message":"Skipping invalid key in record: ","timestamp":"2025-07-25T16:03:35.461Z"}
{"level":"warn","message":"Skipping invalid key in record: ","timestamp":"2025-07-25T16:03:35.461Z"}
{"level":"warn","message":"Skipping invalid key in record: ","timestamp":"2025-07-25T16:03:35.461Z"}
{"level":"warn","message":"Invalid contact format (non-string) for record with PIP number EMEA-000737-PIP02-11-M03: [\"mail@clinuvel.com\",\"tel: +61 396604900\"]","timestamp":"2025-07-25T16:03:35.461Z"}
{"level":"warn","message":"Skipping invalid key in record: ","timestamp":"2025-07-25T16:03:35.461Z"}
{"level":"warn","message":"Invalid contact format (non-string) for record with PIP number EMEA-003369-PIP01-22: [\"PTC Therapeutics International Limited\",\"Tel. +353 19068700\",\"E-mail: medinfo@ptcbio.com\"]","timestamp":"2025-07-25T16:03:35.461Z"}
{"level":"warn","message":"Skipping invalid key in record: ","timestamp":"2025-07-25T16:03:35.461Z"}
{"level":"warn","message":"Skipping invalid key in record: ","timestamp":"2025-07-25T16:03:35.461Z"}
{"level":"warn","message":"Invalid contact format (non-string) for record with PIP number EMEA-003358-PIP01-22: [\"Pfizer Europe MA EEIG\",\"Tel. +44 (0)1304 646 607\",\"E-mail: pip_enquiries@pfizer.com\"]","timestamp":"2025-07-25T16:03:35.461Z"}
{"level":"warn","message":"Skipping record with missing or invalid Active substance: {\"Decision number\":\"P/0138/2023\",\"PIP number\":\"EMEA-003358-PIP01-22\",\"Active substance\":null,\"Invented name\":null,\"Therapeutic area\":\"Oncology\",\"Pharmaceutical forms\":\"All pharmaceutical forms\",\"Condition / indication\":\"Treatment of breast malignant neoplasms\",\"Routes of administration\":\"All routes of administration\",\"Decision type\":\"W: decision granting a waiver in all age groups for all conditions or indications\",\"Decision date\":\"2023-04-14T00:00:00.000Z\",\"Compliance outcome\":null,\"Compliance opinion date\":null,\"Compliance procedure number\":null,\"Contact for public enquiries\":{\"company\":null,\"email\":null,\"phone\":null},\"First published date\":\"2024-07-22T00:00:00.000Z\",\"Last updated date\":null,\"PIP URL\":\"https://www.ema.europa.eu/en/medicines/human/paediatric-investigation-plans/emea-003358-pip01-22\"}","timestamp":"2025-07-25T16:03:35.462Z"}
{"level":"warn","message":"Skipping invalid key in record: ","timestamp":"2025-07-25T16:03:35.462Z"}
{"level":"warn","message":"Skipping invalid key in record: ","timestamp":"2025-07-25T16:03:35.462Z"}
{"level":"warn","message":"Skipping invalid key in record: ","timestamp":"2025-07-25T16:03:35.462Z"}
{"level":"warn","message":"Invalid contact format (non-string) for record with PIP number EMEA-003351-PIP01-22: [\"Aerie Pharmaceuticals Ireland Ltd\",\"Tel. +1 9495268700\",\"E-mail: info@aeriepharma.com\"]","timestamp":"2025-07-25T16:03:35.462Z"}
{"level":"warn","message":"Skipping invalid key in record: ","timestamp":"2025-07-25T16:03:35.462Z"}
{"level":"warn","message":"Skipping invalid key in record: ","timestamp":"2025-07-25T16:03:35.462Z"}
{"level":"warn","message":"Skipping invalid key in record: ","timestamp":"2025-07-25T16:03:35.462Z"}
{"level":"warn","message":"Invalid contact format (non-string) for record with PIP number EMEA-001588-PIP01-13-M03: [\"Pierre Fabre Médicament\",\"Tel. +33 800326326\",\"E-mail: medical_information@pierre-fabre.com\"]","timestamp":"2025-07-25T16:03:35.462Z"}
{"level":"warn","message":"Skipping invalid key in record: ","timestamp":"2025-07-25T16:03:35.462Z"}
{"level":"warn","message":"Invalid contact format (non-string) for record with PIP number EMEA-001454-PIP03-15-M03: [\"Pierre Fabre Médicament\",\"Tel. +33 800326326\",\"E-mail: medical_information@pierre-fabre.com\"]","timestamp":"2025-07-25T16:03:35.463Z"}
{"level":"warn","message":"Skipping invalid key in record: ","timestamp":"2025-07-25T16:03:35.463Z"}
{"level":"warn","message":"Skipping invalid key in record: ","timestamp":"2025-07-25T16:03:35.463Z"}
{"level":"warn","message":"Skipping invalid key in record: ","timestamp":"2025-07-25T16:03:35.463Z"}
{"level":"warn","message":"Skipping invalid key in record: ","timestamp":"2025-07-25T16:03:35.463Z"}
{"level":"warn","message":"Invalid contact format (non-string) for record with PIP number EMEA-002747-PIP01-20-M01: [\"UCB Pharma S.A.\",\"Tel. + 353 14632371\",\"E-mail: ucbcares.ie@ucb.com\"]","timestamp":"2025-07-25T16:03:35.463Z"}
{"level":"warn","message":"Skipping invalid key in record: ","timestamp":"2025-07-25T16:03:35.463Z"}
{"level":"warn","message":"Invalid contact format (non-string) for record with PIP number EMEA-002634-PIP01-19-M02: [\"Accord Healthcare S.L.U.\",\"E-mail: regulatory_EU@accord-healthcare.com\",\"Tel. +34 933010064\"]","timestamp":"2025-07-25T16:03:35.464Z"}
{"level":"warn","message":"Skipping invalid key in record: ","timestamp":"2025-07-25T16:03:35.464Z"}
{"level":"warn","message":"Invalid contact format (non-string) for record with PIP number EMEA-002544-PIP01-18-M02: [\"Eli Lilly & Company Limited\",\"E-mail: eu_paediatric@lilly.com\",\"Tel. +44 (0)1276 483000\"]","timestamp":"2025-07-25T16:03:35.464Z"}
{"level":"warn","message":"Skipping invalid key in record: ","timestamp":"2025-07-25T16:03:35.464Z"}
{"level":"warn","message":"Invalid contact format (non-string) for record with PIP number EMEA-002536-PIP01-18-M03: [\"Eli Lilly & Company Limited\",\"E-mail: eu_paediatric@lilly.com\",\"Tel. +44 (0)1276 483000\"]","timestamp":"2025-07-25T16:03:35.464Z"}
{"level":"warn","message":"Skipping invalid key in record: ","timestamp":"2025-07-25T16:03:35.464Z"}
{"level":"warn","message":"Invalid contact format (non-string) for record with PIP number EMEA-001984-PIP02-20-M01: [\"Vifor (International) AG\",\"Email: sparsentan_ra@viforpharma.com\",\"Tel: +41588518000\"]","timestamp":"2025-07-25T16:03:35.464Z"}
{"level":"warn","message":"Skipping invalid key in record: ","timestamp":"2025-07-25T16:03:35.464Z"}
{"level":"warn","message":"Invalid contact format (non-string) for record with PIP number EMEA-001943-PIP02-20-M02: [\"Alexion Europe SAS\",\"E-mail: pip.enquiries.eu@alexion.com\",\"Tel: +33 147100615\"]","timestamp":"2025-07-25T16:03:35.464Z"}
{"level":"warn","message":"Skipping invalid key in record: ","timestamp":"2025-07-25T16:03:35.465Z"}
{"level":"warn","message":"Invalid contact format (non-string) for record with PIP number EMEA-001880-PIP02-19-M04: [\"PAION Deutschland GmbH\",\"E-mail: info@paion.com\",\"Tel: +49 2414453128\"]","timestamp":"2025-07-25T16:03:35.465Z"}
{"level":"warn","message":"Skipping invalid key in record: ","timestamp":"2025-07-25T16:03:35.465Z"}
{"level":"warn","message":"Invalid contact format (non-string) for record with PIP number EMEA-001720-PIP01-14-M03: [\"Vifor Fresenius Medical Care Renal Pharma France\",\"Tel. +41 5885 18275\",\"E-mail: patiromer_ra@viforpharma.com\"]","timestamp":"2025-07-25T16:03:35.465Z"}
{"level":"warn","message":"Skipping invalid key in record: ","timestamp":"2025-07-25T16:03:35.465Z"}
{"level":"warn","message":"Skipping invalid key in record: ","timestamp":"2025-07-25T16:03:35.465Z"}
{"level":"warn","message":"Skipping invalid key in record: ","timestamp":"2025-07-25T16:03:35.466Z"}
{"level":"warn","message":"Skipping invalid key in record: ","timestamp":"2025-07-25T16:03:35.466Z"}
{"level":"warn","message":"Invalid contact format (non-string) for record with PIP number EMEA-003406-PIP01-23: [\"BIAL - Portela & Ca\",\"SA\",\"E-mail: info@bial.com\",\"Tel. +351 229866100\"]","timestamp":"2025-07-25T16:03:35.466Z"}
{"level":"warn","message":"Skipping invalid key in record: ","timestamp":"2025-07-25T16:03:35.466Z"}
{"level":"warn","message":"Skipping invalid key in record: ","timestamp":"2025-07-25T16:03:35.466Z"}
{"level":"warn","message":"Skipping invalid key in record: ","timestamp":"2025-07-25T16:03:35.466Z"}
{"level":"warn","message":"Invalid contact format (non-string) for record with PIP number EMEA-003324-PIP01-22: [\"Gilead Sciences International Limited\",\"Tel. +44 (0)1223 897300\",\"E-mail: regulatory.pip@gilead.com\"]","timestamp":"2025-07-25T16:03:35.466Z"}
{"level":"info","message":"CSV Headers: Decision number,PIP number,Active substance,Invented name,Therapeutic area,Pharmaceutical forms,Condition / indication,Routes of administration,Decision type,Decision date,Compliance outcome,Compliance opinion date,Compliance procedure number,Contact for public enquiries,First published date,Last updated date,PIP URL,","timestamp":"2025-07-25T16:03:35.475Z"}
{"level":"warn","message":"Skipping invalid key in record: ","timestamp":"2025-07-25T16:03:35.475Z"}
{"level":"warn","message":"Invalid contact format (non-string) for record with PIP number EMEA-003409-PIP01-23: [\"Eli Lilly & Company Limited\",\"E-mail: eu_paediatric@lilly.com\",\"Tel. +44 (0)1276 483000\"]","timestamp":"2025-07-25T16:03:35.475Z"}
{"level":"warn","message":"Skipping invalid key in record: ","timestamp":"2025-07-25T16:03:35.476Z"}
{"level":"warn","message":"Skipping invalid key in record: ","timestamp":"2025-07-25T16:03:35.476Z"}
{"level":"warn","message":"Skipping invalid key in record: ","timestamp":"2025-07-25T16:03:35.476Z"}
{"level":"warn","message":"Invalid contact format (non-string) for record with PIP number EMEA-003318-PIP01-22: [\"Pfizer Europa MA EEIG\",\"Email: PIP_Enquiries@pfizer.com\",\"Tel. +44 1304646607\"]","timestamp":"2025-07-25T16:03:35.476Z"}
{"level":"warn","message":"Skipping invalid key in record: ","timestamp":"2025-07-25T16:03:35.476Z"}
{"level":"warn","message":"Skipping invalid key in record: ","timestamp":"2025-07-25T16:03:35.476Z"}
{"level":"warn","message":"Skipping invalid key in record: ","timestamp":"2025-07-25T16:03:35.476Z"}
{"level":"warn","message":"Skipping invalid key in record: ","timestamp":"2025-07-25T16:03:35.477Z"}
{"level":"warn","message":"Invalid contact format (non-string) for record with PIP number EMEA-003263-PIP01-22: [\"Bausch Health Ireland Limited\",\"Tel. +48 22 203 90 45\",\"E-mail: EMEA.Regulatory@bauschhealth.com\"]","timestamp":"2025-07-25T16:03:35.477Z"}
{"level":"warn","message":"Skipping invalid key in record: ","timestamp":"2025-07-25T16:03:35.477Z"}
{"level":"warn","message":"Invalid contact format (non-string) for record with PIP number EMEA-003055-PIP02-23: [\"Ipsen Pharma\",\"E-mail: GlobalMedInfo@ipsen.com\",\"Tel.: +33 158335427\"]","timestamp":"2025-07-25T16:03:35.477Z"}
{"level":"warn","message":"Skipping invalid key in record: ","timestamp":"2025-07-25T16:03:35.477Z"}
{"level":"warn","message":"Skipping invalid key in record: ","timestamp":"2025-07-25T16:03:35.477Z"}
{"level":"warn","message":"Invalid contact format (non-string) for record with PIP number EMEA-003270-PIP01-22: [\"Regeneron Ireland DAC\",\"Tel. +1 9148 475385\",\"E-mail: clinicaltrials@regeneron.com\"]","timestamp":"2025-07-25T16:03:35.477Z"}
{"level":"warn","message":"Skipping invalid key in record: ","timestamp":"2025-07-25T16:03:35.477Z"}
{"level":"warn","message":"Skipping invalid key in record: ","timestamp":"2025-07-25T16:03:35.477Z"}
{"level":"warn","message":"Invalid contact format (non-string) for record with PIP number EMEA-002559-PIP08-23: [\"Janssen-Cilag International N.V.\",\"Tel.  +32 14602111\",\"E-mail: contact@janssen-emea.com\"]","timestamp":"2025-07-25T16:03:35.477Z"}
{"level":"warn","message":"Skipping invalid key in record: ","timestamp":"2025-07-25T16:03:35.478Z"}
{"level":"warn","message":"Invalid contact format (non-string) for record with PIP number EMEA-002475-PIP03-22: [\"Boehringer Ingelheim International GmbH\",\"Tel. +49 6132 778271\",\"Email: Paediatrics@boehringer-ingelheim.com\"]","timestamp":"2025-07-25T16:03:35.478Z"}
{"level":"warn","message":"Skipping invalid key in record: ","timestamp":"2025-07-25T16:03:35.478Z"}
{"level":"warn","message":"Skipping invalid key in record: ","timestamp":"2025-07-25T16:03:35.478Z"}
{"level":"warn","message":"Skipping invalid key in record: ","timestamp":"2025-07-25T16:03:35.478Z"}
{"level":"warn","message":"Invalid contact format (non-string) for record with PIP number EMEA-002886-PIP01-20-M03: [\"Amgen Europe B.V.\",\"E-mail: medinfointernational@amgen.com\",\"Tel. +44 (0)1223 420305\"]","timestamp":"2025-07-25T16:03:35.478Z"}
{"level":"warn","message":"Skipping invalid key in record: ","timestamp":"2025-07-25T16:03:35.478Z"}
{"level":"warn","message":"Invalid contact format (non-string) for record with PIP number EMEA-002819-PIP01-20-M01: [\"Gilead Sciences International Ltd.\",\"Tel. +44 (0)1223 897 300\",\"E-mail: regulatory.pip@gilead.com\"]","timestamp":"2025-07-25T16:03:35.478Z"}
{"level":"warn","message":"Skipping invalid key in record: ","timestamp":"2025-07-25T16:03:35.478Z"}
{"level":"warn","message":"Invalid contact format (non-string) for record with PIP number EMEA-002631-PIP01-19-M02: [\"Amgen Europe B.V\",\"Tel.: +44 (0)1223 420305\",\"E-mail: medinfointernational@amgen.com\"]","timestamp":"2025-07-25T16:03:35.478Z"}
{"level":"warn","message":"Skipping record with missing or invalid Active substance: {\"Decision number\":\"P/0253/2023\",\"PIP number\":\"EMEA-002631-PIP01-19-M02\",\"Active substance\":null,\"Invented name\":null,\"Therapeutic area\":\"Oncology\",\"Pharmaceutical forms\":\"Concentrate for solution for infusion\",\"Condition / indication\":\"Treatment of acute myeloid leukaemia\",\"Routes of administration\":\"Intravenous use\",\"Decision type\":\"PM: decision on the application for modification of an agreed PIP\",\"Decision date\":\"2023-07-14T00:00:00.000Z\",\"Compliance outcome\":null,\"Compliance opinion date\":null,\"Compliance procedure number\":null,\"Contact for public enquiries\":{\"company\":null,\"email\":null,\"phone\":null},\"First published date\":\"2021-06-24T00:00:00.000Z\",\"Last updated date\":\"2024-07-12T00:00:00.000Z\",\"PIP URL\":\"https://www.ema.europa.eu/en/medicines/human/paediatric-investigation-plans/emea-002631-pip01-19-m02\"}","timestamp":"2025-07-25T16:03:35.478Z"}
{"level":"warn","message":"Skipping invalid key in record: ","timestamp":"2025-07-25T16:03:35.479Z"}
{"level":"warn","message":"Skipping invalid key in record: ","timestamp":"2025-07-25T16:03:35.479Z"}
{"level":"warn","message":"Skipping invalid key in record: ","timestamp":"2025-07-25T16:03:35.479Z"}
{"level":"warn","message":"Skipping invalid key in record: ","timestamp":"2025-07-25T16:03:35.479Z"}
{"level":"warn","message":"Skipping invalid key in record: ","timestamp":"2025-07-25T16:03:35.479Z"}
{"level":"warn","message":"Skipping invalid key in record: ","timestamp":"2025-07-25T16:03:35.480Z"}
{"level":"warn","message":"Skipping invalid key in record: ","timestamp":"2025-07-25T16:03:35.480Z"}
{"level":"warn","message":"Invalid contact format (non-string) for record with PIP number EMEA-001526-PIP01-13-M06: [\"Takeda Pharmaceuticals International AG Ireland Branch\",\"E-mail: medinfoEMEA@takeda.com\",\"Tel: +41 79 758 4815\"]","timestamp":"2025-07-25T16:03:35.480Z"}
{"level":"warn","message":"Skipping invalid key in record: ","timestamp":"2025-07-25T16:03:35.480Z"}
{"level":"warn","message":"Invalid contact format (non-string) for record with PIP number EMEA-001280-PIP01-12-M06: [\"Janssen-Cilag International NV\",\"Tel. + 32 1460 2111\",\"E-mail: contact@janssen-emea.com\"]","timestamp":"2025-07-25T16:03:35.480Z"}
{"level":"warn","message":"Skipping invalid key in record: ","timestamp":"2025-07-25T16:03:35.480Z"}
{"level":"warn","message":"Invalid contact format (non-string) for record with PIP number EMEA-001251-PIP01-11-M06: [\"Amgen Europe B.V.\",\"E-mail: medinfointernational@amgen.com\",\"Tel. +44 (0)1223 420305\"]","timestamp":"2025-07-25T16:03:35.480Z"}
{"level":"warn","message":"Skipping invalid key in record: ","timestamp":"2025-07-25T16:03:35.481Z"}
{"level":"warn","message":"Invalid contact format (non-string) for record with PIP number EMEA-001161-PIP02-11-M03: [\"Bavarian Nordic A/S\",\"E-mail: regulatory@bavarian-nordic.com\",\"Tel. +49 89255446300\"]","timestamp":"2025-07-25T16:03:35.481Z"}
{"level":"warn","message":"Skipping invalid key in record: ","timestamp":"2025-07-25T16:03:35.481Z"}
{"level":"warn","message":"Invalid contact format (non-string) for record with PIP number EMEA-001050-PIP02-18-M02: [\"Eli Lilly Nederland B.V.\",\"E-mail: EU_paediatric@lilly.com\",\"Tel.  +44 1276483000\"]","timestamp":"2025-07-25T16:03:35.481Z"}
{"level":"warn","message":"Skipping invalid key in record: ","timestamp":"2025-07-25T16:03:35.481Z"}
{"level":"warn","message":"Invalid contact format (non-string) for record with PIP number EMEA-001045-PIP01-10-M03: [\"Sanofi-Aventis Recherche & Développement\",\"Tel. +33 169745695\",\"E-mail: contact-us@sanofi.com\"]","timestamp":"2025-07-25T16:03:35.481Z"}
{"level":"warn","message":"Skipping invalid key in record: ","timestamp":"2025-07-25T16:03:35.481Z"}
{"level":"warn","message":"Skipping invalid key in record: ","timestamp":"2025-07-25T16:03:35.481Z"}
{"level":"warn","message":"Skipping invalid key in record: ","timestamp":"2025-07-25T16:03:35.482Z"}
{"level":"warn","message":"Invalid contact format (non-string) for record with PIP number EMEA-003398-PIP01-23: [\"Teva B.V.\",\"E-mail: MedInfo@tevaeu.com\",\"Tel: +44 (0)2075407117\"]","timestamp":"2025-07-25T16:03:35.482Z"}
{"level":"warn","message":"Skipping invalid key in record: ","timestamp":"2025-07-25T16:03:35.482Z"}
{"level":"warn","message":"Skipping invalid key in record: ","timestamp":"2025-07-25T16:03:35.482Z"}
{"level":"warn","message":"Skipping invalid key in record: ","timestamp":"2025-07-25T16:03:35.482Z"}
{"level":"warn","message":"Skipping invalid key in record: ","timestamp":"2025-07-25T16:03:35.482Z"}
{"level":"warn","message":"Invalid contact format (non-string) for record with PIP number EMEA-003383-PIP02-23: [\"Sanofi Winthrop Industrie\",\"Email: contact-us@sanofi.com\",\"Tel: +31 202 453 703\"]","timestamp":"2025-07-25T16:03:35.482Z"}
{"level":"warn","message":"Skipping invalid key in record: ","timestamp":"2025-07-25T16:03:35.483Z"}
{"level":"warn","message":"Skipping invalid key in record: ","timestamp":"2025-07-25T16:03:35.483Z"}
{"level":"warn","message":"Skipping invalid key in record: ","timestamp":"2025-07-25T16:03:35.483Z"}
{"level":"warn","message":"Skipping invalid key in record: ","timestamp":"2025-07-25T16:03:35.483Z"}
{"level":"warn","message":"Skipping invalid key in record: ","timestamp":"2025-07-25T16:03:35.483Z"}
{"level":"warn","message":"Skipping invalid key in record: ","timestamp":"2025-07-25T16:03:35.483Z"}
{"level":"info","message":"CSV Headers: Decision number,PIP number,Active substance,Invented name,Therapeutic area,Pharmaceutical forms,Condition / indication,Routes of administration,Decision type,Decision date,Compliance outcome,Compliance opinion date,Compliance procedure number,Contact for public enquiries,First published date,Last updated date,PIP URL,","timestamp":"2025-07-25T16:03:35.491Z"}
{"level":"warn","message":"Skipping invalid key in record: ","timestamp":"2025-07-25T16:03:35.492Z"}
{"level":"warn","message":"Skipping invalid key in record: ","timestamp":"2025-07-25T16:03:35.492Z"}
{"level":"warn","message":"Skipping invalid key in record: ","timestamp":"2025-07-25T16:03:35.492Z"}
{"level":"warn","message":"Skipping invalid key in record: ","timestamp":"2025-07-25T16:03:35.492Z"}
{"level":"warn","message":"Invalid contact format (non-string) for record with PIP number EMEA-002052-PIP02-23: [\"Teva B.V.\",\"E-mail: MedInfo@tevaeu.com\",\"Tel: +44 (0)2075407117\"]","timestamp":"2025-07-25T16:03:35.493Z"}
{"level":"warn","message":"Skipping invalid key in record: ","timestamp":"2025-07-25T16:03:35.493Z"}
{"level":"warn","message":"Skipping invalid key in record: ","timestamp":"2025-07-25T16:03:35.493Z"}
{"level":"warn","message":"Invalid contact format (non-string) for record with PIP number EMEA-002961-PIP01-21-M02: [\"Celltrion Healthcare Hungary Kft.\",\"Email: regulatory_eu@celltrion.com\",\"Tel. +82 328505913\"]","timestamp":"2025-07-25T16:03:35.493Z"}
{"level":"warn","message":"Skipping invalid key in record: ","timestamp":"2025-07-25T16:03:35.493Z"}
{"level":"warn","message":"Invalid contact format (non-string) for record with PIP number EMEA-002899-PIP01-20-M02: [\"GlaxoSmithKline Trading Services Ltd\",\"Tel. +1 4388998201\",\"E-mail: eu.paediatric-plans@gsk.com\"]","timestamp":"2025-07-25T16:03:35.494Z"}
{"level":"warn","message":"Skipping invalid key in record: ","timestamp":"2025-07-25T16:03:35.494Z"}
{"level":"warn","message":"Invalid contact format (non-string) for record with PIP number EMEA-002735-PIP03-20-M02: [\"Dr. Franz Köhler Chemie GmbH\",\"E-mail: C-Npaediatric@koehler-chemie.de\",\"Tel: +49 62511083332\"]","timestamp":"2025-07-25T16:03:35.494Z"}
{"level":"warn","message":"Skipping invalid key in record: ","timestamp":"2025-07-25T16:03:35.494Z"}
{"level":"warn","message":"Invalid contact format (non-string) for record with PIP number EMEA-002735-PIP01-19-M01: [\"Dr. Franz Köhler Chemie GmbH\",\"E-mail: C-Npaediatric@koehler-chemie.de\",\"Tel: +49 62511083332\"]","timestamp":"2025-07-25T16:03:35.494Z"}
{"level":"warn","message":"Skipping invalid key in record: ","timestamp":"2025-07-25T16:03:35.494Z"}
{"level":"warn","message":"Skipping invalid key in record: ","timestamp":"2025-07-25T16:03:35.495Z"}
{"level":"warn","message":"Invalid contact format (non-string) for record with PIP number EMEA-001766-PIP01-15-M05: [\"Gilead Sciences International Ltd.\",\"Tel. +44 (0)1223 897 300\",\"E-mail: regulatory.pip@gilead.com\"]","timestamp":"2025-07-25T16:03:35.495Z"}
{"level":"warn","message":"Skipping invalid key in record: ","timestamp":"2025-07-25T16:03:35.495Z"}
{"level":"warn","message":"Skipping invalid key in record: ","timestamp":"2025-07-25T16:03:35.495Z"}
{"level":"warn","message":"Skipping invalid key in record: ","timestamp":"2025-07-25T16:03:35.495Z"}
{"level":"warn","message":"Skipping invalid key in record: ","timestamp":"2025-07-25T16:03:35.495Z"}
{"level":"warn","message":"Skipping invalid key in record: ","timestamp":"2025-07-25T16:03:35.496Z"}
{"level":"warn","message":"Skipping invalid key in record: ","timestamp":"2025-07-25T16:03:35.496Z"}
{"level":"warn","message":"Skipping invalid key in record: ","timestamp":"2025-07-25T16:03:35.496Z"}
{"level":"warn","message":"Invalid contact format (non-string) for record with PIP number EMEA-000347-PIP02-16-M05: [\"Faes Farma S.A.Tel. +34 944818300E-mail: ieguidazu@faes.es\",\"mjarenal@faes.es\"]","timestamp":"2025-07-25T16:03:35.496Z"}
{"level":"warn","message":"Skipping invalid key in record: ","timestamp":"2025-07-25T16:03:35.496Z"}
{"level":"warn","message":"Invalid contact format (non-string) for record with PIP number EMEA-000207-PIP01-08-M08: [\"Ferrer Internacional\",\"S.A.\",\"E-mail: registros@ferrer.comTel.:  +34 935044423\"]","timestamp":"2025-07-25T16:03:35.496Z"}
{"level":"warn","message":"Skipping invalid key in record: ","timestamp":"2025-07-25T16:03:35.496Z"}
{"level":"warn","message":"Invalid contact format (non-string) for record with PIP number EMEA-003001-PIP01-21-M01: [\"Orchard Therapeutics (Netherlands) B.V.\",\"regulatory@orchard-tx.com\",\"Tel. +44 (0) 20 3808 8286\"]","timestamp":"2025-07-25T16:03:35.496Z"}
{"level":"warn","message":"Skipping invalid key in record: ","timestamp":"2025-07-25T16:03:35.497Z"}
{"level":"warn","message":"Invalid contact format (non-string) for record with PIP number EMEA-002935-PIP01-20-M03: [\"Parion Sciences\",\"Inc.\",\"E-mail: clinicaltrials@parion.com\",\"Tel: +1 919 313 1187\"]","timestamp":"2025-07-25T16:03:35.497Z"}
{"level":"warn","message":"Skipping invalid key in record: ","timestamp":"2025-07-25T16:03:35.497Z"}
{"level":"warn","message":"Invalid contact format (non-string) for record with PIP number EMEA-002443-PIP01-18-M02: [\"GlaxoSmithKline Consumer Trading Services Limited\",\"United Kingdom\",\"E-mail: rd.gskch-paediatric-plans@gsk.com\",\"Tel. +44 (0)19 3282 6987\"]","timestamp":"2025-07-25T16:03:35.497Z"}
{"level":"warn","message":"Skipping invalid key in record: ","timestamp":"2025-07-25T16:03:35.497Z"}
{"level":"warn","message":"Skipping invalid key in record: ","timestamp":"2025-07-25T16:03:35.497Z"}
{"level":"warn","message":"Skipping invalid key in record: ","timestamp":"2025-07-25T16:03:35.497Z"}
{"level":"warn","message":"Skipping invalid key in record: ","timestamp":"2025-07-25T16:03:35.497Z"}
{"level":"warn","message":"Invalid contact format (non-string) for record with PIP number EMEA-003373-PIP01-22: [\"Pharmaplot P.C.\",\"E-mail: info@pharmaplot.com\",\"Tel.  +30 2160047700\"]","timestamp":"2025-07-25T16:03:35.497Z"}
{"level":"warn","message":"Skipping invalid key in record: ","timestamp":"2025-07-25T16:03:35.498Z"}
{"level":"warn","message":"Invalid contact format (non-string) for record with PIP number EMEA-003372-PIP01-22: [\"Zakłady Farmaceutyczne Polpharma S.A.\",\"E-mail: regulatory@polpharma.com\",\"Tel.  +48 585631600\"]","timestamp":"2025-07-25T16:03:35.498Z"}
{"level":"warn","message":"Skipping invalid key in record: ","timestamp":"2025-07-25T16:03:35.498Z"}
{"level":"warn","message":"Invalid contact format (non-string) for record with PIP number EMEA-003184-PIP01-22: [\"Bavarian Nordic A/S\",\"Email: info@bavarian-nordic.com\",\"Tel:  +45 61774743\"]","timestamp":"2025-07-25T16:03:35.498Z"}
{"level":"warn","message":"Skipping invalid key in record: ","timestamp":"2025-07-25T16:03:35.498Z"}
{"level":"warn","message":"Invalid contact format (non-string) for record with PIP number EMEA-003080-PIP03-22: [\"InflaRx GmbH\",\"Email: info@inflarx.de\",\"Tel:  +49 894141897800\"]","timestamp":"2025-07-25T16:03:35.498Z"}
{"level":"warn","message":"Skipping invalid key in record: ","timestamp":"2025-07-25T16:03:35.498Z"}
{"level":"warn","message":"Invalid contact format (non-string) for record with PIP number EMEA-002612-PIP02-22: [\"ASK Pharmaceuticals GmbH (ASK)\",\"Email: public-enquiry@asklepionpharm.com\",\"Tel:  +1 4105450494 ext 113\"]","timestamp":"2025-07-25T16:03:35.498Z"}
{"level":"warn","message":"Skipping invalid key in record: ","timestamp":"2025-07-25T16:03:35.498Z"}
{"level":"warn","message":"Invalid contact format (non-string) for record with PIP number EMEA-003079-PIP01-22: [\"AstraZeneca AB\",\"E-mail: paediatrics@astrazeneca.com\",\"Tel. +46 8553 27591\"]","timestamp":"2025-07-25T16:03:35.498Z"}
{"level":"warn","message":"Skipping invalid key in record: ","timestamp":"2025-07-25T16:03:35.498Z"}
{"level":"warn","message":"Invalid contact format (non-string) for record with PIP number EMEA-000032-PIP02-22: [\"GlaxoSmithKline Biologicals Srl\",\"Email: eu.paediatric-plans@gsk.com\",\"Tel: +1 4388998201\"]","timestamp":"2025-07-25T16:03:35.498Z"}
{"level":"warn","message":"Skipping invalid key in record: ","timestamp":"2025-07-25T16:03:35.499Z"}
{"level":"warn","message":"Skipping invalid key in record: ","timestamp":"2025-07-25T16:03:35.499Z"}
{"level":"warn","message":"Invalid contact format (non-string) for record with PIP number EMEA-003364-PIP02-22: [\"Roche Registration GmbH\",\"E-mail: global.eu_regulatory_office@roche.comTel. +49 7624142892\"]","timestamp":"2025-07-25T16:03:35.499Z"}
{"level":"warn","message":"Skipping invalid key in record: ","timestamp":"2025-07-25T16:03:35.499Z"}
{"level":"warn","message":"Invalid contact format (non-string) for record with PIP number EMEA-003339-PIP02-23: [\"Verisfield Single Member S.A.Email: pharmacovigilance@verisfield.gr\",\"economou@verisfield.gr Tel: +30 2107475196&nbsp\"]","timestamp":"2025-07-25T16:03:35.499Z"}
{"level":"warn","message":"Skipping invalid key in record: ","timestamp":"2025-07-25T16:03:35.499Z"}
{"level":"warn","message":"Skipping invalid key in record: ","timestamp":"2025-07-25T16:03:35.499Z"}
{"level":"warn","message":"Invalid contact format (non-string) for record with PIP number EMEA-003251-PIP01-22: [\"Janssen-Cilag International NV\",\"E-mail: contact@janssen-emea.com\",\"Tel.: +32 14602111\"]","timestamp":"2025-07-25T16:03:35.499Z"}
{"level":"warn","message":"Skipping invalid key in record: ","timestamp":"2025-07-25T16:03:35.499Z"}
{"level":"warn","message":"Skipping invalid key in record: ","timestamp":"2025-07-25T16:03:35.500Z"}
{"level":"warn","message":"Invalid contact format (non-string) for record with PIP number EMEA-001231-PIP02-13-M10: [\"Otsuka Pharmaceutical Netherlands B.V.\",\"paediatrics-info@otsuka-europe.com\",\"+49 69955044321\"]","timestamp":"2025-07-25T16:03:35.500Z"}
{"level":"warn","message":"Skipping invalid key in record: ","timestamp":"2025-07-25T16:03:35.500Z"}
{"level":"warn","message":"Invalid contact format (non-string) for record with PIP number EMEA-001523-PIP04-19-M02: [\"Janssen-Cilag International N.V.\",\"Tel. +32 14602111\",\"E-mail: contact@Janssen-emea.com\"]","timestamp":"2025-07-25T16:03:35.500Z"}
{"level":"warn","message":"Skipping invalid key in record: ","timestamp":"2025-07-25T16:03:35.500Z"}
{"level":"warn","message":"Skipping invalid key in record: ","timestamp":"2025-07-25T16:03:35.501Z"}
{"level":"warn","message":"Invalid contact format (non-string) for record with PIP number EMEA-001238-PIP03-21-M01: [\"PTC Therapeutics International Limited\",\"Tel. +353 19068700\",\"E-mail: medinfo@ptcbio.com\"]","timestamp":"2025-07-25T16:03:35.501Z"}
{"level":"warn","message":"Skipping invalid key in record: ","timestamp":"2025-07-25T16:03:35.501Z"}
{"level":"warn","message":"Invalid contact format (non-string) for record with PIP number EMEA-001214-PIP09-21-M01: [\"AstraZeneca AB\",\"E-mail: paediatrics@astrazeneca.com\",\"Tel.  +46 855326000\"]","timestamp":"2025-07-25T16:03:35.501Z"}
{"level":"info","message":"CSV Headers: Decision number,PIP number,Active substance,Invented name,Therapeutic area,Pharmaceutical forms,Condition / indication,Routes of administration,Decision type,Decision date,Compliance outcome,Compliance opinion date,Compliance procedure number,Contact for public enquiries,First published date,Last updated date,PIP URL,","timestamp":"2025-07-25T16:03:35.510Z"}
{"level":"warn","message":"Skipping invalid key in record: ","timestamp":"2025-07-25T16:03:35.510Z"}
{"level":"warn","message":"Invalid contact format (non-string) for record with PIP number EMEA-001194-PIP01-11-M06: [\"Amicus Therapeutics Europe Limited\",\"E-mail: IR@amicusrx.com\",\"Tel: +1 6096623809\"]","timestamp":"2025-07-25T16:03:35.510Z"}
{"level":"warn","message":"Skipping invalid key in record: ","timestamp":"2025-07-25T16:03:35.510Z"}
{"level":"warn","message":"Invalid contact format (non-string) for record with PIP number EMEA-001075-PIP04-15-M06: [\"UCB Pharma S.A.\",\"E-mail: UCBCares.UK@ucb.comTel: +44 (0)1753777100\"]","timestamp":"2025-07-25T16:03:35.511Z"}
{"level":"warn","message":"Skipping invalid key in record: ","timestamp":"2025-07-25T16:03:35.511Z"}
{"level":"warn","message":"Invalid contact format (non-string) for record with PIP number EMEA-000353-PIP02-16-M03: [\"Takeda Pharmaceuticals International AG Ireland Branch\",\"E-mail: medinfoemea@takeda.com\",\"Tel: +44 (0) 3333 000181\"]","timestamp":"2025-07-25T16:03:35.511Z"}
{"level":"warn","message":"Skipping invalid key in record: ","timestamp":"2025-07-25T16:03:35.511Z"}
{"level":"warn","message":"Invalid contact format (non-string) for record with PIP number EMEA-000145-PIP02-12-M05: [\"Amgen Europe B.V.\",\"E-mail: medinfointernational@amgen.com\",\"Tel. +44 (0)1223 420305\"]","timestamp":"2025-07-25T16:03:35.511Z"}
{"level":"warn","message":"Skipping invalid key in record: ","timestamp":"2025-07-25T16:03:35.511Z"}
{"level":"warn","message":"Invalid contact format (non-string) for record with PIP number EMEA-003371-PIP01-22: [\"Relay Therapeutics Inc.\",\"E-mail: info@relaytx.com\",\"Tel.  +1 (617)3708837\"]","timestamp":"2025-07-25T16:03:35.511Z"}
{"level":"warn","message":"Skipping invalid key in record: ","timestamp":"2025-07-25T16:03:35.511Z"}
{"level":"warn","message":"Invalid contact format (non-string) for record with PIP number EMEA-000876-PIP03-14-M06: [\"Alexion Europe SAS\",\"E-mail: pip.enquiries.eu@alexion.com\",\"Tel. +33 147103621\"]","timestamp":"2025-07-25T16:03:35.511Z"}
{"level":"warn","message":"Skipping invalid key in record: ","timestamp":"2025-07-25T16:03:35.511Z"}
{"level":"warn","message":"Skipping invalid key in record: ","timestamp":"2025-07-25T16:03:35.511Z"}
{"level":"warn","message":"Invalid contact format (non-string) for record with PIP number EMEA-003024-PIP01-21: [\"Ionis Pharmaceuticals\",\"Email: globalregulatoryaffairs@ionisph.com\",\"Tel. 7606032302\"]","timestamp":"2025-07-25T16:03:35.512Z"}
{"level":"warn","message":"Skipping invalid key in record: ","timestamp":"2025-07-25T16:03:35.512Z"}
{"level":"warn","message":"Invalid contact format (non-string) for record with PIP number EMEA-002559-PIP07-22: [\"Janssen-Cilag International NV\",\"Tel. +32 1460 2111\",\"E-mail: contact@janssen-emea.com\"]","timestamp":"2025-07-25T16:03:35.512Z"}
{"level":"warn","message":"Skipping invalid key in record: ","timestamp":"2025-07-25T16:03:35.512Z"}
{"level":"warn","message":"Skipping invalid key in record: ","timestamp":"2025-07-25T16:03:35.512Z"}
{"level":"warn","message":"Invalid contact format (non-string) for record with PIP number EMEA-002427-PIP01-18-M02: [\"BioMarin International Limited\",\"Tel. +44 (0)20 7420 0800\",\"E-mail: biomarin-europe@bmrn.com\"]","timestamp":"2025-07-25T16:03:35.512Z"}
{"level":"warn","message":"Skipping invalid key in record: ","timestamp":"2025-07-25T16:03:35.512Z"}
{"level":"warn","message":"Invalid contact format (non-string) for record with PIP number EMEA-002233-PIP01-17-M02: [\"Zealand Pharma A/S\",\"E-mail: info@zealandpharma.com\",\"Tel: + 45 50603821\"]","timestamp":"2025-07-25T16:03:35.512Z"}
{"level":"warn","message":"Skipping invalid key in record: ","timestamp":"2025-07-25T16:03:35.512Z"}
{"level":"warn","message":"Invalid contact format (non-string) for record with PIP number EMEA-002166-PIP01-17-M07: [\"Eli Lilly & Company Limited\",\"E-mail: eu_paediatric@lilly.com\",\"Tel. +44 (0)1276 483000\"]","timestamp":"2025-07-25T16:03:35.512Z"}
{"level":"warn","message":"Skipping invalid key in record: ","timestamp":"2025-07-25T16:03:35.513Z"}
{"level":"warn","message":"Invalid contact format (non-string) for record with PIP number EMEA-001679-PIP01-14-M03: [\"Gilead Sciences International Ltd\",\"United Kingdom\",\"Tel. +44 (0)1223 897300\",\"Fax +44 (0)1223 897284\",\"E-mail: regulatory.pip@gilead.com\"]","timestamp":"2025-07-25T16:03:35.513Z"}
{"level":"warn","message":"Skipping invalid key in record: ","timestamp":"2025-07-25T16:03:35.513Z"}
{"level":"warn","message":"Invalid contact format (non-string) for record with PIP number EMEA-003273-PIP02-22: [\"GlaxoSmithKline Trading Services Limited\",\"email: eu.paediatric-plans@gsk.com\",\"tel: +1 4388998201\"]","timestamp":"2025-07-25T16:03:35.513Z"}
{"level":"warn","message":"Skipping invalid key in record: ","timestamp":"2025-07-25T16:03:35.513Z"}
{"level":"warn","message":"Skipping invalid key in record: ","timestamp":"2025-07-25T16:03:35.513Z"}
{"level":"warn","message":"Skipping invalid key in record: ","timestamp":"2025-07-25T16:03:35.513Z"}
{"level":"warn","message":"Skipping invalid key in record: ","timestamp":"2025-07-25T16:03:35.514Z"}
{"level":"warn","message":"Skipping invalid key in record: ","timestamp":"2025-07-25T16:03:35.514Z"}
{"level":"warn","message":"Invalid contact format (non-string) for record with PIP number EMEA-002693-PIP01-19: [\"Janssen-Cilag International NV\",\"Tel. +32 1460 2111\",\"E-mail: contact@janssen-emea.com\"]","timestamp":"2025-07-25T16:03:35.514Z"}
{"level":"warn","message":"Skipping invalid key in record: ","timestamp":"2025-07-25T16:03:35.514Z"}
{"level":"warn","message":"Skipping invalid key in record: ","timestamp":"2025-07-25T16:03:35.514Z"}
{"level":"warn","message":"Skipping invalid key in record: ","timestamp":"2025-07-25T16:03:35.515Z"}
{"level":"warn","message":"Skipping invalid key in record: ","timestamp":"2025-07-25T16:03:35.515Z"}
{"level":"warn","message":"Skipping invalid key in record: ","timestamp":"2025-07-25T16:03:35.515Z"}
{"level":"warn","message":"Skipping invalid key in record: ","timestamp":"2025-07-25T16:03:35.515Z"}
{"level":"warn","message":"Invalid contact format (non-string) for record with PIP number EMEA-002079-PIP01-16-M03: [\"Alnylam UK Limited\",\"Tel. +1  8663300326\",\"E-mail: clinicaltrials@alnylam.com\"]","timestamp":"2025-07-25T16:03:35.515Z"}
{"level":"warn","message":"Skipping invalid key in record: ","timestamp":"2025-07-25T16:03:35.515Z"}
{"level":"warn","message":"Invalid contact format (non-string) for record with PIP number EMEA-000334-PIP01-08-M11: [\"Medical Developments UK Ltd\",\"Email: regulatory@medicaldev.com\",\"Tel. + 61 395471888\"]","timestamp":"2025-07-25T16:03:35.515Z"}
{"level":"warn","message":"Skipping invalid key in record: ","timestamp":"2025-07-25T16:03:35.515Z"}
{"level":"warn","message":"Invalid contact format (non-string) for record with PIP number EMEA-003238-PIP01-22: [\"Regeneron Ireland DAC\",\"E-mail: clinicaltrials@regeneron.com\"]","timestamp":"2025-07-25T16:03:35.515Z"}
{"level":"warn","message":"Skipping invalid key in record: ","timestamp":"2025-07-25T16:03:35.516Z"}
{"level":"warn","message":"Skipping invalid key in record: ","timestamp":"2025-07-25T16:03:35.516Z"}
{"level":"warn","message":"Invalid contact format (non-string) for record with PIP number EMEA-003317-PIP02-22: [\"GlaxoSmithKline Biologicals SA\",\"E-mail: eu.paediatric-plans@gsk.com\",\"Tel:  +1 4388998201\"]","timestamp":"2025-07-25T16:03:35.516Z"}
{"level":"warn","message":"Skipping invalid key in record: ","timestamp":"2025-07-25T16:03:35.516Z"}
{"level":"warn","message":"Invalid contact format (non-string) for record with PIP number EMEA-003032-PIP01-21-M01: [\"Lumos Pharma\",\"Inc.\",\"Email: medicalinformation@lumos-pharma.com\",\"Tel: 512 3879872\"]","timestamp":"2025-07-25T16:03:35.516Z"}
{"level":"warn","message":"Skipping invalid key in record: ","timestamp":"2025-07-25T16:03:35.516Z"}
{"level":"warn","message":"Invalid contact format (non-string) for record with PIP number EMEA-001744-PIP01-14-M02: [\"Adienne S.r.l. S.U.\",\"Italy\",\"Tel. +39 0240 700445\",\"Fax +39 0295 745179\",\"E-mail: adienne@adienne.com\"]","timestamp":"2025-07-25T16:03:35.516Z"}
{"level":"warn","message":"Skipping invalid key in record: ","timestamp":"2025-07-25T16:03:35.517Z"}
{"level":"warn","message":"Invalid contact format (non-string) for record with PIP number EMEA-001429-PIP01-13-M07: [\"Pfizer Europe MA EEIG\",\"Tel. +44 (0)1304 646 607\",\"E-mail: pip_enquiries@pfizer.com\"]","timestamp":"2025-07-25T16:03:35.517Z"}
{"level":"warn","message":"Skipping invalid key in record: ","timestamp":"2025-07-25T16:03:35.517Z"}
{"level":"warn","message":"Invalid contact format (non-string) for record with PIP number EMEA-001332-PIP01-12-M06: [\"Estetra SPRL\",\"Tel. +32 (0)4 349 28 22\",\"Email: estetra.regulatory@mithra.com\"]","timestamp":"2025-07-25T16:03:35.517Z"}
{"level":"warn","message":"Skipping invalid key in record: ","timestamp":"2025-07-25T16:03:35.517Z"}
{"level":"warn","message":"Invalid contact format (non-string) for record with PIP number EMEA-003171-PIP01-21: [\"Autolus GmbH\",\"Email: clinicaltrials@autolus.comTel. +44 2039114385\"]","timestamp":"2025-07-25T16:03:35.517Z"}
{"level":"warn","message":"Skipping invalid key in record: ","timestamp":"2025-07-25T16:03:35.517Z"}
{"level":"warn","message":"Invalid contact format (non-string) for record with PIP number EMEA-003218-PIP01-22: [\"Alnylam Netherlands BV\",\"E-mail: clinicaltrials@alnylam.com\",\"Tel. +1 8663 300326\"]","timestamp":"2025-07-25T16:03:35.517Z"}
{"level":"warn","message":"Skipping invalid key in record: ","timestamp":"2025-07-25T16:03:35.517Z"}
{"level":"warn","message":"Invalid contact format (non-string) for record with PIP number EMEA-003237-PIP01-22: [\"Regeneron Ireland DAC\",\"Tel. +1 9148 475385\",\"E-mail: clinicaltrials@regeneron.com\"]","timestamp":"2025-07-25T16:03:35.517Z"}
{"level":"warn","message":"Skipping invalid key in record: ","timestamp":"2025-07-25T16:03:35.517Z"}
{"level":"warn","message":"Invalid contact format (non-string) for record with PIP number EMEA-001371-PIP03-22: [\"CSL Behring GmbH\",\"Tel. 41 313445118E-mail: PIP-CSLBehring@cslbehring.com\",\"&nbsp\"]","timestamp":"2025-07-25T16:03:35.517Z"}
{"level":"warn","message":"Skipping invalid key in record: ","timestamp":"2025-07-25T16:03:35.517Z"}
{"level":"warn","message":"Skipping invalid key in record: ","timestamp":"2025-07-25T16:03:35.517Z"}
{"level":"warn","message":"Invalid contact format (non-string) for record with PIP number EMEA-002690-PIP02-22: [\"Amgen Europe B.V\",\"United Kingdom\",\"pipenquiry@amgen.com\",\"+ 44 1223420305\",\"+ 44 1223426814\"]","timestamp":"2025-07-25T16:03:35.517Z"}
{"level":"warn","message":"Skipping invalid key in record: ","timestamp":"2025-07-25T16:03:35.517Z"}
{"level":"warn","message":"Skipping invalid key in record: ","timestamp":"2025-07-25T16:03:35.519Z"}
{"level":"warn","message":"Skipping invalid key in record: ","timestamp":"2025-07-25T16:03:35.519Z"}
{"level":"warn","message":"Skipping invalid key in record: ","timestamp":"2025-07-25T16:03:35.519Z"}
{"level":"info","message":"CSV Headers: Decision number,PIP number,Active substance,Invented name,Therapeutic area,Pharmaceutical forms,Condition / indication,Routes of administration,Decision type,Decision date,Compliance outcome,Compliance opinion date,Compliance procedure number,Contact for public enquiries,First published date,Last updated date,PIP URL,","timestamp":"2025-07-25T16:03:35.529Z"}
{"level":"warn","message":"Skipping invalid key in record: ","timestamp":"2025-07-25T16:03:35.530Z"}
{"level":"warn","message":"Skipping invalid key in record: ","timestamp":"2025-07-25T16:03:35.530Z"}
{"level":"warn","message":"Invalid contact format (non-string) for record with PIP number EMEA-002839-PIP01-20-M01: [\"Cyclo Therapeutics Inc.\",\"Tel.:  +1 6178387851E-mail: info@cyclotherapeutics.com\",\"&nbsp\"]","timestamp":"2025-07-25T16:03:35.530Z"}
{"level":"warn","message":"Skipping invalid key in record: ","timestamp":"2025-07-25T16:03:35.530Z"}
{"level":"warn","message":"Invalid contact format (non-string) for record with PIP number EMEA-001312-PIP02-19: [\"CSL Behring GmbH\",\"Tel. 41 313445118E-mail: PIP-CSLBehring@cslbehring.com\",\"&nbsp\"]","timestamp":"2025-07-25T16:03:35.530Z"}
{"level":"warn","message":"Skipping invalid key in record: ","timestamp":"2025-07-25T16:03:35.530Z"}
{"level":"warn","message":"Invalid contact format (non-string) for record with PIP number EMEA-001312-PIP03-19: [\"CSL Behring GmbH\",\"Tel. 41 313445118E-mail: PIP-CSLBehring@cslbehring.com\",\"&nbsp\"]","timestamp":"2025-07-25T16:03:35.530Z"}
{"level":"warn","message":"Skipping invalid key in record: ","timestamp":"2025-07-25T16:03:35.530Z"}
{"level":"warn","message":"Invalid contact format (non-string) for record with PIP number EMEA-002298-PIP01-17-M05: [\"Ultragenyx Germany GmbH\",\"E-mail: medinfo@ultragenyx.com\",\"Tel. : +4930590083651\"]","timestamp":"2025-07-25T16:03:35.531Z"}
{"level":"warn","message":"Skipping invalid key in record: ","timestamp":"2025-07-25T16:03:35.531Z"}
{"level":"warn","message":"Invalid contact format (non-string) for record with PIP number EMEA-003341-PIP01-22: [\"GlaxoSmithKline Biologicals SA\",\"E-mail: eu.paediatric-plans@gsk.com\",\"Tel:  +1 4388998201\"]","timestamp":"2025-07-25T16:03:35.531Z"}
{"level":"warn","message":"Skipping invalid key in record: ","timestamp":"2025-07-25T16:03:35.531Z"}
{"level":"warn","message":"Invalid contact format (non-string) for record with PIP number EMEA-003342-PIP01-22: [\"Merck Europe B.V.\",\"Tel.: +49 6151725200\",\"E-mail: service@merckgroup.com\"]","timestamp":"2025-07-25T16:03:35.531Z"}
{"level":"warn","message":"Skipping invalid key in record: ","timestamp":"2025-07-25T16:03:35.531Z"}
{"level":"warn","message":"Skipping invalid key in record: ","timestamp":"2025-07-25T16:03:35.531Z"}
{"level":"warn","message":"Invalid contact format (non-string) for record with PIP number EMEA-003334-PIP01-22: [\"E-mail: eu.paediatric-plans@gsk.comTelephone: +1 (514)2100409\",\"(908)5892480\"]","timestamp":"2025-07-25T16:03:35.531Z"}
{"level":"warn","message":"Skipping invalid key in record: ","timestamp":"2025-07-25T16:03:35.531Z"}
{"level":"warn","message":"Invalid contact format (non-string) for record with PIP number EMEA-002024-PIP02-22: [\"Adamed Pharma S.A.\",\"E-mail: adamed@adamed.com\",\"Tel: +48 227327700\"]","timestamp":"2025-07-25T16:03:35.531Z"}
{"level":"warn","message":"Skipping invalid key in record: ","timestamp":"2025-07-25T16:03:35.532Z"}
{"level":"warn","message":"Invalid contact format (non-string) for record with PIP number EMEA-003051-PIP05-22: [\"GlaxoSmithKline Trading Services Limited\",\"Tel. +1 4388998201\",\"E-mail: eu.paediatric-plans@gsk.com\"]","timestamp":"2025-07-25T16:03:35.532Z"}
{"level":"warn","message":"Skipping invalid key in record: ","timestamp":"2025-07-25T16:03:35.532Z"}
{"level":"warn","message":"Invalid contact format (non-string) for record with PIP number EMEA-001757-PIP02-15-M03: [\"Bayer AG\",\"E-mail: pediatrics.medical-affairs-europe@bayer.com\",\"Tel. +49 3046815333\"]","timestamp":"2025-07-25T16:03:35.532Z"}
{"level":"warn","message":"Skipping invalid key in record: ","timestamp":"2025-07-25T16:03:35.532Z"}
{"level":"warn","message":"Invalid contact format (non-string) for record with PIP number EMEA-002058-PIP01-16-M01: [\"Kronos Bio Inc.\",\"email: info@kronosbio.com\",\"tel: +1 (650)7815200\"]","timestamp":"2025-07-25T16:03:35.532Z"}
{"level":"warn","message":"Skipping invalid key in record: ","timestamp":"2025-07-25T16:03:35.532Z"}
{"level":"warn","message":"Skipping invalid key in record: ","timestamp":"2025-07-25T16:03:35.532Z"}
{"level":"warn","message":"Invalid contact format (non-string) for record with PIP number EMEA-001352-PIP01-12-M01: [\"EffRx Pharmaceuticals SA\",\"Switzerland\",\"Tel. +41 791268584\",\"E-mail: adowling@effrx.com\"]","timestamp":"2025-07-25T16:03:35.532Z"}
{"level":"warn","message":"Skipping invalid key in record: ","timestamp":"2025-07-25T16:03:35.532Z"}
{"level":"warn","message":"Invalid contact format (non-string) for record with PIP number EMEA-001656-PIP01-14: [\"GlaxoSmithKline Trading Services Limited\",\"Tel. +1 438-899-8201\",\"E-mail: eu.paediatric-plans@gsk.com\"]","timestamp":"2025-07-25T16:03:35.533Z"}
{"level":"warn","message":"Skipping invalid key in record: ","timestamp":"2025-07-25T16:03:35.533Z"}
{"level":"warn","message":"Skipping invalid key in record: ","timestamp":"2025-07-25T16:03:35.533Z"}
{"level":"warn","message":"Skipping invalid key in record: ","timestamp":"2025-07-25T16:03:35.533Z"}
{"level":"warn","message":"Invalid contact format (non-string) for record with PIP number EMEA-001079-PIP01-10-M06: [\"Kedrion S.p.A.\",\"E-mail: info@kedrion.com\",\"Tel. +30 0583 1969697\"]","timestamp":"2025-07-25T16:03:35.533Z"}
{"level":"warn","message":"Skipping invalid key in record: ","timestamp":"2025-07-25T16:03:35.533Z"}
{"level":"warn","message":"Invalid contact format (non-string) for record with PIP number EMEA-002709-PIP01-19-M01: [\"Roche Registration GmbH\",\"E-mail: global.eu_regulatory_office@roche.comTel. +49 7624142892\"]","timestamp":"2025-07-25T16:03:35.533Z"}
{"level":"warn","message":"Skipping invalid key in record: ","timestamp":"2025-07-25T16:03:35.534Z"}
{"level":"warn","message":"Invalid contact format (non-string) for record with PIP number EMEA-002240-PIP02-17-M02: [\"Allecra Therapeutics GmbH\",\"E-mail: oml@allecra.com\",\"Tel. +49 7621 5104915\"]","timestamp":"2025-07-25T16:03:35.534Z"}
{"level":"warn","message":"Skipping invalid key in record: ","timestamp":"2025-07-25T16:03:35.534Z"}
{"level":"warn","message":"Invalid contact format (non-string) for record with PIP number EMEA-002320-PIP01-17-M03: [\"Sedana Medical AB\",\"regulatoryaffairs@sedanamedical.com\",\"+46 707710364\"]","timestamp":"2025-07-25T16:03:35.534Z"}
{"level":"warn","message":"Skipping invalid key in record: ","timestamp":"2025-07-25T16:03:35.534Z"}
{"level":"warn","message":"Invalid contact format (non-string) for record with PIP number EMEA-001864-PIP03-19-M01: [\"Takeda Pharmaceuticals International AG Ireland Branch\",\"E-mail: medinfoemea@takeda.com\",\"Tel: +44 (0) 3333 000181\"]","timestamp":"2025-07-25T16:03:35.534Z"}
{"level":"warn","message":"Skipping invalid key in record: ","timestamp":"2025-07-25T16:03:35.535Z"}
{"level":"warn","message":"Skipping invalid key in record: ","timestamp":"2025-07-25T16:03:35.535Z"}
{"level":"warn","message":"Invalid contact format (non-string) for record with PIP number EMEA-003207-PIP01-22: [\"Regeneron Ireland DAC\",\"E-mail: clinicaltrials@regeneron.com\"]","timestamp":"2025-07-25T16:03:35.535Z"}
{"level":"warn","message":"Skipping invalid key in record: ","timestamp":"2025-07-25T16:03:35.535Z"}
{"level":"warn","message":"Invalid contact format (non-string) for record with PIP number EMEA-003177-PIP01-21: [\"Ionis Pharmaceuticals\",\"Inc\",\"E-mail: clinicaltrials@ionisph.com\",\"Tel.  +1 4423393268\",\"&nbsp\"]","timestamp":"2025-07-25T16:03:35.535Z"}
{"level":"warn","message":"Skipping invalid key in record: ","timestamp":"2025-07-25T16:03:35.535Z"}
{"level":"warn","message":"Invalid contact format (non-string) for record with PIP number EMEA-002383-PIP01-18-M03: [\"Dr. August Wolff GmbH & Co. KG - Arzneimittel\",\"Email: AW-Info@drwolffgroup.com\",\"Tel. +49 521880805\"]","timestamp":"2025-07-25T16:03:35.535Z"}
{"level":"warn","message":"Skipping invalid key in record: ","timestamp":"2025-07-25T16:03:35.536Z"}
{"level":"warn","message":"Invalid contact format (non-string) for record with PIP number EMEA-002283-PIP01-17-M04: [\"Pfizer Europe MA EEIG\",\"Tel. +44 (0)1304 646 607\",\"E-mail: pip_enquiries@pfizer.com\"]","timestamp":"2025-07-25T16:03:35.536Z"}
{"level":"warn","message":"Skipping invalid key in record: ","timestamp":"2025-07-25T16:03:35.536Z"}
{"level":"warn","message":"Invalid contact format (non-string) for record with PIP number EMEA-003122-PIP01-21-M01: [\"Lek Pharmaceuticals d.d.\",\"Tel.  +41 613241111\",\"E-mail: enquiries.paediatrics@sandoz.com\",\"&nbsp\"]","timestamp":"2025-07-25T16:03:35.536Z"}
{"level":"warn","message":"Skipping invalid key in record: ","timestamp":"2025-07-25T16:03:35.536Z"}
{"level":"warn","message":"Invalid contact format (non-string) for record with PIP number EMEA-003144-PIP01-21: [\"Bayer AG\",\"E-mail: clinical-trials-contact@bayer.com\",\"Tel. +49 30300139003\"]","timestamp":"2025-07-25T16:03:35.536Z"}
{"level":"warn","message":"Skipping invalid key in record: ","timestamp":"2025-07-25T16:03:35.536Z"}
{"level":"warn","message":"Invalid contact format (non-string) for record with PIP number EMEA-003125-PIP02-21: [\"EigerBio Europe Limited\",\"E-mail: info@eigerbio.com\",\"Tel: +1 8778992051\"]","timestamp":"2025-07-25T16:03:35.536Z"}
{"level":"warn","message":"Skipping invalid key in record: ","timestamp":"2025-07-25T16:03:35.536Z"}
{"level":"warn","message":"Invalid contact format (non-string) for record with PIP number EMEA-001142-PIP02-16: [\"Merck Sharp & Dohme (Europe)\",\"Inc.\",\"Tel. +31 412661521\",\"E-mail: pip.information@merck.com\"]","timestamp":"2025-07-25T16:03:35.537Z"}
{"level":"warn","message":"Skipping invalid key in record: ","timestamp":"2025-07-25T16:03:35.537Z"}
{"level":"warn","message":"Invalid contact format (non-string) for record with PIP number EMEA-003077-PIP01-21: [\"Valneva Austria GmbH\",\"E-mail: medinfo@valneva.com\",\"Tel. +43 20620-1124\"]","timestamp":"2025-07-25T16:03:35.537Z"}
{"level":"warn","message":"Skipping invalid key in record: ","timestamp":"2025-07-25T16:03:35.537Z"}
{"level":"warn","message":"Skipping invalid key in record: ","timestamp":"2025-07-25T16:03:35.537Z"}
{"level":"warn","message":"Skipping invalid key in record: ","timestamp":"2025-07-25T16:03:35.537Z"}
{"level":"warn","message":"Skipping invalid key in record: ","timestamp":"2025-07-25T16:03:35.537Z"}
{"level":"warn","message":"Skipping invalid key in record: ","timestamp":"2025-07-25T16:03:35.538Z"}
{"level":"warn","message":"Invalid contact format (non-string) for record with PIP number EMEA-002464-PIP01-18: [\"Eli Lilly & Company Limited\",\"E-mail: eu_paediatric@lilly.com\",\"Tel. +44 (0)1276 483000\"]","timestamp":"2025-07-25T16:03:35.538Z"}
{"level":"warn","message":"Skipping invalid key in record: ","timestamp":"2025-07-25T16:03:35.538Z"}
{"level":"warn","message":"Skipping invalid key in record: ","timestamp":"2025-07-25T16:03:35.538Z"}
{"level":"warn","message":"Invalid contact format (non-string) for record with PIP number EMEA-001150-PIP03-22: [\"AOP Orphan Pharmaceuticals AG\",\"Austria\",\"E-mail: office@aoporphan.com\",\"Tel. +43 15037244\",\"Fax +43 150372445\"]","timestamp":"2025-07-25T16:03:35.538Z"}
{"level":"warn","message":"Skipping invalid key in record: ","timestamp":"2025-07-25T16:03:35.538Z"}
{"level":"warn","message":"Invalid contact format (non-string) for record with PIP number EMEA-003339-PIP01-22: [\"Verisfield Single Member S.A.Email: pharmacovigilance@verisfield.gr\",\"economou@verisfield.gr Tel: +30 2107475196&nbsp\"]","timestamp":"2025-07-25T16:03:35.538Z"}
{"level":"warn","message":"Skipping invalid key in record: ","timestamp":"2025-07-25T16:03:35.539Z"}
{"level":"warn","message":"Invalid contact format (non-string) for record with PIP number EMEA-003084-PIP03-22: [\"Biohaven Pharmaceutical Ireland DAC\",\"Email: medinfo@biohavenpharma.com\",\"Tel. +1 2034040410\"]","timestamp":"2025-07-25T16:03:35.539Z"}
{"level":"warn","message":"Skipping invalid key in record: ","timestamp":"2025-07-25T16:03:35.539Z"}
{"level":"warn","message":"Invalid contact format (non-string) for record with PIP number EMEA-003380-PIP01-22: [\"Midas Pharma GmbH\",\"E-mail: info@midas-pharma.com\",\"Tel. +49 6132 990583\"]","timestamp":"2025-07-25T16:03:35.539Z"}
{"level":"info","message":"CSV Headers: Decision number,PIP number,Active substance,Invented name,Therapeutic area,Pharmaceutical forms,Condition / indication,Routes of administration,Decision type,Decision date,Compliance outcome,Compliance opinion date,Compliance procedure number,Contact for public enquiries,First published date,Last updated date,PIP URL,","timestamp":"2025-07-25T16:03:35.548Z"}
{"level":"warn","message":"Skipping invalid key in record: ","timestamp":"2025-07-25T16:03:35.548Z"}
{"level":"warn","message":"Skipping invalid key in record: ","timestamp":"2025-07-25T16:03:35.548Z"}
{"level":"warn","message":"Invalid contact format (non-string) for record with PIP number EMEA-002840-PIP02-22: [\"Novo Nordisk A/S\",\"E-mail: paediatrics@novonordisk.com\",\"Tel.: +45 44444848\"]","timestamp":"2025-07-25T16:03:35.549Z"}
{"level":"warn","message":"Skipping invalid key in record: ","timestamp":"2025-07-25T16:03:35.549Z"}
{"level":"warn","message":"Invalid contact format (non-string) for record with PIP number EMEA-002798-PIP03-22: [\"Incyte Biosciences Distribution B.V.\",\"E-mail: RA@incyte.com\"]","timestamp":"2025-07-25T16:03:35.549Z"}
{"level":"warn","message":"Skipping invalid key in record: ","timestamp":"2025-07-25T16:03:35.549Z"}
{"level":"warn","message":"Invalid contact format (non-string) for record with PIP number EMEA-002698-PIP03-22: [\"Immutep SAS\",\"E-mail: christian.mueller@immutep.com\",\"Tel.: +49 3088716843\"]","timestamp":"2025-07-25T16:03:35.549Z"}
{"level":"warn","message":"Skipping invalid key in record: ","timestamp":"2025-07-25T16:03:35.549Z"}
{"level":"warn","message":"Invalid contact format (non-string) for record with PIP number EMEA-002698-PIP02-22: [\"Immutep SAS\",\"E-mail: christian.mueller@immutep.com\",\"Tel.: +49 3088716843\"]","timestamp":"2025-07-25T16:03:35.550Z"}
{"level":"warn","message":"Skipping invalid key in record: ","timestamp":"2025-07-25T16:03:35.550Z"}
{"level":"warn","message":"Invalid contact format (non-string) for record with PIP number EMEA-003119-PIP01-21-M01: [\"Biogen Netherlands B.V.\",\"E-mail: pip.enquiries@biogen.com\",\"Tel: +44 (0)1628512586\"]","timestamp":"2025-07-25T16:03:35.550Z"}
{"level":"warn","message":"Skipping invalid key in record: ","timestamp":"2025-07-25T16:03:35.550Z"}
{"level":"warn","message":"Invalid contact format (non-string) for record with PIP number EMEA-001860-PIP03-16-M08: [\"Eli Lilly & Company Limited\",\"E-mail: eu_paediatric@lilly.com\",\"Tel. +44 (0)1276 483000\"]","timestamp":"2025-07-25T16:03:35.550Z"}
{"level":"warn","message":"Skipping invalid key in record: ","timestamp":"2025-07-25T16:03:35.551Z"}
{"level":"warn","message":"Skipping invalid key in record: ","timestamp":"2025-07-25T16:03:35.551Z"}
{"level":"warn","message":"Invalid contact format (non-string) for record with PIP number EMEA-002545-PIP01-19-M01: [\"E-mail: al@benzifoundation.org\",\"rc@benzifoundation.org\",\"Tel: +39 0809026797\"]","timestamp":"2025-07-25T16:03:35.551Z"}
{"level":"warn","message":"Skipping invalid key in record: ","timestamp":"2025-07-25T16:03:35.551Z"}
{"level":"warn","message":"Invalid contact format (non-string) for record with PIP number EMEA-002350-PIP04-21: [\"Bristol-Myers Squibb International Corporation\",\"E-mail: medical.information@bms.com\",\"Tel. +44 1423 533 610\"]","timestamp":"2025-07-25T16:03:35.551Z"}
{"level":"warn","message":"Skipping invalid key in record: ","timestamp":"2025-07-25T16:03:35.551Z"}
{"level":"warn","message":"Skipping invalid key in record: ","timestamp":"2025-07-25T16:03:35.552Z"}
{"level":"warn","message":"Invalid contact format (non-string) for record with PIP number EMEA-003168-PIP01-21: [\"Desitin Arzneimittel GmbH\",\"Germany\",\"E-mail: info@desitin.de\",\"Tel. +49 4059101525\"]","timestamp":"2025-07-25T16:03:35.552Z"}
{"level":"warn","message":"Skipping invalid key in record: ","timestamp":"2025-07-25T16:03:35.552Z"}
{"level":"warn","message":"Invalid contact format (non-string) for record with PIP number EMEA-003165-PIP01-21: [\"Boehringer Ingelheim International GmbH\",\"Tel. +49 6132 778271\",\"Email: Paediatrics@boehringer-ingelheim.com\"]","timestamp":"2025-07-25T16:03:35.552Z"}
{"level":"warn","message":"Skipping invalid key in record: ","timestamp":"2025-07-25T16:03:35.552Z"}
{"level":"warn","message":"Invalid contact format (non-string) for record with PIP number EMEA-003162-PIP01-21: [\"Immunovant Sciences\",\"GmbH\",\"E-mail: regulatoryaffairs@immunovant.com\",\"Tel. +1 3174175110\"]","timestamp":"2025-07-25T16:03:35.552Z"}
{"level":"warn","message":"Skipping invalid key in record: ","timestamp":"2025-07-25T16:03:35.553Z"}
{"level":"warn","message":"Invalid contact format (non-string) for record with PIP number EMEA-003160-PIP01-21: [\"ADC Therapeutics SA\",\"Email: info@adctherapeutics.com\",\"Tel. +41 216530200\"]","timestamp":"2025-07-25T16:03:35.553Z"}
{"level":"warn","message":"Skipping invalid key in record: ","timestamp":"2025-07-25T16:03:35.553Z"}
{"level":"warn","message":"Skipping invalid key in record: ","timestamp":"2025-07-25T16:03:35.553Z"}
{"level":"warn","message":"Skipping invalid key in record: ","timestamp":"2025-07-25T16:03:35.553Z"}
{"level":"warn","message":"Invalid contact format (non-string) for record with PIP number EMEA-001205-PIP02-19-M02: [\"SIGA Technologies\",\"Inc.\",\"E-mail: PLong@siga.com\",\"Tel. +1 5417584823\"]","timestamp":"2025-07-25T16:03:35.553Z"}
{"level":"warn","message":"Skipping invalid key in record: ","timestamp":"2025-07-25T16:03:35.553Z"}
{"level":"warn","message":"Invalid contact format (non-string) for record with PIP number EMEA-001160-PIP01-11-M03: [\"Takeda Pharmaceuticals International AG Ireland Branch\",\"E-mail: medinfoemea@takeda.com\",\"Tel: +44 (0) 3333 000181\"]","timestamp":"2025-07-25T16:03:35.553Z"}
{"level":"warn","message":"Skipping invalid key in record: ","timestamp":"2025-07-25T16:03:35.553Z"}
{"level":"warn","message":"Invalid contact format (non-string) for record with PIP number EMEA-002908-PIP01-20: [\"Nabriva Therapeutics DAC\",\"email: officeUS@nabriva.com\",\"tel: +1 6102091499\"]","timestamp":"2025-07-25T16:03:35.553Z"}
{"level":"warn","message":"Skipping invalid key in record: ","timestamp":"2025-07-25T16:03:35.554Z"}
{"level":"warn","message":"Invalid contact format (non-string) for record with PIP number EMEA-003035-PIP02-21: [\"Ascelia Pharma AB\",\"email: info@ascelia.com\",\"tel:  +46 735179118\"]","timestamp":"2025-07-25T16:03:35.554Z"}
{"level":"warn","message":"Skipping invalid key in record: ","timestamp":"2025-07-25T16:03:35.554Z"}
{"level":"warn","message":"Invalid contact format (non-string) for record with PIP number EMEA-003051-PIP04-22: [\"GlaxoSmithKline Trading Services Limited\",\"email: eu.paediatric-plans@gsk.com\",\"tel: +1 4388998201\"]","timestamp":"2025-07-25T16:03:35.554Z"}
{"level":"warn","message":"Skipping invalid key in record: ","timestamp":"2025-07-25T16:03:35.554Z"}
{"level":"warn","message":"Invalid contact format (non-string) for record with PIP number EMEA-003096-PIP02-22: [\"Aytu BioPharma Inc.\",\"email: info@aytubio.com\",\"tel: +1 (855)2988246\"]","timestamp":"2025-07-25T16:03:35.554Z"}
{"level":"warn","message":"Skipping invalid key in record: ","timestamp":"2025-07-25T16:03:35.554Z"}
{"level":"warn","message":"Skipping invalid key in record: ","timestamp":"2025-07-25T16:03:35.555Z"}
{"level":"warn","message":"Invalid contact format (non-string) for record with PIP number EMEA-003281-PIP01-22: [\"Innate Pharma SA\",\"E-mail: info@innate-pharma.fr\",\"Tel. +33 430303030\"]","timestamp":"2025-07-25T16:03:35.555Z"}
{"level":"warn","message":"Skipping invalid key in record: ","timestamp":"2025-07-25T16:03:35.555Z"}
{"level":"warn","message":"Skipping invalid key in record: ","timestamp":"2025-07-25T16:03:35.555Z"}
{"level":"warn","message":"Invalid contact format (non-string) for record with PIP number EMEA-003275-PIP01-22: [\"Kinevant Sciences GmbH\",\"E-mail: info@kinevant.com\",\"Tel.  +1 6468873895\"]","timestamp":"2025-07-25T16:03:35.555Z"}
{"level":"warn","message":"Skipping invalid key in record: ","timestamp":"2025-07-25T16:03:35.555Z"}
{"level":"warn","message":"Invalid contact format (non-string) for record with PIP number EMEA-003272-PIP01-22: [\"LG Chem\",\"Ltd.\",\"E-mail: jenny.yoon@lgchem.com\",\"Tel.  +82 269874357\"]","timestamp":"2025-07-25T16:03:35.555Z"}
{"level":"warn","message":"Skipping invalid key in record: ","timestamp":"2025-07-25T16:03:35.555Z"}
{"level":"warn","message":"Skipping invalid key in record: ","timestamp":"2025-07-25T16:03:35.556Z"}
{"level":"warn","message":"Skipping invalid key in record: ","timestamp":"2025-07-25T16:03:35.556Z"}
{"level":"warn","message":"Invalid contact format (non-string) for record with PIP number EMEA-002054-PIP03-20-M02: [\"Albireo AB\",\"Tel. +46 31741 14 80\",\"E-mail: info@albireopharma.com\"]","timestamp":"2025-07-25T16:03:35.556Z"}
{"level":"warn","message":"Skipping invalid key in record: ","timestamp":"2025-07-25T16:03:35.556Z"}
{"level":"warn","message":"Invalid contact format (non-string) for record with PIP number EMEA-002075-PIP01-16-M03: [\"Nabriva Therapeutics DAC\",\"email: officeUS@nabriva.com\",\"tel: +1 6102091499\"]","timestamp":"2025-07-25T16:03:35.556Z"}
{"level":"warn","message":"Skipping invalid key in record: ","timestamp":"2025-07-25T16:03:35.556Z"}
{"level":"warn","message":"Invalid contact format (non-string) for record with PIP number EMEA-000912-PIP01-10-M06: [\"Janssen-Cilag International NV\",\"Tel. +32 1460 2111\",\"E-mail: contact@janssen-emea.com\"]","timestamp":"2025-07-25T16:03:35.556Z"}
{"level":"warn","message":"Skipping invalid key in record: ","timestamp":"2025-07-25T16:03:35.557Z"}
{"level":"warn","message":"Invalid contact format (non-string) for record with PIP number EMEA-003219-PIP01-22: [\"Pfizer Europe MA EEIG\",\"Tel. +44 (0)1304 646 607\",\"E-mail: pip_enquiries@pfizer.com\"]","timestamp":"2025-07-25T16:03:35.557Z"}
{"level":"warn","message":"Skipping invalid key in record: ","timestamp":"2025-07-25T16:03:35.557Z"}
{"level":"warn","message":"Invalid contact format (non-string) for record with PIP number EMEA-003204-PIP01-22: [\"Insmed Netherlands B.V.\",\"E-mail: medicalinformation@insmed.com\",\"Tel: +1 8 4444 67633\"]","timestamp":"2025-07-25T16:03:35.557Z"}
{"level":"warn","message":"Skipping invalid key in record: ","timestamp":"2025-07-25T16:03:35.557Z"}
{"level":"warn","message":"Invalid contact format (non-string) for record with PIP number EMEA-002618-PIP03-21: [\"Incyte Biosciences Distribution B.V.\",\"E-mail: globalmedinfo@incyte.com\",\"Tel. +800 0002 7423\"]","timestamp":"2025-07-25T16:03:35.557Z"}
{"level":"warn","message":"Skipping invalid key in record: ","timestamp":"2025-07-25T16:03:35.557Z"}
{"level":"warn","message":"Invalid contact format (non-string) for record with PIP number EMEA-002559-PIP06-22: [\"Janssen Cilag International NV\",\"Tel. +3214602111\",\"E-mail: contact@Janssen-emea.com\"]","timestamp":"2025-07-25T16:03:35.557Z"}
{"level":"warn","message":"Skipping invalid key in record: ","timestamp":"2025-07-25T16:03:35.558Z"}
{"level":"warn","message":"Invalid contact format (non-string) for record with PIP number EMEA-002370-PIP03-22: [\"Incyte Biosciences Distribution B.V.\",\"E-mail: RA@incyte.com\"]","timestamp":"2025-07-25T16:03:35.558Z"}
{"level":"warn","message":"Skipping invalid key in record: ","timestamp":"2025-07-25T16:03:35.558Z"}
{"level":"warn","message":"Invalid contact format (non-string) for record with PIP number EMEA-001441-PIP07-21-M01: [\"Novo Nordisk A/S\",\"E-mail: paediatrics@novonordisk.com\",\"Tel.: +45 44448888\"]","timestamp":"2025-07-25T16:03:35.558Z"}
{"level":"warn","message":"Skipping invalid key in record: ","timestamp":"2025-07-25T16:03:35.558Z"}
{"level":"warn","message":"Skipping invalid key in record: ","timestamp":"2025-07-25T16:03:35.558Z"}
{"level":"warn","message":"Invalid contact format (non-string) for record with PIP number EMEA-003269-PIP01-22: [\"Blueprint Medicines (Netherlands) B.V.\",\"E-mail: medinfo@blueprintmedicines.com\",\"Tel. +31 858880230\"]","timestamp":"2025-07-25T16:03:35.558Z"}
{"level":"warn","message":"Skipping invalid key in record: ","timestamp":"2025-07-25T16:03:35.558Z"}
{"level":"warn","message":"Invalid contact format (non-string) for record with PIP number EMEA-003200-PIP01-22: [\"Biocodex SA\",\"E-mail: reglementaire@biocodex.fr\",\"Tel. +33 141243000\"]","timestamp":"2025-07-25T16:03:35.558Z"}
{"level":"warn","message":"Skipping invalid key in record: ","timestamp":"2025-07-25T16:03:35.559Z"}
{"level":"warn","message":"Invalid contact format (non-string) for record with PIP number EMEA-002881-PIP01-20-M01: [\"CRISPR Therapeutics AG\",\"Email: info@crisprtx.com\",\"Tel. +1 6173154600\"]","timestamp":"2025-07-25T16:03:35.559Z"}
{"level":"warn","message":"Skipping invalid key in record: ","timestamp":"2025-07-25T16:03:35.559Z"}
{"level":"info","message":"CSV Headers: Decision number,PIP number,Active substance,Invented name,Therapeutic area,Pharmaceutical forms,Condition / indication,Routes of administration,Decision type,Decision date,Compliance outcome,Compliance opinion date,Compliance procedure number,Contact for public enquiries,First published date,Last updated date,PIP URL,","timestamp":"2025-07-25T16:03:35.567Z"}
{"level":"warn","message":"Skipping invalid key in record: ","timestamp":"2025-07-25T16:03:35.568Z"}
{"level":"warn","message":"Skipping invalid key in record: ","timestamp":"2025-07-25T16:03:35.568Z"}
{"level":"warn","message":"Invalid contact format (non-string) for record with PIP number EMEA-002730-PIP04-21-M01: [\"Vertex Pharmaceuticals (Ireland) Limited\",\"E-mail: vertexmedicalinfo@vrtx.com\",\"Tel: +353 17617299\"]","timestamp":"2025-07-25T16:03:35.568Z"}
{"level":"warn","message":"Skipping invalid key in record: ","timestamp":"2025-07-25T16:03:35.568Z"}
{"level":"warn","message":"Invalid contact format (non-string) for record with PIP number EMEA-002726-PIP01-19-M03: [\"CSL Behring GmbH\",\"E-mail: PIP.CSLBehring@cslbehring.com\",\"Tel.:  +41 (0)794670392\"]","timestamp":"2025-07-25T16:03:35.568Z"}
{"level":"warn","message":"Skipping invalid key in record: ","timestamp":"2025-07-25T16:03:35.569Z"}
{"level":"warn","message":"Invalid contact format (non-string) for record with PIP number EMEA-003337-PIP01-22: [\"Verisfield Single Member S.A.Email: pharmacovigilance@verisfield.gr\",\"economou@verisfield.gr Tel: +30 2107475196&nbsp\"]","timestamp":"2025-07-25T16:03:35.569Z"}
{"level":"warn","message":"Skipping invalid key in record: ","timestamp":"2025-07-25T16:03:35.569Z"}
{"level":"warn","message":"Invalid contact format (non-string) for record with PIP number EMEA-003311-PIP01-22: [\"IBSS Biomed S.A.\",\"E-mail: katarzyna.forys@biomed.pl\",\"Tel: +48 123769306\"]","timestamp":"2025-07-25T16:03:35.569Z"}
{"level":"warn","message":"Skipping invalid key in record: ","timestamp":"2025-07-25T16:03:35.569Z"}
{"level":"warn","message":"Invalid contact format (non-string) for record with PIP number EMEA-003310-PIP01-22: [\"Calliditas Therapeutics France SAS\",\"E-mail: info@calliditas.com\",\"Tel: +46 84113005\"]","timestamp":"2025-07-25T16:03:35.569Z"}
{"level":"warn","message":"Skipping invalid key in record: ","timestamp":"2025-07-25T16:03:35.570Z"}
{"level":"warn","message":"Invalid contact format (non-string) for record with PIP number EMEA-003308-PIP01-22: [\"Alfred E. Tiefenbacher (GmbH & Co. KG)\",\"Tel. +49 404418090\",\"E-mail: regaffairs@aet.eu\"]","timestamp":"2025-07-25T16:03:35.570Z"}
{"level":"warn","message":"Skipping invalid key in record: ","timestamp":"2025-07-25T16:03:35.570Z"}
{"level":"warn","message":"Skipping invalid key in record: ","timestamp":"2025-07-25T16:03:35.570Z"}
{"level":"warn","message":"Invalid contact format (non-string) for record with PIP number EMEA-003292-PIP02-22: [\"Verisfield Single Member S.A.Email: pharmacovigilance@verisfield.gr\",\"economou@verisfield.gr Tel: +30 2107475196&nbsp\"]","timestamp":"2025-07-25T16:03:35.570Z"}
{"level":"warn","message":"Skipping invalid key in record: ","timestamp":"2025-07-25T16:03:35.570Z"}
{"level":"warn","message":"Invalid contact format (non-string) for record with PIP number EMEA-002232-PIP02-19-M02: [\"Alexion Europe SAS\",\"E-mail: pip.enquiries.eu@alexion.com\",\"Tel. +33 147103621\"]","timestamp":"2025-07-25T16:03:35.570Z"}
{"level":"warn","message":"Skipping invalid key in record: ","timestamp":"2025-07-25T16:03:35.570Z"}
{"level":"warn","message":"Invalid contact format (non-string) for record with PIP number EMEA-001452-PIP01-13-M04: [\"GlaxoSmithKline Trading Services Limited\",\"Tel. +1 438-899-8201\",\"E-mail: eu.paediatric-plans@gsk.com\"]","timestamp":"2025-07-25T16:03:35.570Z"}
{"level":"warn","message":"Skipping invalid key in record: ","timestamp":"2025-07-25T16:03:35.571Z"}
{"level":"warn","message":"Invalid contact format (non-string) for record with PIP number EMEA-001606-PIP02-14: [\"Polichem SA\",\"Luxembourg\",\"Tel. + 41 919864024\",\"E-mail: maurizio.caserini@polichem.com\"]","timestamp":"2025-07-25T16:03:35.571Z"}
{"level":"warn","message":"Skipping invalid key in record: ","timestamp":"2025-07-25T16:03:35.571Z"}
{"level":"warn","message":"Invalid contact format (non-string) for record with PIP number EMEA-003168-PIP01-21: [\"Desitin Arzneimittel GmbH\",\"Germany\",\"E-mail: info@desitin.de\",\"Tel. +49 4059101525\"]","timestamp":"2025-07-25T16:03:35.571Z"}
{"level":"warn","message":"Skipping invalid key in record: ","timestamp":"2025-07-25T16:03:35.571Z"}
{"level":"warn","message":"Invalid contact format (non-string) for record with PIP number EMEA-003172-PIP01-21: [\"Synox Therapeutics Limited\",\"E-mail: enquiries@synoxtherapeutics.com\",\"Tel:  +44 7376066175\"]","timestamp":"2025-07-25T16:03:35.571Z"}
{"level":"warn","message":"Skipping invalid key in record: ","timestamp":"2025-07-25T16:03:35.571Z"}
{"level":"warn","message":"Invalid contact format (non-string) for record with PIP number EMEA-003183-PIP02-22: [\"Invex Therapeutics Ltd\",\"E-mail: info@invextherapeutics.com\",\"Tel:  +61 (08)63820137\"]","timestamp":"2025-07-25T16:03:35.571Z"}
{"level":"warn","message":"Skipping invalid key in record: ","timestamp":"2025-07-25T16:03:35.571Z"}
{"level":"warn","message":"Invalid contact format (non-string) for record with PIP number EMEA-003273-PIP01-22: [\"Glaxo Group Limited\",\"Tel. +1 4388998201\",\"E-mail: eu.paediatric-plans@gsk.com\"]","timestamp":"2025-07-25T16:03:35.571Z"}
{"level":"warn","message":"Skipping invalid key in record: ","timestamp":"2025-07-25T16:03:35.571Z"}
{"level":"warn","message":"Invalid contact format (non-string) for record with PIP number EMEA-000662-PIP02-09-M05: [\"Leti Pharma GmbH\",\"Germany\",\"E-mail: paediatrics@leti.de\",\"Tel. +49 230 2202 860\",\"Fax +49 230 2202 8623\"]","timestamp":"2025-07-25T16:03:35.571Z"}
{"level":"warn","message":"Skipping invalid key in record: ","timestamp":"2025-07-25T16:03:35.571Z"}
{"level":"warn","message":"Skipping invalid key in record: ","timestamp":"2025-07-25T16:03:35.572Z"}
{"level":"warn","message":"Invalid contact format (non-string) for record with PIP number EMEA-000838-PIP01-10-M02: [\"LETI Pharma GmbH\",\"paediatrics@leti.de\",\"Germany\",\"Phone: +49 2302202860\",\"Fax: +49 23022028620\"]","timestamp":"2025-07-25T16:03:35.572Z"}
{"level":"warn","message":"Skipping invalid key in record: ","timestamp":"2025-07-25T16:03:35.572Z"}
{"level":"warn","message":"Invalid contact format (non-string) for record with PIP number EMEA-000837-PIP01-10-M02: [\"LETI Pharma GmbH\",\"paediatrics@leti.de\",\"Germany\",\"Phone: +49 2302202860\",\"Fax: +49 23022028620\"]","timestamp":"2025-07-25T16:03:35.572Z"}
{"level":"warn","message":"Skipping invalid key in record: ","timestamp":"2025-07-25T16:03:35.572Z"}
{"level":"warn","message":"Invalid contact format (non-string) for record with PIP number EMEA-003320-PIP01-22: [\"Alzprotect S.A.S.\",\"France\",\"E-mail: contact@alzprotect.com\",\"Tel: +33 359537045\"]","timestamp":"2025-07-25T16:03:35.584Z"}
{"level":"warn","message":"Skipping invalid key in record: ","timestamp":"2025-07-25T16:03:35.584Z"}
{"level":"warn","message":"Skipping invalid key in record: ","timestamp":"2025-07-25T16:03:35.584Z"}
{"level":"warn","message":"Skipping invalid key in record: ","timestamp":"2025-07-25T16:03:35.584Z"}
{"level":"warn","message":"Invalid contact format (non-string) for record with PIP number EMEA-003292-PIP01-22: [\"Verisfield Single Member S.A.Email: pharmacovigilance@verisfield.gr\",\"economou@verisfield.gr Tel: +30 2107475196&nbsp\"]","timestamp":"2025-07-25T16:03:35.584Z"}
{"level":"warn","message":"Skipping invalid key in record: ","timestamp":"2025-07-25T16:03:35.584Z"}
{"level":"warn","message":"Invalid contact format (non-string) for record with PIP number EMEA-003291-PIP01-22: [\"PharOS Pharmaceutical Oriented Services Single Member Ltd\",\"Tel:  +30 2106664667\",\"E-mail: pharmacovigilance@pharosgr.gr\"]","timestamp":"2025-07-25T16:03:35.584Z"}
{"level":"warn","message":"Skipping invalid key in record: ","timestamp":"2025-07-25T16:03:35.585Z"}
{"level":"warn","message":"Invalid contact format (non-string) for record with PIP number EMEA-003289-PIP01-22: [\"Win Medica S.A.\",\"E-mail: info@winmedica.gr\",\"Tel. +30 2107488821\"]","timestamp":"2025-07-25T16:03:35.585Z"}
{"level":"warn","message":"Skipping invalid key in record: ","timestamp":"2025-07-25T16:03:35.585Z"}
{"level":"warn","message":"Invalid contact format (non-string) for record with PIP number EMEA-003285-PIP01-22: [\"KRKA\",\"d.d.\",\"Novo mesto\",\"E-mail: Regulatory.Affairs@krka.biz\",\"Tel: +386 73312055\"]","timestamp":"2025-07-25T16:03:35.585Z"}
{"level":"warn","message":"Skipping invalid key in record: ","timestamp":"2025-07-25T16:03:35.585Z"}
{"level":"warn","message":"Invalid contact format (non-string) for record with PIP number EMEA-003282-PIP01-22: [\"Horizon Therapeutics Ireland DAC\",\"E-mail: customerservice@horizontherapeutics.com\",\"Tel.: +1 866 479 6742\"]","timestamp":"2025-07-25T16:03:35.585Z"}
{"level":"warn","message":"Skipping invalid key in record: ","timestamp":"2025-07-25T16:03:35.585Z"}
{"level":"warn","message":"Invalid contact format (non-string) for record with PIP number EMEA-003087-PIP01-21: [\"Madrigal Pharmaceuticals EU Limited\",\"Tel.  +353 18851710\",\"E-mail: info@transcrip-group.com\"]","timestamp":"2025-07-25T16:03:35.585Z"}
{"level":"warn","message":"Skipping invalid key in record: ","timestamp":"2025-07-25T16:03:35.586Z"}
{"level":"warn","message":"Invalid contact format (non-string) for record with PIP number EMEA-002480-PIP01-18: [\"BeiGene Ireland Ltd.\",\"E-mail: bg.ireland@beigene.com\",\"Tel. +353 15667660\"]","timestamp":"2025-07-25T16:03:35.586Z"}
{"level":"warn","message":"Skipping invalid key in record: ","timestamp":"2025-07-25T16:03:35.586Z"}
{"level":"warn","message":"Invalid contact format (non-string) for record with PIP number EMEA-002880-PIP01-20-M01: [\"Janssen-Cilag International N.V.\",\"Tel. +32 14602111\",\"E-mail: contact@Janssen-emea.com\"]","timestamp":"2025-07-25T16:03:35.586Z"}
{"level":"warn","message":"Skipping invalid key in record: ","timestamp":"2025-07-25T16:03:35.586Z"}
{"level":"warn","message":"Invalid contact format (non-string) for record with PIP number EMEA-002807-PIP01-20-M01: [\"Entasis Therapeutics Inc.\",\"Email: Enquiries@entasistx.com\",\"Tel. +1 7818108940\"]","timestamp":"2025-07-25T16:03:35.586Z"}
{"level":"warn","message":"Skipping invalid key in record: ","timestamp":"2025-07-25T16:03:35.586Z"}
{"level":"warn","message":"Invalid contact format (non-string) for record with PIP number EMEA-002778-PIP01-20-M01: [\"Bayer AG\",\"Tel. +49 30300139003\",\"E-mail: clinical-trials-contact@bayer.com\"]","timestamp":"2025-07-25T16:03:35.586Z"}
{"level":"warn","message":"Skipping invalid key in record: ","timestamp":"2025-07-25T16:03:35.587Z"}
{"level":"warn","message":"Invalid contact format (non-string) for record with PIP number EMEA-002397-PIP01-18-M03: [\"Novartis Ireland Limited\",\"E-mail: paediatric.enquiries@novartis.com\",\"Tel: +41 613241111\"]","timestamp":"2025-07-25T16:03:35.587Z"}
{"level":"warn","message":"Skipping invalid key in record: ","timestamp":"2025-07-25T16:03:35.587Z"}
{"level":"warn","message":"Skipping invalid key in record: ","timestamp":"2025-07-25T16:03:35.587Z"}
{"level":"warn","message":"Invalid contact format (non-string) for record with PIP number EMEA-003250-PIP01-22: [\"BIOKOSMOS S.A.\",\"email: ra.team@pharmassist-cro.com\",\"tel: +30 2106560700\"]","timestamp":"2025-07-25T16:03:35.587Z"}
{"level":"warn","message":"Skipping invalid key in record: ","timestamp":"2025-07-25T16:03:35.587Z"}
{"level":"warn","message":"Invalid contact format (non-string) for record with PIP number P/0451/2022 : EMA decision of 28 October 2022 on the granting of a product specific waiver for trilaciclib (dihydrochloride) (EMEA-002534-PIP03-22): [\"G1 Therapeutics\",\"Inc.\",\"email: regulatory@g1therapeutics.com\",\"tel: +1 9087833356\"]","timestamp":"2025-07-25T16:03:35.587Z"}
{"level":"warn","message":"Skipping invalid key in record: ","timestamp":"2025-07-25T16:03:35.587Z"}
{"level":"warn","message":"Skipping invalid key in record: ","timestamp":"2025-07-25T16:03:35.587Z"}
{"level":"warn","message":"Skipping invalid key in record: ","timestamp":"2025-07-25T16:03:35.587Z"}
{"level":"warn","message":"Skipping invalid key in record: ","timestamp":"2025-07-25T16:03:35.588Z"}
{"level":"warn","message":"Invalid contact format (non-string) for record with PIP number EMEA-000645-PIP04-20-M02: [\"Takeda Pharma A/S\",\"E-mail: paediatrics@tgrd.com\",\"Tel. +44 2031168000\"]","timestamp":"2025-07-25T16:03:35.588Z"}
{"level":"warn","message":"Skipping invalid key in record: ","timestamp":"2025-07-25T16:03:35.588Z"}
{"level":"warn","message":"Invalid contact format (non-string) for record with PIP number EMEA-003117-PIP02-21: [\"ROXALL Medizin GmbH\",\"info@roxall.deGermany\",\"Phone: +49 408972520\",\"Fax: +49 4089725223\"]","timestamp":"2025-07-25T16:03:35.588Z"}
{"level":"warn","message":"Skipping invalid key in record: ","timestamp":"2025-07-25T16:03:35.588Z"}
{"level":"warn","message":"Skipping invalid key in record: ","timestamp":"2025-07-25T16:03:35.588Z"}
{"level":"warn","message":"Invalid contact format (non-string) for record with PIP number EMEA-003156-PIP02-22: [\"Amgen Europe B.V.\",\"E-mail: medinfointernational@amgen.com\",\"Tel. +44 (0)1223 420305\"]","timestamp":"2025-07-25T16:03:35.588Z"}
{"level":"info","message":"CSV Headers: Decision number,PIP number,Active substance,Invented name,Therapeutic area,Pharmaceutical forms,Condition / indication,Routes of administration,Decision type,Decision date,Compliance outcome,Compliance opinion date,Compliance procedure number,Contact for public enquiries,First published date,Last updated date,PIP URL,","timestamp":"2025-07-25T16:03:35.588Z"}
{"level":"warn","message":"Skipping invalid key in record: ","timestamp":"2025-07-25T16:03:35.588Z"}
{"level":"warn","message":"Skipping invalid key in record: ","timestamp":"2025-07-25T16:03:35.588Z"}
{"level":"warn","message":"Invalid contact format (non-string) for record with PIP number EMEA-002845-PIP01-20: [\"Denali Therapeutics Inc.\",\"Tel.  +1 6508668548 ext 1033\",\"E-mail: DNL310Inquiries-team@dnli.com\"]","timestamp":"2025-07-25T16:03:35.588Z"}
{"level":"warn","message":"Skipping invalid key in record: ","timestamp":"2025-07-25T16:03:35.588Z"}
{"level":"warn","message":"Invalid contact format (non-string) for record with PIP number EMEA-001983-PIP01-16-M01: [\"MediBeacon Inc.\",\"United States\",\"Tel.: +1 3147350971\",\"E-mail: hanley@medibeacon.com\"]","timestamp":"2025-07-25T16:03:35.589Z"}
{"level":"warn","message":"Skipping invalid key in record: ","timestamp":"2025-07-25T16:03:35.589Z"}
{"level":"warn","message":"Skipping invalid key in record: ","timestamp":"2025-07-25T16:03:35.589Z"}
{"level":"warn","message":"Invalid contact format (non-string) for record with PIP number EMEA-001765-PIP02-15-M04: [\"Orchard Therapeutics (Netherlands) B.V.\",\"regulatory@orchard-tx.com\",\"Tel. +44 (0) 20 3808 8286\"]","timestamp":"2025-07-25T16:03:35.589Z"}
{"level":"warn","message":"Skipping invalid key in record: ","timestamp":"2025-07-25T16:03:35.589Z"}
{"level":"warn","message":"Invalid contact format (non-string) for record with PIP number EMEA-001623-PIP01-14-M06: [\"Bayer AG\",\"Tel. +49 30300139003\",\"E-mail: clinical-trials-contact@bayer.com\"]","timestamp":"2025-07-25T16:03:35.589Z"}
{"level":"warn","message":"Skipping invalid key in record: ","timestamp":"2025-07-25T16:03:35.589Z"}
{"level":"warn","message":"Invalid contact format (non-string) for record with PIP number EMEA-001523-PIP03-18-M03: [\"Janssen-Cilag International NV\",\"Tel. +32 1460 2111\",\"E-mail: contact@janssen-emea.com\"]","timestamp":"2025-07-25T16:03:35.589Z"}
{"level":"warn","message":"Skipping invalid key in record: ","timestamp":"2025-07-25T16:03:35.590Z"}
{"level":"warn","message":"Invalid contact format (non-string) for record with PIP number EMEA-003174-PIP02-22: [\"Prilenia Therapeutics B.V.\",\"E-mail: info@prilenia.com\",\"Tel.  +31 358080509\"]","timestamp":"2025-07-25T16:03:35.590Z"}
{"level":"warn","message":"Skipping invalid key in record: ","timestamp":"2025-07-25T16:03:35.590Z"}
{"level":"warn","message":"Invalid contact format (non-string) for record with PIP number EMEA-003162-PIP02-22: [\"Immunovant Sciences\",\"GmbH\",\"E-mail: regulatoryaffairs@immunovant.com\",\"Tel. +1 3174175110\"]","timestamp":"2025-07-25T16:03:35.590Z"}
{"level":"warn","message":"Skipping invalid key in record: ","timestamp":"2025-07-25T16:03:35.590Z"}
{"level":"warn","message":"Invalid contact format (non-string) for record with PIP number EMEA-003156-PIP01-21: [\"Amgen Europe B.V.\",\"E-mail: medinfointernational@amgen.com\",\"Tel. +44 (0)1223 420305\"]","timestamp":"2025-07-25T16:03:35.590Z"}
{"level":"warn","message":"Skipping invalid key in record: ","timestamp":"2025-07-25T16:03:35.591Z"}
{"level":"warn","message":"Invalid contact format (non-string) for record with PIP number EMEA-003137-PIP01-21: [\"Holostem Terapie Avanzate S.r.l.\",\"+39 3492403930\",\"regulatory@holostem.com\"]","timestamp":"2025-07-25T16:03:35.591Z"}
{"level":"warn","message":"Skipping invalid key in record: ","timestamp":"2025-07-25T16:03:35.591Z"}
{"level":"warn","message":"Skipping invalid key in record: ","timestamp":"2025-07-25T16:03:35.591Z"}
{"level":"warn","message":"Invalid contact format (non-string) for record with PIP number EMEA-002600-PIP04-22: [\"Apellis Netherlands B.V.\",\"email: Regulatory-Info@apellis.com\",\"tel: +33 643746980\"]","timestamp":"2025-07-25T16:03:35.591Z"}
{"level":"warn","message":"Skipping invalid key in record: ","timestamp":"2025-07-25T16:03:35.591Z"}
{"level":"warn","message":"Skipping invalid key in record: ","timestamp":"2025-07-25T16:03:35.591Z"}
{"level":"warn","message":"Invalid contact format (non-string) for record with PIP number EMEA-001656-PIP02-19: [\"GlaxoSmithKline Trading Services Limited\",\"Tel. +1 438-899-8201\",\"E-mail: eu.paediatric-plans@gsk.com\"]","timestamp":"2025-07-25T16:03:35.592Z"}
{"level":"warn","message":"Skipping invalid key in record: ","timestamp":"2025-07-25T16:03:35.592Z"}
{"level":"warn","message":"Invalid contact format (non-string) for record with PIP number EMEA-002285-PIP02-19-M02: [\"Pfizer Europe MA EEIG\",\"Tel. +44 (0)1304 646 607\",\"E-mail: pip_enquiries@pfizer.com\"]","timestamp":"2025-07-25T16:03:35.592Z"}
{"level":"warn","message":"Skipping invalid key in record: ","timestamp":"2025-07-25T16:03:35.592Z"}
{"level":"warn","message":"Invalid contact format (non-string) for record with PIP number EMEA-002172-PIP02-17-M02: [\"Janssen-Cilag International NV\",\"E-mail: contact@janssen-emea.com\",\"Tel.: +32 14602111\"]","timestamp":"2025-07-25T16:03:35.592Z"}
{"level":"warn","message":"Skipping invalid key in record: ","timestamp":"2025-07-25T16:03:35.592Z"}
{"level":"warn","message":"Invalid contact format (non-string) for record with PIP number EMEA-002133-PIP01-17-M03: [\"Shionogi Limited\",\"E-mail: shionogiclintrials-admin@shionogi.co.jp\",\"Tel. +44 (0)20 3534 200\"]","timestamp":"2025-07-25T16:03:35.592Z"}
{"level":"warn","message":"Skipping invalid key in record: ","timestamp":"2025-07-25T16:03:35.592Z"}
{"level":"warn","message":"Invalid contact format (non-string) for record with PIP number EMEA-002116-PIP01-17-M01: [\"ELGAN Pharma Ltd\",\"E-mail: RA@elganpharma.com\",\"Tel: +972 532437322\"]","timestamp":"2025-07-25T16:03:35.593Z"}
{"level":"warn","message":"Skipping invalid key in record: ","timestamp":"2025-07-25T16:03:35.593Z"}
{"level":"warn","message":"Invalid contact format (non-string) for record with PIP number EMEA-002033-PIP01-16-M03: [\"BioMarin International Limited\",\"Tel. +44 (0)20 7420 0800\",\"E-mail: biomarin-europe@bmrn.com\"]","timestamp":"2025-07-25T16:03:35.593Z"}
{"level":"warn","message":"Skipping invalid key in record: ","timestamp":"2025-07-25T16:03:35.593Z"}
{"level":"warn","message":"Skipping invalid key in record: ","timestamp":"2025-07-25T16:03:35.593Z"}
{"level":"warn","message":"Invalid contact format (non-string) for record with PIP number EMEA-003262-PIP01-22: [\"Adamed Pharma S.A.\",\"E-mail: adamed@adamed.com\",\"Tel: +48 227327700\"]","timestamp":"2025-07-25T16:03:35.593Z"}
{"level":"warn","message":"Skipping invalid key in record: ","timestamp":"2025-07-25T16:03:35.593Z"}
{"level":"warn","message":"Skipping invalid key in record: ","timestamp":"2025-07-25T16:03:35.593Z"}
{"level":"warn","message":"Invalid contact format (non-string) for record with PIP number EMEA-003255-PIP01-22: [\"Acumen Dental Limited\",\"E-mail: ra.team@pharmassist-cro.com\",\"Tel: +30 2106560700\"]","timestamp":"2025-07-25T16:03:35.593Z"}
{"level":"warn","message":"Skipping invalid key in record: ","timestamp":"2025-07-25T16:03:35.593Z"}
{"level":"warn","message":"Invalid contact format (non-string) for record with PIP number EMEA-003252-PIP01-22: [\"Teva B.V.\",\"E-mail: MedInfo@tevaeu.com\",\"Tel: +44 (0)2075407117\"]","timestamp":"2025-07-25T16:03:35.594Z"}
{"level":"warn","message":"Skipping invalid key in record: ","timestamp":"2025-07-25T16:03:35.594Z"}
{"level":"warn","message":"Invalid contact format (non-string) for record with PIP number EMEA-000576-PIP02-11-M04: [\"Pfizer Limited\",\"Tel. + 44 1304646607\",\"E-mail: pip_enquiries@pfizer.com\"]","timestamp":"2025-07-25T16:03:35.594Z"}
{"level":"warn","message":"Skipping invalid key in record: ","timestamp":"2025-07-25T16:03:35.594Z"}
{"level":"warn","message":"Invalid contact format (non-string) for record with PIP number EMEA-001904-PIP03-18-M02: [\"Emergent Operations Ireland\",\"Ltd\",\"Email: oreillyk@ebsi.com\",\"Tel. +353 1 634 3214\"]","timestamp":"2025-07-25T16:03:35.594Z"}
{"level":"warn","message":"Skipping invalid key in record: ","timestamp":"2025-07-25T16:03:35.594Z"}
{"level":"warn","message":"Skipping invalid key in record: ","timestamp":"2025-07-25T16:03:35.594Z"}
{"level":"warn","message":"Invalid contact format (non-string) for record with PIP number EMEA-003234-PIP01-22: [\"AstraZeneca AB\",\"E-mail: paediatrics@astrazeneca.com\",\"Tel. +46 8553 27591\"]","timestamp":"2025-07-25T16:03:35.594Z"}
{"level":"warn","message":"Skipping invalid key in record: ","timestamp":"2025-07-25T16:03:35.594Z"}
{"level":"warn","message":"Skipping invalid key in record: ","timestamp":"2025-07-25T16:03:35.595Z"}
{"level":"warn","message":"Invalid contact format (non-string) for record with PIP number EMEA-003230-PIP01-22: [\"Amgen Europe B.V\",\"Tel.: +44 (0)1223 420305\",\"E-mail: medinfointernational@amgen.com\"]","timestamp":"2025-07-25T16:03:35.595Z"}
{"level":"warn","message":"Skipping invalid key in record: ","timestamp":"2025-07-25T16:03:35.615Z"}
{"level":"warn","message":"Invalid contact format (non-string) for record with PIP number EMEA-003229-PIP01-22: [\"Krka\",\"d.d.\",\"Novo mesto\",\"E-mail: stasa.taferner@krka.biz\",\"Country: Slovenia\",\"Tel. + 386 73312657\"]","timestamp":"2025-07-25T16:03:35.615Z"}
{"level":"warn","message":"Skipping invalid key in record: ","timestamp":"2025-07-25T16:03:35.615Z"}
{"level":"warn","message":"Skipping invalid key in record: ","timestamp":"2025-07-25T16:03:35.615Z"}
{"level":"warn","message":"Invalid contact format (non-string) for record with PIP number EMEA-000458-PIP01-08: [\"Merck Sharp and Dohme (Europe)\",\"Inc.\",\"Belgium\",\"E-mail: axel_breitstadt@merck.com\",\"Tel. +32 2776 6045\",\"Fax +32 2776 6288\"]","timestamp":"2025-07-25T16:03:35.616Z"}
{"level":"warn","message":"Skipping invalid key in record: ","timestamp":"2025-07-25T16:03:35.616Z"}
{"level":"warn","message":"Invalid contact format (non-string) for record with PIP number EMEA-002713-PIP01-19-M02: [\"Arena Pharmaceuticals\",\"Inc.\",\"E-mail: PIP_Enquiries@pfizer.com\",\"Tel: +44 (0)1304656607\"]","timestamp":"2025-07-25T16:03:35.616Z"}
{"level":"warn","message":"Skipping invalid key in record: ","timestamp":"2025-07-25T16:03:35.616Z"}
{"level":"warn","message":"Skipping invalid key in record: ","timestamp":"2025-07-25T16:03:35.616Z"}
{"level":"warn","message":"Invalid contact format (non-string) for record with PIP number EMEA-002749-PIP01-19-M02: [\"ARS Pharmaceuticals IRL\",\"Limited\",\"E-mail: richardl@ars-pharma.com\",\"Tel: +1 8583351300\"]","timestamp":"2025-07-25T16:03:35.616Z"}
{"level":"warn","message":"Skipping invalid key in record: ","timestamp":"2025-07-25T16:03:35.616Z"}
{"level":"warn","message":"Invalid contact format (non-string) for record with PIP number EMEA-002751-PIP02-22: [\"AstraZeneca AB\",\"Tel. +46 855259283\",\"E-mail: paediatrics@astrazeneca.com\"]","timestamp":"2025-07-25T16:03:35.616Z"}
{"level":"warn","message":"Skipping invalid key in record: ","timestamp":"2025-07-25T16:03:35.616Z"}
{"level":"warn","message":"Invalid contact format (non-string) for record with PIP number EMEA-003097-PIP01-21: [\"Amzell B.V.\",\"email: laetitia.delpy@amzell.com\",\"tel: +41 764914132\"]","timestamp":"2025-07-25T16:03:35.616Z"}
{"level":"warn","message":"Skipping invalid key in record: ","timestamp":"2025-07-25T16:03:35.616Z"}
{"level":"warn","message":"Invalid contact format (non-string) for record with PIP number EMEA-002685-PIP02-19-M01: [\"Biogen Netherlands B.V.\",\"E-mail: pip.enquiries@biogen.com\",\"Tel. +44 1628 512669\"]","timestamp":"2025-07-25T16:03:35.617Z"}
{"level":"warn","message":"Skipping invalid key in record: ","timestamp":"2025-07-25T16:03:35.617Z"}
{"level":"warn","message":"Invalid contact format (non-string) for record with PIP number EMEA-002599-PIP01-19-M01: [\"Entasis Therapeutic Inc.\",\"E-mail: Enquiries@entasistx.com\",\"Tel.: +1 7818108940\"]","timestamp":"2025-07-25T16:03:35.617Z"}
{"level":"warn","message":"Skipping invalid key in record: ","timestamp":"2025-07-25T16:03:35.617Z"}
{"level":"warn","message":"Invalid contact format (non-string) for record with PIP number EMEA-003224-PIP01-22: [\"Verisfield Single Member S.A.Email: pharmacovigilance@verisfield.gr\",\"economou@verisfield.gr Tel: +30 2107475196&nbsp\"]","timestamp":"2025-07-25T16:03:35.617Z"}
{"level":"warn","message":"Skipping invalid key in record: ","timestamp":"2025-07-25T16:03:35.617Z"}
{"level":"warn","message":"Invalid contact format (non-string) for record with PIP number EMEA-001124-PIP01-10-M05: [\"Amryt Pharmaceuticals DAC\",\"Tel. +44 1604 549 952\",\"E-mail: medinfo@amrytpharma.com\"]","timestamp":"2025-07-25T16:03:35.617Z"}
{"level":"warn","message":"Skipping invalid key in record: ","timestamp":"2025-07-25T16:03:35.617Z"}
{"level":"warn","message":"Invalid contact format (non-string) for record with PIP number EMEA-001418-PIP01-13-M05: [\"ViiV Healthcare UK Limited\",\"E-mail: eu.paediatric-plans@gsk.com\",\"Tel.: +44 (0)2089903650\"]","timestamp":"2025-07-25T16:03:35.617Z"}
{"level":"info","message":"CSV Headers: Decision number,PIP number,Active substance,Invented name,Therapeutic area,Pharmaceutical forms,Condition / indication,Routes of administration,Decision type,Decision date,Compliance outcome,Compliance opinion date,Compliance procedure number,Contact for public enquiries,First published date,Last updated date,PIP URL,","timestamp":"2025-07-25T16:03:35.618Z"}
{"level":"warn","message":"Skipping invalid key in record: ","timestamp":"2025-07-25T16:03:35.618Z"}
{"level":"warn","message":"Skipping invalid key in record: ","timestamp":"2025-07-25T16:03:35.618Z"}
{"level":"warn","message":"Invalid contact format (non-string) for record with PIP number EMEA-001577-PIP02-14-M05: [\"Gilead Sciences International Ltd\",\"E-mail: regulatory.pip@gilead.com\",\"Tel. +44 (0)1223 897300\"]","timestamp":"2025-07-25T16:03:35.618Z"}
{"level":"warn","message":"Skipping invalid key in record: ","timestamp":"2025-07-25T16:03:35.618Z"}
{"level":"warn","message":"Invalid contact format (non-string) for record with PIP number EMEA-001990-PIP01-16-M05: [\"UCB Pharma SA\",\"Email: ucbcares.uk@ucb.com\",\"Tel. +44 175777100\"]","timestamp":"2025-07-25T16:03:35.618Z"}
{"level":"warn","message":"Skipping invalid key in record: ","timestamp":"2025-07-25T16:03:35.619Z"}
{"level":"warn","message":"Skipping invalid key in record: ","timestamp":"2025-07-25T16:03:35.619Z"}
{"level":"warn","message":"Invalid contact format (non-string) for record with PIP number EMEA-002087-PIP01-16-M01: [\"Xenikos BV\",\"Tel. +31 243000100\",\"E-mail: y.vanoosterhout@xenikos.com\"]","timestamp":"2025-07-25T16:03:35.619Z"}
{"level":"warn","message":"Skipping invalid key in record: ","timestamp":"2025-07-25T16:03:35.619Z"}
{"level":"warn","message":"Invalid contact format (non-string) for record with PIP number EMEA-001710-PIP02-14-M07: [\"Celgene Europe B.V.\",\"Tel. +41 327298500\",\"E-mail: medinfo.emea@celgene.com\"]","timestamp":"2025-07-25T16:03:35.619Z"}
{"level":"warn","message":"Skipping invalid key in record: ","timestamp":"2025-07-25T16:03:35.619Z"}
{"level":"warn","message":"Invalid contact format (non-string) for record with PIP number EMEA-001659-PIP01-15-M06: [\"Kyowa Kirin Holdings B.V.\",\"Tel. +44 (0)1896 664000\",\"E-mail: regulatorygroup@kyowakirin.com\"]","timestamp":"2025-07-25T16:03:35.620Z"}
{"level":"warn","message":"Skipping invalid key in record: ","timestamp":"2025-07-25T16:03:35.620Z"}
{"level":"warn","message":"Invalid contact format (non-string) for record with PIP number EMEA-002042-PIP02-20-M01: [\"Janssen-Cilag International N.V.\",\"E-mail: contact@Janssen-emea.com\",\"Tel: +44 7824545660\"]","timestamp":"2025-07-25T16:03:35.620Z"}
{"level":"warn","message":"Skipping invalid key in record: ","timestamp":"2025-07-25T16:03:35.620Z"}
{"level":"warn","message":"Skipping invalid key in record: ","timestamp":"2025-07-25T16:03:35.620Z"}
{"level":"warn","message":"Skipping invalid key in record: ","timestamp":"2025-07-25T16:03:35.620Z"}
{"level":"warn","message":"Invalid contact format (non-string) for record with PIP number EMEA-001623-PIP03-20-M01: [\"Bayer AG\",\"Tel. +49 202364913\",\"Email: clinical-trials-contact@bayer.com\"]","timestamp":"2025-07-25T16:03:35.620Z"}
{"level":"warn","message":"Skipping invalid key in record: ","timestamp":"2025-07-25T16:03:35.620Z"}
{"level":"warn","message":"Invalid contact format (non-string) for record with PIP number EMEA-000181-PIP02-13-M01: [\"GW Pharma Ltd\",\"United Kingdom\",\"Tel. +44 (0)1223 266800\",\"E-mail: medinfo@gwpharm.com\"]","timestamp":"2025-07-25T16:03:35.621Z"}
{"level":"warn","message":"Skipping invalid key in record: ","timestamp":"2025-07-25T16:03:35.621Z"}
{"level":"warn","message":"Invalid contact format (non-string) for record with PIP number EMEA-000317-PIP02-18-M01: [\"Janssen-Cilag International N.V.\",\"Tel.  +32 14602111\",\"E-mail: contact@janssen-emea.com\"]","timestamp":"2025-07-25T16:03:35.621Z"}
{"level":"warn","message":"Skipping invalid key in record: ","timestamp":"2025-07-25T16:03:35.621Z"}
{"level":"warn","message":"Invalid contact format (non-string) for record with PIP number EMEA-003248-PIP01-22: [\"Jazz Pharmaceuticals Ireland Ltd.\",\"E-mail: corporateaffairsmediainfo@jazzpharma.com\",\"Telephone: +1 35316347800\"]","timestamp":"2025-07-25T16:03:35.621Z"}
{"level":"warn","message":"Skipping invalid key in record: ","timestamp":"2025-07-25T16:03:35.621Z"}
{"level":"warn","message":"Invalid contact format (non-string) for record with PIP number EMEA-003246-PIP01-22: [\"Dizal (Jiangsu) Pharmaceuticals Co.\",\"Ltd.\",\"E-mail: info@dizalpharma.com\",\"Tel: +86 2161097840\"]","timestamp":"2025-07-25T16:03:35.621Z"}
{"level":"warn","message":"Skipping invalid key in record: ","timestamp":"2025-07-25T16:03:35.622Z"}
{"level":"warn","message":"Invalid contact format (non-string) for record with PIP number EMEA-003243-PIP01-22: [\"TopAlliance Biosciences\",\"Inc.\",\"E-mail: regulatory@topalliancebio.com\",\"Tel: +1 3016405166\"]","timestamp":"2025-07-25T16:03:35.622Z"}
{"level":"warn","message":"Skipping invalid key in record: ","timestamp":"2025-07-25T16:03:35.622Z"}
{"level":"warn","message":"Skipping invalid key in record: ","timestamp":"2025-07-25T16:03:35.622Z"}
{"level":"warn","message":"Invalid contact format (non-string) for record with PIP number EMEA-003239-PIP01-22: [\"Keros Therapeutics\",\"Inc.\",\"E-mail: etreece@kerostx.com\",\"Tel: +1 (617)3146297\"]","timestamp":"2025-07-25T16:03:35.622Z"}
{"level":"warn","message":"Skipping invalid key in record: ","timestamp":"2025-07-25T16:03:35.622Z"}
{"level":"warn","message":"Invalid contact format (non-string) for record with PIP number EMEA-003236-PIP01-22: [\"ROTOP Pharmaka GmbH\",\"Tel.  +49 35126310251\",\"E-mail: reg-affairs@rotop-pharmaka.de\"]","timestamp":"2025-07-25T16:03:35.622Z"}
{"level":"warn","message":"Skipping invalid key in record: ","timestamp":"2025-07-25T16:03:35.622Z"}
{"level":"warn","message":"Invalid contact format (non-string) for record with PIP number EMEA-000715-PIP02-11-M06: [\"Amgen Europe B.V.\",\"E-mail: medinfointernational@amgen.com\",\"Tel. +44 (0)1223 420305\"]","timestamp":"2025-07-25T16:03:35.623Z"}
{"level":"warn","message":"Skipping invalid key in record: ","timestamp":"2025-07-25T16:03:35.623Z"}
{"level":"warn","message":"Invalid contact format (non-string) for record with PIP number EMEA-000715-PIP05-13-M05: [\"Amgen Europe B.V.\",\"E-mail: medinfointernational@amgen.com\",\"Tel. +44 (0)1223 420305\"]","timestamp":"2025-07-25T16:03:35.623Z"}
{"level":"warn","message":"Skipping invalid key in record: ","timestamp":"2025-07-25T16:03:35.623Z"}
{"level":"warn","message":"Invalid contact format (non-string) for record with PIP number EMEA-000969-PIP01-10-M06: [\"Gilead Sciences International Ltd.\",\"Tel. +44 (0)1223 897 300\",\"E-mail: regulatory.pip@gilead.com\"]","timestamp":"2025-07-25T16:03:35.623Z"}
{"level":"warn","message":"Skipping invalid key in record: ","timestamp":"2025-07-25T16:03:35.623Z"}
{"level":"warn","message":"Invalid contact format (non-string) for record with PIP number EMEA-001185-PIP01-11-M08: [\"Otsuka Pharmaceutical Development and Commercialisation Europe GmbH\",\"E-mail: paediatric-info@otsuka-europe.com\",\"Tel. +49 69 955 044 328\"]","timestamp":"2025-07-25T16:03:35.623Z"}
{"level":"warn","message":"Skipping invalid key in record: ","timestamp":"2025-07-25T16:03:35.623Z"}
{"level":"warn","message":"Skipping invalid key in record: ","timestamp":"2025-07-25T16:03:35.623Z"}
{"level":"warn","message":"Skipping invalid key in record: ","timestamp":"2025-07-25T16:03:35.623Z"}
{"level":"warn","message":"Skipping invalid key in record: ","timestamp":"2025-07-25T16:03:35.624Z"}
{"level":"warn","message":"Invalid contact format (non-string) for record with PIP number P/0273/2022 : EMA on the granting of a product specific waiver for tramadol (hydrochloride) / magnesium lactate dihydrate (EMEA-003216-PIP01-22): [\"Orphinic Scientific Bis Sp. z o.o.\",\"Email: office@orphinic.com\"]","timestamp":"2025-07-25T16:03:35.624Z"}
{"level":"warn","message":"Skipping invalid key in record: ","timestamp":"2025-07-25T16:03:35.624Z"}
{"level":"warn","message":"Skipping invalid key in record: ","timestamp":"2025-07-25T16:03:35.624Z"}
{"level":"warn","message":"Invalid contact format (non-string) for record with PIP number EMEA-003223-PIP01-22: [\"Aristea Therapeutics\",\"Inc.\",\"Email: pediatrics@aristeatx.com\",\"tel:+1 8589874089\"]","timestamp":"2025-07-25T16:03:35.624Z"}
{"level":"warn","message":"Skipping invalid key in record: ","timestamp":"2025-07-25T16:03:35.624Z"}
{"level":"warn","message":"Invalid contact format (non-string) for record with PIP number EMEA-003226-PIP01-22: [\"Menarini Ricerche S.p.A.\",\"Italy\",\"Tel. +39 0555680633\",\"E-mail: prijli@menarini.it\"]","timestamp":"2025-07-25T16:03:35.624Z"}
{"level":"warn","message":"Skipping invalid key in record: ","timestamp":"2025-07-25T16:03:35.624Z"}
{"level":"warn","message":"Invalid contact format (non-string) for record with PIP number EMEA-003227-PIP01-22: [\"Menarini Ricerche S.p.A.\",\"Tel:+39 05556807607/458Email:scappellini@menarini-ricerche.it\"]","timestamp":"2025-07-25T16:03:35.624Z"}
{"level":"warn","message":"Skipping invalid key in record: ","timestamp":"2025-07-25T16:03:35.624Z"}
{"level":"warn","message":"Invalid contact format (non-string) for record with PIP number EMEA-003148-PIP01-21: [\"OT4B\",\"E-mail: media@ot4b.com\",\"Tel: +33 189164311\"]","timestamp":"2025-07-25T16:03:35.624Z"}
{"level":"warn","message":"Skipping invalid key in record: ","timestamp":"2025-07-25T16:03:35.624Z"}
{"level":"warn","message":"Invalid contact format (non-string) for record with PIP number EMEA-001197-PIP01-11: [\"GE Healthcare\",\"Norway\",\"jelena.dunkel@ge.com\",\"Phone: +47 23185755\",\"Fax: +47 23186005\"]","timestamp":"2025-07-25T16:03:35.625Z"}
{"level":"warn","message":"Skipping invalid key in record: ","timestamp":"2025-07-25T16:03:35.625Z"}
{"level":"warn","message":"Invalid contact format (non-string) for record with PIP number EMEA-001136-PIP02-19-M01: [\"Dova Pharmaceuticals Ireland Limited\",\"E-mail: medical.info@sobi.com\",\"Tel:  +46 86972000\"]","timestamp":"2025-07-25T16:03:35.625Z"}
{"level":"warn","message":"Skipping invalid key in record: ","timestamp":"2025-07-25T16:03:35.625Z"}
{"level":"warn","message":"Invalid contact format (non-string) for record with PIP number EMEA-002310-PIP02-17: [\"Achillion Pharmaceuticals\",\"Inc.\",\"Tel.+1 203 624 7000\",\"E-mail: C3gpatientinquiries@achillion.com\"]","timestamp":"2025-07-25T16:03:35.625Z"}
{"level":"warn","message":"Skipping invalid key in record: ","timestamp":"2025-07-25T16:03:35.625Z"}
{"level":"warn","message":"Invalid contact format (non-string) for record with PIP number EMEA-001644-PIP02-14-M03: [\"Blue Earth Diagnostics Ireland Ltd\",\"E-mail: contact@blueearthdx.com\",\"Tel. +353 17617403\"]","timestamp":"2025-07-25T16:03:35.625Z"}
{"level":"warn","message":"Skipping invalid key in record: ","timestamp":"2025-07-25T16:03:35.625Z"}
{"level":"warn","message":"Invalid contact format (non-string) for record with PIP number EMEA-001828-PIP01-15-M03: [\"Chiesi Farmaceutici S.p.A.\",\"E-mail: m.toschi@chiesi.com\",\"Tel: +39 05211689124\"]","timestamp":"2025-07-25T16:03:35.625Z"}
{"level":"warn","message":"Skipping invalid key in record: ","timestamp":"2025-07-25T16:03:35.626Z"}
{"level":"warn","message":"Skipping invalid key in record: ","timestamp":"2025-07-25T16:03:35.626Z"}
{"level":"warn","message":"Skipping invalid key in record: ","timestamp":"2025-07-25T16:03:35.626Z"}
{"level":"warn","message":"Invalid contact format (non-string) for record with PIP number EMEA-002189-PIP01-17-M03: [\"UCB Biopharma SRL\",\"Tel.  +44 1753777100\",\"E-mail: UCBCares.UK@ucb.com\"]","timestamp":"2025-07-25T16:03:35.626Z"}
{"level":"warn","message":"Skipping invalid key in record: ","timestamp":"2025-07-25T16:03:35.626Z"}
{"level":"warn","message":"Invalid contact format (non-string) for record with PIP number EMEA-001872-PIP01-15-M02: [\"Esperion Therapeutics\",\"Inc.\",\"E-mail: ahall@esperion.com\",\"Tel.: +1 7346346816\"]","timestamp":"2025-07-25T16:03:35.626Z"}
{"level":"warn","message":"Skipping invalid key in record: ","timestamp":"2025-07-25T16:03:35.626Z"}
{"level":"warn","message":"Invalid contact format (non-string) for record with PIP number EMEA-001971-PIP03-18-M02: [\"Bayer AG\",\"Tel. +49 3046815333\",\"E-mail: pediatrics.medical-affairs-europe@bayer.com\"]","timestamp":"2025-07-25T16:03:35.626Z"}
{"level":"warn","message":"Skipping invalid key in record: ","timestamp":"2025-07-25T16:03:35.676Z"}
{"level":"warn","message":"Invalid contact format (non-string) for record with PIP number EMEA-003211-PIP01-22: [\"Clene Netherlands B.V.\",\"email: info@CleneNanomedicine.com\",\"tel: +1 8016769695\"]","timestamp":"2025-07-25T16:03:35.676Z"}
{"level":"info","message":"CSV Headers: Decision number,PIP number,Active substance,Invented name,Therapeutic area,Pharmaceutical forms,Condition / indication,Routes of administration,Decision type,Decision date,Compliance outcome,Compliance opinion date,Compliance procedure number,Contact for public enquiries,First published date,Last updated date,PIP URL,","timestamp":"2025-07-25T16:03:35.676Z"}
{"level":"warn","message":"Skipping invalid key in record: ","timestamp":"2025-07-25T16:03:35.676Z"}
{"level":"warn","message":"Invalid contact format (non-string) for record with PIP number EMEA-003210-PIP01-22: [\"UCB Pharma S.A.\",\"E-mail: UCBCares.UK@ucb.comTel: +44 (0)1753777100\"]","timestamp":"2025-07-25T16:03:35.676Z"}
{"level":"warn","message":"Skipping invalid key in record: ","timestamp":"2025-07-25T16:03:35.676Z"}
{"level":"warn","message":"Invalid contact format (non-string) for record with PIP number EMEA-003206-PIP01-22: [\"CIPROS S.r.l.\",\"email: regolatorio@ciprossrl.it\",\"tel: +39 057320877\"]","timestamp":"2025-07-25T16:03:35.676Z"}
{"level":"warn","message":"Skipping invalid key in record: ","timestamp":"2025-07-25T16:03:35.677Z"}
{"level":"warn","message":"Invalid contact format (non-string) for record with PIP number EMEA-003205-PIP01-22: [\"Verisfield Single Member S.A.Email: pharmacovigilance@verisfield.gr\",\"economou@verisfield.gr Tel: +30 2107475196&nbsp\"]","timestamp":"2025-07-25T16:03:35.677Z"}
{"level":"warn","message":"Skipping invalid key in record: ","timestamp":"2025-07-25T16:03:35.677Z"}
{"level":"warn","message":"Invalid contact format (non-string) for record with PIP number EMEA-002319-PIP01-17-M02: [\"Mundipharma Corporation (Ireland) Limited\",\"E-mail: regaffairs-enquiries@mundipharma-rd.eu\",\"Tel: +44 (0)1223424211\"]","timestamp":"2025-07-25T16:03:35.677Z"}
{"level":"warn","message":"Skipping invalid key in record: ","timestamp":"2025-07-25T16:03:35.677Z"}
{"level":"warn","message":"Invalid contact format (non-string) for record with PIP number EMEA-003133-PIP01-21: [\"Ipsen Pharma\",\"E-mail: paediatrics.plans@ipsen.com\",\"Tel. +33 58335820\"]","timestamp":"2025-07-25T16:03:35.677Z"}
{"level":"warn","message":"Skipping invalid key in record: ","timestamp":"2025-07-25T16:03:35.677Z"}
{"level":"warn","message":"Invalid contact format (non-string) for record with PIP number EMEA-002209-PIP01-17-M03: [\"Rhythm Pharmaceuticals\",\"Inc\",\"Tel. +1 8572544457\",\"E-mail: RhythmRegulatory@rhythmtx.com\"]","timestamp":"2025-07-25T16:03:35.678Z"}
{"level":"warn","message":"Skipping invalid key in record: ","timestamp":"2025-07-25T16:03:35.678Z"}
{"level":"warn","message":"Invalid contact format (non-string) for record with PIP number EMEA-003064-PIP01-21: [\"Genzyme Europe B.V.\",\"E-mail: eumedinfo.GZ@sanofi.com\",\"Tel: 31 202454000\"]","timestamp":"2025-07-25T16:03:35.678Z"}
{"level":"warn","message":"Skipping invalid key in record: ","timestamp":"2025-07-25T16:03:35.678Z"}
{"level":"warn","message":"Skipping invalid key in record: ","timestamp":"2025-07-25T16:03:35.678Z"}
{"level":"warn","message":"Skipping invalid key in record: ","timestamp":"2025-07-25T16:03:35.678Z"}
{"level":"warn","message":"Invalid contact format (non-string) for record with PIP number EMEA-002559-PIP05-22: [\"Janssen-Cilag International NV\",\"E-mail: contact@janssen-emea.com\",\"Tel.: +32 14602111\"]","timestamp":"2025-07-25T16:03:35.679Z"}
{"level":"warn","message":"Skipping invalid key in record: ","timestamp":"2025-07-25T16:03:35.679Z"}
{"level":"warn","message":"Skipping invalid key in record: ","timestamp":"2025-07-25T16:03:35.679Z"}
{"level":"warn","message":"Invalid contact format (non-string) for record with PIP number EMEA-001838-PIP01-15-M03: [\"Janssen-Cilag International NV\",\"Tel.: +32 14602111\",\"E-mail: contact@janssen-emea.com\"]","timestamp":"2025-07-25T16:03:35.679Z"}
{"level":"warn","message":"Skipping invalid key in record: ","timestamp":"2025-07-25T16:03:35.679Z"}
{"level":"warn","message":"Invalid contact format (non-string) for record with PIP number EMEA-001882-PIP02-16-M02: [\"GlaxoSmithKline Trading Services Limited\",\"Tel. +1 4388998201\",\"E-mail: eu.paediatric-plans@gsk.com\"]","timestamp":"2025-07-25T16:03:35.679Z"}
{"level":"warn","message":"Skipping invalid key in record: ","timestamp":"2025-07-25T16:03:35.679Z"}
{"level":"warn","message":"Invalid contact format (non-string) for record with PIP number EMEA-003094-PIP02-21: [\"Janssen Cilag International NV\",\"Tel. +3214602111\",\"E-mail: contact@Janssen-emea.com\"]","timestamp":"2025-07-25T16:03:35.679Z"}
{"level":"warn","message":"Skipping invalid key in record: ","timestamp":"2025-07-25T16:03:35.679Z"}
{"level":"warn","message":"Skipping invalid key in record: ","timestamp":"2025-07-25T16:03:35.679Z"}
{"level":"warn","message":"Invalid contact format (non-string) for record with PIP number EMEA-001613-PIP04-21: [\"Amgen Europe B.V.\",\"E-mail: medinfointernational@amgen.com\",\"Tel. +44 (0)1223 420305\"]","timestamp":"2025-07-25T16:03:35.679Z"}
{"level":"warn","message":"Skipping invalid key in record: ","timestamp":"2025-07-25T16:03:35.680Z"}
{"level":"warn","message":"Invalid contact format (non-string) for record with PIP number EMEA-001415-PIP02-21: [\"Pierre Fabre Médicament\",\"E-mail: info@urovant.com\",\"Tel: +1 8338768268\"]","timestamp":"2025-07-25T16:03:35.680Z"}
{"level":"warn","message":"Skipping invalid key in record: ","timestamp":"2025-07-25T16:03:35.680Z"}
{"level":"warn","message":"Invalid contact format (non-string) for record with PIP number EMEA-000309-PIP09-21: [\"Roche Registration GmbH\",\"E-mail: global.eu_regulatory_office@roche.comTel. +49 7624142892\"]","timestamp":"2025-07-25T16:03:35.680Z"}
{"level":"warn","message":"Skipping invalid key in record: ","timestamp":"2025-07-25T16:03:35.680Z"}
{"level":"warn","message":"Skipping invalid key in record: ","timestamp":"2025-07-25T16:03:35.680Z"}
{"level":"warn","message":"Skipping invalid key in record: ","timestamp":"2025-07-25T16:03:35.680Z"}
{"level":"warn","message":"Skipping invalid key in record: ","timestamp":"2025-07-25T16:03:35.680Z"}
{"level":"warn","message":"Skipping invalid key in record: ","timestamp":"2025-07-25T16:03:35.680Z"}
{"level":"warn","message":"Skipping invalid key in record: ","timestamp":"2025-07-25T16:03:35.681Z"}
{"level":"warn","message":"Skipping invalid key in record: ","timestamp":"2025-07-25T16:03:35.681Z"}
{"level":"warn","message":"Skipping invalid key in record: ","timestamp":"2025-07-25T16:03:35.681Z"}
{"level":"warn","message":"Invalid contact format (non-string) for record with PIP number EMEA-001418-PIP02-15-M03: [\"ViiV Healthcare UK Limited\",\"E-mail: eu.paediatric-plans@gsk.com\",\"Tel. +44 (0)208 990 3650\"]","timestamp":"2025-07-25T16:03:35.681Z"}
{"level":"warn","message":"Skipping invalid key in record: ","timestamp":"2025-07-25T16:03:35.681Z"}
{"level":"warn","message":"Skipping invalid key in record: ","timestamp":"2025-07-25T16:03:35.681Z"}
{"level":"warn","message":"Invalid contact format (non-string) for record with PIP number EMEA-001176-PIP01-11-M06: [\"Bioprojet PHARMA\",\"E-mail: contact@bioprojet.com\",\"Tel: +33 147036600\"]","timestamp":"2025-07-25T16:03:35.681Z"}
{"level":"warn","message":"Skipping invalid key in record: ","timestamp":"2025-07-25T16:03:35.681Z"}
{"level":"warn","message":"Invalid contact format (non-string) for record with PIP number EMEA-000172-PIP01-07-M03: [\"Roche Registration Limited\",\"Tel. +41 616879411\",\"E-mail: info.paediatrics@roche.com\"]","timestamp":"2025-07-25T16:03:35.681Z"}
{"level":"warn","message":"Skipping invalid key in record: ","timestamp":"2025-07-25T16:03:35.681Z"}
{"level":"warn","message":"Invalid contact format (non-string) for record with PIP number EMEA-000553-PIP01-09-M05: [\"Takeda Pharmaceuticals International AG\",\"Ireland Branch\",\"+44 (0)3333 000181\",\"medinfoEMEA@takeda.com\"]","timestamp":"2025-07-25T16:03:35.681Z"}
{"level":"warn","message":"Skipping invalid key in record: ","timestamp":"2025-07-25T16:03:35.681Z"}
{"level":"warn","message":"Invalid contact format (non-string) for record with PIP number EMEA-002308-PIP01-17-M02: [\"Janssen Cilag International NV\",\"Tel. +3214602111\",\"E-mail: contact@Janssen-emea.com\"]","timestamp":"2025-07-25T16:03:35.681Z"}
{"level":"warn","message":"Skipping invalid key in record: ","timestamp":"2025-07-25T16:03:35.682Z"}
{"level":"warn","message":"Invalid contact format (non-string) for record with PIP number EMEA-002307-PIP01-17-M02: [\"Janssen Cilag International NV\",\"Tel. +3214602111\",\"E-mail: contact@Janssen-emea.com\"]","timestamp":"2025-07-25T16:03:35.682Z"}
{"level":"warn","message":"Skipping invalid key in record: ","timestamp":"2025-07-25T16:03:35.682Z"}
{"level":"warn","message":"Invalid contact format (non-string) for record with PIP number EMEA-001654-PIP02-17-M01: [\"Novartis Europharm Limited\",\"E-mail: paediatric.enquiries@novartis.com\",\"Tel. +41 6132 46715\"]","timestamp":"2025-07-25T16:03:35.682Z"}
{"level":"warn","message":"Skipping invalid key in record: ","timestamp":"2025-07-25T16:03:35.682Z"}
{"level":"warn","message":"Invalid contact format (non-string) for record with PIP number EMEA-001208-PIP01-11-M03: [\"Octapharma Pharmazeutika Produktionsges.m.b.H\",\"Tel. +41 5545 12189\",\"E-mail: cristina.solomon@octapharma.com\"]","timestamp":"2025-07-25T16:03:35.682Z"}
{"level":"warn","message":"Skipping invalid key in record: ","timestamp":"2025-07-25T16:03:35.683Z"}
{"level":"warn","message":"Skipping invalid key in record: ","timestamp":"2025-07-25T16:03:35.683Z"}
{"level":"warn","message":"Invalid contact format (non-string) for record with PIP number EMEA-000783-PIP01-09-M06: [\"Eli Lilly & Company Limited\",\"E-mail: eu_paediatric@lilly.com\",\"Tel. +44 (0)1276 483000\"]","timestamp":"2025-07-25T16:03:35.683Z"}
{"level":"warn","message":"Skipping invalid key in record: ","timestamp":"2025-07-25T16:03:35.683Z"}
{"level":"warn","message":"Skipping invalid key in record: ","timestamp":"2025-07-25T16:03:35.683Z"}
{"level":"warn","message":"Invalid contact format (non-string) for record with PIP number EMEA-003134-PIP01-21: [\"Bayer AG\",\"Leverkusen\",\"E-mail: clinical-trials-contact@bayer.com\",\"Tel: +49 30300139003\"]","timestamp":"2025-07-25T16:03:35.683Z"}
{"level":"warn","message":"Skipping invalid key in record: ","timestamp":"2025-07-25T16:03:35.683Z"}
{"level":"warn","message":"Invalid contact format (non-string) for record with PIP number EMEA-002710-PIP01-19: [\"Amivas Ireland Ltd\",\"E-mail: info@amivas.com\",\"Tel.: + 353 51 347 322\"]","timestamp":"2025-07-25T16:03:35.683Z"}
{"level":"warn","message":"Skipping invalid key in record: ","timestamp":"2025-07-25T16:03:35.683Z"}
{"level":"warn","message":"Invalid contact format (non-string) for record with PIP number EMEA-002869-PIP03-21: [\"Seqirus Netherlands B.V.\",\"E-mail: seqirus.clinicaltrials@seqirus.com\",\"Tel: +1 9088587365\"]","timestamp":"2025-07-25T16:03:35.683Z"}
{"level":"warn","message":"Skipping invalid key in record: ","timestamp":"2025-07-25T16:03:35.684Z"}
{"level":"warn","message":"Invalid contact format (non-string) for record with PIP number EMEA-001864-PIP01-15-M07: [\"Takeda Pharmaceuticals International AG Ireland Branch\",\"E-mail: medinfoemea@takeda.com\",\"Tel: +44 (0) 3333 000181\"]","timestamp":"2025-07-25T16:03:35.684Z"}
{"level":"warn","message":"Skipping invalid key in record: ","timestamp":"2025-07-25T16:03:35.684Z"}
{"level":"warn","message":"Skipping invalid key in record: ","timestamp":"2025-07-25T16:03:35.684Z"}
{"level":"info","message":"CSV Headers: Decision number,PIP number,Active substance,Invented name,Therapeutic area,Pharmaceutical forms,Condition / indication,Routes of administration,Decision type,Decision date,Compliance outcome,Compliance opinion date,Compliance procedure number,Contact for public enquiries,First published date,Last updated date,PIP URL,","timestamp":"2025-07-25T16:03:35.684Z"}
{"level":"warn","message":"Skipping invalid key in record: ","timestamp":"2025-07-25T16:03:35.684Z"}
{"level":"warn","message":"Skipping invalid key in record: ","timestamp":"2025-07-25T16:03:35.684Z"}
{"level":"warn","message":"Invalid contact format (non-string) for record with PIP number EMEA-001105-PIP01-10-M06: [\"Brepco Biopharma Limited\",\"E-mail: info@ivowen.com\",\"Tel.: +353 526180664\"]","timestamp":"2025-07-25T16:03:35.684Z"}
{"level":"warn","message":"Skipping invalid key in record: ","timestamp":"2025-07-25T16:03:35.684Z"}
{"level":"warn","message":"Invalid contact format (non-string) for record with PIP number EMEA-000876-PIP05-15-M05: [\"Alexion Europe SAS\",\"E-mail: pip.enquiries.eu@alexion.com\",\"Tel: +33 147100615\"]","timestamp":"2025-07-25T16:03:35.685Z"}
{"level":"warn","message":"Skipping invalid key in record: ","timestamp":"2025-07-25T16:03:35.685Z"}
{"level":"warn","message":"Invalid contact format (non-string) for record with PIP number EMEA-000332-PIP01-08-M16: [\"UCB Pharma S.A.\",\"E-mail: UCBCares.IE@ucb.com\",\"Tel. +353 1463 2371\"]","timestamp":"2025-07-25T16:03:35.685Z"}
{"level":"info","message":"Processed 1000 records (inserted: 0, updated: 0, skipped: 3)","timestamp":"2025-07-25T16:03:35.685Z"}
{"level":"warn","message":"Skipping invalid key in record: ","timestamp":"2025-07-25T16:03:35.685Z"}
{"level":"warn","message":"Invalid contact format (non-string) for record with PIP number EMEA-001220-PIP03-16-M02: [\"Eli Lilly & Company Limited\",\"E-mail: eu_paediatric@lilly.com\",\"Tel. +44 (0)1276 483000\"]","timestamp":"2025-07-25T16:03:35.685Z"}
{"level":"warn","message":"Skipping invalid key in record: ","timestamp":"2025-07-25T16:03:35.685Z"}
{"level":"warn","message":"Invalid contact format (non-string) for record with PIP number EMEA-001156-PIP01-11-M07: [\"Statens Serum Institut\",\"Denmark\",\"Tel. +45 32688617\",\"E-mail: lsst@ssi.dk\"]","timestamp":"2025-07-25T16:03:35.685Z"}
{"level":"warn","message":"Skipping invalid key in record: ","timestamp":"2025-07-25T16:03:35.685Z"}
{"level":"info","message":"Processed batch: inserted 999, updated 1","timestamp":"2025-07-25T16:03:41.445Z"}
{"level":"warn","message":"Skipping invalid key in record: ","timestamp":"2025-07-25T16:03:41.446Z"}
{"level":"warn","message":"Skipping invalid key in record: ","timestamp":"2025-07-25T16:03:41.446Z"}
{"level":"warn","message":"Invalid contact format (non-string) for record with PIP number EMEA-001146-PIP01-11-M07: [\"Kyowa Kirin Pharmaceutical Development Limited\",\"Tel. +44 1896664000\",\"E-mail: medinfo@kyowakirin.com\"]","timestamp":"2025-07-25T16:03:41.446Z"}
{"level":"warn","message":"Skipping invalid key in record: ","timestamp":"2025-07-25T16:03:41.447Z"}
{"level":"warn","message":"Invalid contact format (non-string) for record with PIP number EMEA-000788-PIP02-11-M11: [\"Daiichi Sankyo Europe GmbH\",\"Tel. +49 8978080\",\"E-mail: service@daiichi-sankyo.eu\"]","timestamp":"2025-07-25T16:03:41.447Z"}
{"level":"warn","message":"Skipping invalid key in record: ","timestamp":"2025-07-25T16:03:41.447Z"}
{"level":"warn","message":"Skipping invalid key in record: ","timestamp":"2025-07-25T16:03:41.448Z"}
{"level":"warn","message":"Invalid contact format (non-string) for record with PIP number EMEA-002392-PIP01-18-M02: [\"Gedeon Richter Plc.\",\"Tel.  +36 14314675\",\"E-mail: cprichter@richter.hu\"]","timestamp":"2025-07-25T16:03:41.449Z"}
{"level":"warn","message":"Skipping invalid key in record: ","timestamp":"2025-07-25T16:03:41.449Z"}
{"level":"warn","message":"Invalid contact format (non-string) for record with PIP number EMEA-001830-PIP01-15-M02: [\"Seqirus S.r.l.\",\"Tel. +39 0577096405\",\"+39 0577096401\",\"E-mail: pip.seq@seqirus.com\"]","timestamp":"2025-07-25T16:03:41.449Z"}
{"level":"warn","message":"Skipping invalid key in record: ","timestamp":"2025-07-25T16:03:41.449Z"}
{"level":"warn","message":"Skipping invalid key in record: ","timestamp":"2025-07-25T16:03:41.449Z"}
{"level":"warn","message":"Skipping invalid key in record: ","timestamp":"2025-07-25T16:03:41.450Z"}
{"level":"warn","message":"Invalid contact format (non-string) for record with PIP number EMEA-002989-PIP01-21-M01: [\"Pharming Group N.V.\",\"Tel. +31 715247400\",\"E-mail: info@pharming.com\"]","timestamp":"2025-07-25T16:03:41.450Z"}
{"level":"warn","message":"Skipping invalid key in record: ","timestamp":"2025-07-25T16:03:41.450Z"}
{"level":"warn","message":"Skipping invalid key in record: ","timestamp":"2025-07-25T16:03:41.450Z"}
{"level":"warn","message":"Skipping invalid key in record: ","timestamp":"2025-07-25T16:03:41.450Z"}
{"level":"warn","message":"Invalid contact format (non-string) for record with PIP number EMEA-002354-PIP02-18-M01: [\"BeiGene Ireland Ltd.\",\"E-mail: bg.ireland@beigene.com\",\"Tel. +353 15667660\"]","timestamp":"2025-07-25T16:03:41.451Z"}
{"level":"warn","message":"Skipping invalid key in record: ","timestamp":"2025-07-25T16:03:41.451Z"}
{"level":"warn","message":"Invalid contact format (non-string) for record with PIP number EMEA-003008-PIP01-21: [\"Medicago Inc.\",\"Email: atkinsj@medicago.com\",\"Tel. +1 4185694616\"]","timestamp":"2025-07-25T16:03:41.451Z"}
{"level":"warn","message":"Skipping invalid key in record: ","timestamp":"2025-07-25T16:03:41.451Z"}
{"level":"warn","message":"Invalid contact format (non-string) for record with PIP number EMEA-002887-PIP01-20: [\"BridgeBio Europe B.V.\",\"E-mail: info@mlbiosolutions.comTel: (704) 285-8153\"]","timestamp":"2025-07-25T16:03:41.452Z"}
{"level":"warn","message":"Skipping invalid key in record: ","timestamp":"2025-07-25T16:03:41.452Z"}
{"level":"warn","message":"Invalid contact format (non-string) for record with PIP number EMEA-002344-PIP02-18-M01: [\"Zambon S.p.A.\",\"E-mail: marzia.michieletto@zambongroup.com\",\"Tel.:  +39 0266524256\"]","timestamp":"2025-07-25T16:03:41.452Z"}
{"level":"warn","message":"Skipping invalid key in record: ","timestamp":"2025-07-25T16:03:41.452Z"}
{"level":"warn","message":"Invalid contact format (non-string) for record with PIP number EMEA-001030-PIP01-10-M10: [\"Janssen-Cilag International N.V.\",\"Tel. +32 14602111\",\"E-mail: contact@Janssen-emea.com\"]","timestamp":"2025-07-25T16:03:41.452Z"}
{"level":"warn","message":"Skipping invalid key in record: ","timestamp":"2025-07-25T16:03:41.452Z"}
{"level":"warn","message":"Invalid contact format (non-string) for record with PIP number EMEA-001115-PIP01-10-M08: [\"Ferrer Internacional\",\"S.A.\",\"E-mail: registros@ferrer.comTel.:  +34 935044423\"]","timestamp":"2025-07-25T16:03:41.453Z"}
{"level":"warn","message":"Skipping invalid key in record: ","timestamp":"2025-07-25T16:03:41.453Z"}
{"level":"warn","message":"Invalid contact format (non-string) for record with PIP number EMEA-001696-PIP01-14-M02: [\"Cytokinetics\",\"Inc.\",\"Tel.: +1 650 624 3000\",\"E-mail: regaffairs@cytokinetics.com\"]","timestamp":"2025-07-25T16:03:41.453Z"}
{"level":"warn","message":"Skipping invalid key in record: ","timestamp":"2025-07-25T16:03:41.453Z"}
{"level":"warn","message":"Invalid contact format (non-string) for record with PIP number EMEA-001410-PIP02-17-M04: [\"Takeda Pharm A/S\",\"E-mail: medinfoEMEA@takeda.com​\",\"Tel. +44 (0)3333 000181\"]","timestamp":"2025-07-25T16:03:41.453Z"}
{"level":"warn","message":"Skipping invalid key in record: ","timestamp":"2025-07-25T16:03:41.453Z"}
{"level":"warn","message":"Skipping invalid key in record: ","timestamp":"2025-07-25T16:03:41.454Z"}
{"level":"warn","message":"Invalid contact format (non-string) for record with PIP number EMEA-001127-PIP02-11-M02: [\"Dynavax GmbH\",\"E-mail: dynavaxmedinfo@lashgroup.com\",\"Tel. +49 21175845126\"]","timestamp":"2025-07-25T16:03:41.454Z"}
{"level":"warn","message":"Skipping invalid key in record: ","timestamp":"2025-07-25T16:03:41.454Z"}
{"level":"warn","message":"Invalid contact format (non-string) for record with PIP number EMEA-003190-PIP01-22: [\"Allergan Pharmaceuticals Ireland\",\"ML-EU_Reg_Affairs@Allergan.com\",\"+44 (0)1628494444\"]","timestamp":"2025-07-25T16:03:41.454Z"}
{"level":"warn","message":"Skipping invalid key in record: ","timestamp":"2025-07-25T16:03:41.454Z"}
{"level":"warn","message":"Invalid contact format (non-string) for record with PIP number EMEA-003181-PIP01-22: [\"OSE Immunotherapeutics\",\"gra@ose-immuno.com\",\"+33 (0)228291010\"]","timestamp":"2025-07-25T16:03:41.454Z"}
{"level":"warn","message":"Skipping invalid key in record: ","timestamp":"2025-07-25T16:03:41.455Z"}
{"level":"warn","message":"Invalid contact format (non-string) for record with PIP number EMEA-003115-PIP01-21: [\"SK Chemicals GmBH\",\"raulhead@skdiscovery.com\",\"+82 220082557\"]","timestamp":"2025-07-25T16:03:41.455Z"}
{"level":"warn","message":"Skipping invalid key in record: ","timestamp":"2025-07-25T16:03:41.455Z"}
{"level":"warn","message":"Invalid contact format (non-string) for record with PIP number EMEA-003085-PIP01-21: [\"Otsuka Pharmaceutical Netherlands B.V.\",\"paediatrics-info@otsuka-europe.com\",\"+49 69955044321\"]","timestamp":"2025-07-25T16:03:41.455Z"}
{"level":"warn","message":"Skipping invalid key in record: ","timestamp":"2025-07-25T16:03:41.455Z"}
{"level":"warn","message":"Invalid contact format (non-string) for record with PIP number EMEA-003186-PIP01-22: [\"Les Laboratoires Servier\",\"E-mail: mail.dcp-contact@servier.com\",\"Tel: +33 1 55 72 60 00\"]","timestamp":"2025-07-25T16:03:41.455Z"}
{"level":"warn","message":"Skipping invalid key in record: ","timestamp":"2025-07-25T16:03:41.455Z"}
{"level":"warn","message":"Invalid contact format (non-string) for record with PIP number EMEA-001310-PIP01-12-M03: [\"Consorzio per Valutazioni Biologiche e Farmacologiche\",\"Email: ricercaclinica@cvbf.net\",\"Tel. +39 0382 25075\"]","timestamp":"2025-07-25T16:03:41.455Z"}
{"level":"warn","message":"Skipping invalid key in record: ","timestamp":"2025-07-25T16:03:41.455Z"}
{"level":"warn","message":"Invalid contact format (non-string) for record with PIP number EMEA-003179-PIP01-22: [\"SFL Pharmaceuticals Deutschland GmbH\",\"Email: RA@sfl-services.com\",\"Tel. +49 7621 5500 250\"]","timestamp":"2025-07-25T16:03:41.455Z"}
{"level":"warn","message":"Skipping invalid key in record: ","timestamp":"2025-07-25T16:03:41.456Z"}
{"level":"warn","message":"Skipping invalid key in record: ","timestamp":"2025-07-25T16:03:41.456Z"}
{"level":"warn","message":"Invalid contact format (non-string) for record with PIP number EMEA-002696-PIP03-22: [\"Incyte Biosciences Distribution B.V.\",\"E-mail: RA@incyte.com\"]","timestamp":"2025-07-25T16:03:41.456Z"}
{"level":"warn","message":"Skipping invalid key in record: ","timestamp":"2025-07-25T16:03:41.456Z"}
{"level":"warn","message":"Invalid contact format (non-string) for record with PIP number EMEA-002694-PIP02-21: [\"GlaxoSmithKline Trading Services Ltd\",\"Tel. +1 4388998201\",\"E-mail: eu.paediatric-plans@gsk.com\"]","timestamp":"2025-07-25T16:03:41.456Z"}
{"level":"warn","message":"Skipping invalid key in record: ","timestamp":"2025-07-25T16:03:41.456Z"}
{"level":"warn","message":"Invalid contact format (non-string) for record with PIP number EMEA-002516-PIP02-21: [\"EigerBio Europe Limited\",\"E-mail: info@eigerbio.com\",\"Tel: +1 8778992051\"]","timestamp":"2025-07-25T16:03:41.456Z"}
{"level":"warn","message":"Skipping invalid key in record: ","timestamp":"2025-07-25T16:03:41.456Z"}
{"level":"warn","message":"Invalid contact format (non-string) for record with PIP number EMEA-003202-PIP01-22: [\"Galderma International S.A.S.\",\"E-mail: info@galderma.com\",\"Tel. +41 584558592\"]","timestamp":"2025-07-25T16:03:41.457Z"}
{"level":"warn","message":"Skipping invalid key in record: ","timestamp":"2025-07-25T16:03:41.457Z"}
{"level":"warn","message":"Invalid contact format (non-string) for record with PIP number EMEA-003199-PIP01-22: [\"Oncoinvent AS\",\"E-Mail: oncoinvent@oncoinvent.com\",\"Tel. +47 22183305\"]","timestamp":"2025-07-25T16:03:41.457Z"}
{"level":"warn","message":"Skipping invalid key in record: ","timestamp":"2025-07-25T16:03:41.457Z"}
{"level":"warn","message":"Invalid contact format (non-string) for record with PIP number EMEA-003193-PIP01-22: [\"Ixaka Iberia SLU\",\"E-Mail: jimmy.wong@ixaka.com\",\"Tel. +44 2038769808\"]","timestamp":"2025-07-25T16:03:41.457Z"}
{"level":"warn","message":"Skipping invalid key in record: ","timestamp":"2025-07-25T16:03:41.457Z"}
{"level":"info","message":"CSV Headers: Decision number,PIP number,Active substance,Invented name,Therapeutic area,Pharmaceutical forms,Condition / indication,Routes of administration,Decision type,Decision date,Compliance outcome,Compliance opinion date,Compliance procedure number,Contact for public enquiries,First published date,Last updated date,PIP URL,","timestamp":"2025-07-25T16:03:41.464Z"}
{"level":"warn","message":"Skipping invalid key in record: ","timestamp":"2025-07-25T16:03:41.464Z"}
{"level":"warn","message":"Invalid contact format (non-string) for record with PIP number EMEA-001693-PIP03-21: [\"Dompé farmaceutici S.p.A.\",\"E-mail: DAR@dompe.com\",\"Tel. +39 3669018586\"]","timestamp":"2025-07-25T16:03:41.464Z"}
{"level":"warn","message":"Skipping invalid key in record: ","timestamp":"2025-07-25T16:03:41.465Z"}
{"level":"warn","message":"Skipping invalid key in record: ","timestamp":"2025-07-25T16:03:41.465Z"}
{"level":"warn","message":"Invalid contact format (non-string) for record with PIP number EMEA-001964-PIP03-21: [\"GW Pharma (International) B.V.\",\"E-mail: info@gwpharm.com\",\"Tel: +44 1223266800\"]","timestamp":"2025-07-25T16:03:41.465Z"}
{"level":"warn","message":"Skipping invalid key in record: ","timestamp":"2025-07-25T16:03:41.465Z"}
{"level":"warn","message":"Skipping invalid key in record: ","timestamp":"2025-07-25T16:03:41.465Z"}
{"level":"warn","message":"Invalid contact format (non-string) for record with PIP number EMEA-003082-PIP01-21: [\"GlaxoSmithKline Trading Services Limited\",\"Tel. +1 4388998201\",\"E-mail: eu.paediatric-plans@gsk.com\"]","timestamp":"2025-07-25T16:03:41.465Z"}
{"level":"warn","message":"Skipping invalid key in record: ","timestamp":"2025-07-25T16:03:41.466Z"}
{"level":"warn","message":"Invalid contact format (non-string) for record with PIP number EMEA-003072-PIP01-21: [\"Instil Bio\",\"Inc.\",\"E-mail: info@propharmagroup.com\",\"Tel.:  +44 (0)2039119410\"]","timestamp":"2025-07-25T16:03:41.466Z"}
{"level":"warn","message":"Skipping invalid key in record: ","timestamp":"2025-07-25T16:03:41.466Z"}
{"level":"warn","message":"Invalid contact format (non-string) for record with PIP number EMEA-003059-PIP01-21: [\"Novo Nordisk A/S\",\"E-mail: paediatrics@novonordisk.com\",\"Tel.: +45 44448888\"]","timestamp":"2025-07-25T16:03:41.466Z"}
{"level":"warn","message":"Skipping invalid key in record: ","timestamp":"2025-07-25T16:03:41.466Z"}
{"level":"warn","message":"Invalid contact format (non-string) for record with PIP number EMEA-002846-PIP02-22: [\"Pharma Mar\",\"S.A.\",\"Email: regulatory@pharmamar.com\",\"Tel. +34 918466000\"]","timestamp":"2025-07-25T16:03:41.466Z"}
{"level":"warn","message":"Skipping invalid key in record: ","timestamp":"2025-07-25T16:03:41.466Z"}
{"level":"warn","message":"Invalid contact format (non-string) for record with PIP number EMEA-002737-PIP01-19: [\"PolTreg SA\",\"E-mail: office@poltreg.tech\",\"Tel.:  +48 504978536\"]","timestamp":"2025-07-25T16:03:41.466Z"}
{"level":"warn","message":"Skipping invalid key in record: ","timestamp":"2025-07-25T16:03:41.467Z"}
{"level":"warn","message":"Invalid contact format (non-string) for record with PIP number EMEA-003026-PIP02-21: [\"Inmunotek S.L.\",\"E-mail: medical@inmunotek.com\",\"Tel.: +34 691490175\"]","timestamp":"2025-07-25T16:03:41.467Z"}
{"level":"warn","message":"Skipping invalid key in record: ","timestamp":"2025-07-25T16:03:41.467Z"}
{"level":"warn","message":"Invalid contact format (non-string) for record with PIP number EMEA-003016-PIP01-21: [\"VectivBio AG\",\"E-mail: clinicaltrials@vectivbio.com\",\"Tel.:  +41 615513030\"]","timestamp":"2025-07-25T16:03:41.467Z"}
{"level":"warn","message":"Skipping invalid key in record: ","timestamp":"2025-07-25T16:03:41.467Z"}
{"level":"warn","message":"Invalid contact format (non-string) for record with PIP number EMEA-002983-PIP01-21: [\"Selecta Biosciences\",\"Inc.\",\"E-mail: ptraber@selectabio.com\",\"Tel.:  +1 6179231400\"]","timestamp":"2025-07-25T16:03:41.467Z"}
{"level":"warn","message":"Skipping invalid key in record: ","timestamp":"2025-07-25T16:03:41.467Z"}
{"level":"warn","message":"Invalid contact format (non-string) for record with PIP number EMEA-002982-PIP01-21: [\"Selecta Biosciences\",\"Inc.\",\"E-mail: ptraber@selectabio.com\",\"Tel.:  +1 6179231400\"]","timestamp":"2025-07-25T16:03:41.467Z"}
{"level":"warn","message":"Skipping invalid key in record: ","timestamp":"2025-07-25T16:03:41.467Z"}
{"level":"warn","message":"Skipping invalid key in record: ","timestamp":"2025-07-25T16:03:41.467Z"}
{"level":"warn","message":"Invalid contact format (non-string) for record with PIP number EMEA-002487-PIP01-18: [\"Reata Ireland Limited\",\"E-mail: neila.benabadji@reatapharma.com\",\"Tel. +41 782316350\"]","timestamp":"2025-07-25T16:03:41.468Z"}
{"level":"warn","message":"Skipping invalid key in record: ","timestamp":"2025-07-25T16:03:41.468Z"}
{"level":"warn","message":"Invalid contact format (non-string) for record with PIP number EMEA-001742-PIP01-14-M01: [\"Boehringer Ingelheim International GmbH\",\"Tel. +49 6132 778271\",\"Email: Paediatrics@boehringer-ingelheim.com\"]","timestamp":"2025-07-25T16:03:41.468Z"}
{"level":"warn","message":"Skipping invalid key in record: ","timestamp":"2025-07-25T16:03:41.468Z"}
{"level":"warn","message":"Invalid contact format (non-string) for record with PIP number EMEA-001665-PIP01-14-M06: [\"bluebird bio (Netherlands) B.V.\",\"E-mail: patient.advocacy@bluebirdbio.com\",\"Tel. +1 3394999300\"]","timestamp":"2025-07-25T16:03:41.468Z"}
{"level":"warn","message":"Skipping invalid key in record: ","timestamp":"2025-07-25T16:03:41.468Z"}
{"level":"warn","message":"Skipping invalid key in record: ","timestamp":"2025-07-25T16:03:41.468Z"}
{"level":"warn","message":"Skipping invalid key in record: ","timestamp":"2025-07-25T16:03:41.468Z"}
{"level":"warn","message":"Invalid contact format (non-string) for record with PIP number EMEA-000696-PIP02-10-M08: [\"BIAL - Portela & Ca\",\"SA\",\"E-mail: info@bial.com\",\"Tel. +351 229866100\"]","timestamp":"2025-07-25T16:03:41.468Z"}
{"level":"warn","message":"Skipping invalid key in record: ","timestamp":"2025-07-25T16:03:41.468Z"}
{"level":"warn","message":"Invalid contact format (non-string) for record with PIP number EMEA-000816-PIP02-10-M03: [\"IPSEN Consumer Healthcare\",\"Email: ch_ra@ipsen.com\",\"Tel. +33 158335500\"]","timestamp":"2025-07-25T16:03:41.469Z"}
{"level":"warn","message":"Skipping invalid key in record: ","timestamp":"2025-07-25T16:03:41.469Z"}
{"level":"warn","message":"Invalid contact format (non-string) for record with PIP number EMEA-001521-PIP01-13-M06: [\"Bristol-Myers Squibb Pharma EEIG\",\"Email: medical.information@bms.com\",\"Tel. +44 1895523740\"]","timestamp":"2025-07-25T16:03:41.469Z"}
{"level":"warn","message":"Skipping invalid key in record: ","timestamp":"2025-07-25T16:03:41.469Z"}
{"level":"warn","message":"Skipping invalid key in record: ","timestamp":"2025-07-25T16:03:41.469Z"}
{"level":"warn","message":"Invalid contact format (non-string) for record with PIP number EMEA-002054-PIP01-16-M03: [\"Albireo AB\",\"Tel. +46 31741 14 80\",\"E-mail: info@albireopharma.com\"]","timestamp":"2025-07-25T16:03:41.469Z"}
{"level":"warn","message":"Skipping invalid key in record: ","timestamp":"2025-07-25T16:03:41.469Z"}
{"level":"warn","message":"Invalid contact format (non-string) for record with PIP number EMEA-002113-PIP01-16-M01: [\"Khondrion BV\",\"Email: info@khondrion.com\",\"Tel. +31 243617505\"]","timestamp":"2025-07-25T16:03:41.469Z"}
{"level":"warn","message":"Skipping invalid key in record: ","timestamp":"2025-07-25T16:03:41.469Z"}
{"level":"warn","message":"Invalid contact format (non-string) for record with PIP number EMEA-003158-PIP01-21: [\"Kyowa Kirin Holdings B.V.\",\"Email: comms@kyowakirin.com\",\"Tel. +44 (0)1896664000\"]","timestamp":"2025-07-25T16:03:41.470Z"}
{"level":"warn","message":"Skipping invalid key in record: ","timestamp":"2025-07-25T16:03:41.470Z"}
{"level":"warn","message":"Invalid contact format (non-string) for record with PIP number EMEA-001501-PIP11-21: [\"Sanofi-Aventis Groupe\",\"contact-us@sanofi.com\",\"+33 169745695\"]","timestamp":"2025-07-25T16:03:41.470Z"}
{"level":"warn","message":"Skipping invalid key in record: ","timestamp":"2025-07-25T16:03:41.470Z"}
{"level":"warn","message":"Invalid contact format (non-string) for record with PIP number EMEA-002945-PIP02-21: [\"Sanofi Winthrop Industrie\",\"Email: contact-us@sanofi.com\",\"Tel: +31 202 453 703\"]","timestamp":"2025-07-25T16:03:41.470Z"}
{"level":"warn","message":"Skipping invalid key in record: ","timestamp":"2025-07-25T16:03:41.470Z"}
{"level":"warn","message":"Invalid contact format (non-string) for record with PIP number EMEA-002594-PIP03-21: [\"Helsinn Birex Pharmaceuticals Ltd.\",\"Email: Info-HHC@helsinn.com\",\"Tel. +353 18225404\"]","timestamp":"2025-07-25T16:03:41.470Z"}
{"level":"warn","message":"Skipping invalid key in record: ","timestamp":"2025-07-25T16:03:41.470Z"}
{"level":"warn","message":"Invalid contact format (non-string) for record with PIP number EMEA-003040-PIP02-21: [\"Life Molecular Imaging GmbH\",\"Email: gra@life-mi.com\",\"Tel. +49 30461124603\"]","timestamp":"2025-07-25T16:03:41.470Z"}
{"level":"warn","message":"Skipping invalid key in record: ","timestamp":"2025-07-25T16:03:41.471Z"}
{"level":"warn","message":"Invalid contact format (non-string) for record with PIP number EMEA-003159-PIP01-21: [\"Pliant Therapeutics Inc.\",\"Email: info@pliantrx.com\",\"Tel. +1 6504816770\"]","timestamp":"2025-07-25T16:03:41.471Z"}
{"level":"warn","message":"Skipping invalid key in record: ","timestamp":"2025-07-25T16:03:41.471Z"}
{"level":"warn","message":"Invalid contact format (non-string) for record with PIP number EMEA-002350-PIP02-20: [\"Bristol-Myers Squibb International Corporation\",\"E-mail: medical.information@bms.com\",\"Tel. +44 1423 533 610\"]","timestamp":"2025-07-25T16:03:41.471Z"}
{"level":"warn","message":"Skipping invalid key in record: ","timestamp":"2025-07-25T16:03:41.471Z"}
{"level":"warn","message":"Invalid contact format (non-string) for record with PIP number EMEA-003058-PIP01-21: [\"Merck Sharp & Dohme (Europe)\",\"Inc.\",\"Email: pip.information@merck.com\",\"Tel. +31 412663179\"]","timestamp":"2025-07-25T16:03:41.471Z"}
{"level":"warn","message":"Skipping invalid key in record: ","timestamp":"2025-07-25T16:03:41.471Z"}
{"level":"warn","message":"Invalid contact format (non-string) for record with PIP number EMEA-002645-PIP03-21: [\"Gilead Sciences International Ltd.\",\"Tel. +44 (0)1223 897 300\",\"E-mail: regulatory.pip@gilead.com\"]","timestamp":"2025-07-25T16:03:41.471Z"}
{"level":"warn","message":"Skipping invalid key in record: ","timestamp":"2025-07-25T16:03:41.472Z"}
{"level":"warn","message":"Invalid contact format (non-string) for record with PIP number EMEA-003167-PIP01-21: [\"Passage Bio\",\"Inc.\",\"Email: info@passagebio.com\",\"Tel. +1 2678660311\"]","timestamp":"2025-07-25T16:03:41.472Z"}
{"level":"warn","message":"Skipping record with missing or invalid Active substance: {\"Decision number\":\"P/0182/2022\",\"PIP number\":\"EMEA-003167-PIP01-21\",\"Active substance\":null,\"Invented name\":\"deno-associated virus vector serotype 1 containing the human GRN\",\"Therapeutic area\":\"Neurology\",\"Pharmaceutical forms\":\"All pharmaceutical forms\",\"Condition / indication\":\"Treatment of frontotemporal dementia\",\"Routes of administration\":\"All routes of administration\",\"Decision type\":\"W: decision granting a waiver in all age groups for all conditions or indications\",\"Decision date\":\"2022-05-13T00:00:00.000Z\",\"Compliance outcome\":null,\"Compliance opinion date\":null,\"Compliance procedure number\":null,\"Contact for public enquiries\":{\"company\":null,\"email\":null,\"phone\":null},\"First published date\":\"2023-05-11T00:00:00.000Z\",\"Last updated date\":null,\"PIP URL\":\"https://www.ema.europa.eu/en/medicines/human/paediatric-investigation-plans/emea-003167-pip01-21\"}","timestamp":"2025-07-25T16:03:41.472Z"}
{"level":"warn","message":"Skipping invalid key in record: ","timestamp":"2025-07-25T16:03:41.472Z"}
{"level":"warn","message":"Invalid contact format (non-string) for record with PIP number EMEA-003169-PIP01-21: [\"Cogent Biosciences\",\"Inc\",\"Email: paediatrics@cogentbio.com\",\"Tel. +1 6179455576\"]","timestamp":"2025-07-25T16:03:41.472Z"}
{"level":"warn","message":"Skipping invalid key in record: ","timestamp":"2025-07-25T16:03:41.472Z"}
{"level":"warn","message":"Invalid contact format (non-string) for record with PIP number EMEA-003164-PIP01-21: [\"Faes Farma S.A.Tel. +34 944818300E-mail: ieguidazu@faes.es\",\"mjarenal@faes.es\"]","timestamp":"2025-07-25T16:03:41.472Z"}
{"level":"warn","message":"Skipping invalid key in record: ","timestamp":"2025-07-25T16:03:41.472Z"}
{"level":"warn","message":"Invalid contact format (non-string) for record with PIP number EMEA-002684-PIP02-21: [\"Agios Netherlands B.V.\",\"Email: medinfo@agios.com\",\"Tel. +1 8332288474\"]","timestamp":"2025-07-25T16:03:41.472Z"}
{"level":"warn","message":"Skipping invalid key in record: ","timestamp":"2025-07-25T16:03:41.473Z"}
{"level":"warn","message":"Invalid contact format (non-string) for record with PIP number EMEA-003020-PIP01-21: [\"Lysogene\",\"E-mail: contact@lysogene.com\",\"Tel. +33 141430390\"]","timestamp":"2025-07-25T16:03:41.473Z"}
{"level":"warn","message":"Skipping invalid key in record: ","timestamp":"2025-07-25T16:03:41.473Z"}
{"level":"warn","message":"Invalid contact format (non-string) for record with PIP number EMEA-002997-PIP02-22: [\"Alector\",\"Inc.\",\"E-mail: info@alector.com\",\"Tel: +1 4152315660\"]","timestamp":"2025-07-25T16:03:41.473Z"}
{"level":"warn","message":"Skipping invalid key in record: ","timestamp":"2025-07-25T16:03:41.473Z"}
{"level":"warn","message":"Invalid contact format (non-string) for record with PIP number EMEA-003173-PIP01-21: [\"Les Laboratoires Servier\",\"E-mail: mail.dcp-contact@servier.com\",\"Tel: +33 1 55 72 60 00\"]","timestamp":"2025-07-25T16:03:41.473Z"}
{"level":"warn","message":"Skipping invalid key in record: ","timestamp":"2025-07-25T16:03:41.473Z"}
{"level":"warn","message":"Invalid contact format (non-string) for record with PIP number EMEA-003175-PIP01-21: [\"Regeneron Ireland DAC\",\"Tel. +1 9148 475385\",\"E-mail: clinicaltrials@regeneron.com\"]","timestamp":"2025-07-25T16:03:41.473Z"}
{"level":"warn","message":"Skipping invalid key in record: ","timestamp":"2025-07-25T16:03:41.473Z"}
{"level":"warn","message":"Invalid contact format (non-string) for record with PIP number EMEA-003017-PIP01-21: [\"Anthos Therapeutics\",\"Inc.\",\"E-mail: info@anthostherapeutics.com\",\"Tel: +1 6174604000\"]","timestamp":"2025-07-25T16:03:41.473Z"}
{"level":"warn","message":"Skipping invalid key in record: ","timestamp":"2025-07-25T16:03:41.474Z"}
{"level":"warn","message":"Invalid contact format (non-string) for record with PIP number EMEA-003138-PIP01-21: [\"Amgen Europe BV\",\"E-mail: medinfointernational@amgen.com\",\"Tel. +44 (0)1223 420305\"]","timestamp":"2025-07-25T16:03:41.474Z"}
{"level":"info","message":"CSV Headers: Decision number,PIP number,Active substance,Invented name,Therapeutic area,Pharmaceutical forms,Condition / indication,Routes of administration,Decision type,Decision date,Compliance outcome,Compliance opinion date,Compliance procedure number,Contact for public enquiries,First published date,Last updated date,PIP URL,","timestamp":"2025-07-25T16:03:41.484Z"}
{"level":"warn","message":"Skipping invalid key in record: ","timestamp":"2025-07-25T16:03:41.484Z"}
{"level":"warn","message":"Skipping invalid key in record: ","timestamp":"2025-07-25T16:03:41.484Z"}
{"level":"warn","message":"Invalid contact format (non-string) for record with PIP number EMEA-003132-PIP01-21: [\"Dizal (Jiangsu) Pharmaceutical Co.\",\"Ltd\",\"E-mail: info@dizalpharma.com\",\"Tel: +86 2161097800\"]","timestamp":"2025-07-25T16:03:41.484Z"}
{"level":"warn","message":"Skipping invalid key in record: ","timestamp":"2025-07-25T16:03:41.484Z"}
{"level":"warn","message":"Invalid contact format (non-string) for record with PIP number EMEA-003127-PIP01-21: [\"AstraZeneca AB\",\"E-mail: paediatrics@astrazeneca.com\",\"Tel. +46 8553 27591\"]","timestamp":"2025-07-25T16:03:41.484Z"}
{"level":"warn","message":"Skipping invalid key in record: ","timestamp":"2025-07-25T16:03:41.484Z"}
{"level":"warn","message":"Invalid contact format (non-string) for record with PIP number EMEA-003125-PIP01-21: [\"EigerBio Europe Limited\",\"E-mail: info@eigerbio.com\",\"Tel: +1 8778992051\"]","timestamp":"2025-07-25T16:03:41.484Z"}
{"level":"warn","message":"Skipping invalid key in record: ","timestamp":"2025-07-25T16:03:41.485Z"}
{"level":"warn","message":"Skipping invalid key in record: ","timestamp":"2025-07-25T16:03:41.485Z"}
{"level":"warn","message":"Skipping invalid key in record: ","timestamp":"2025-07-25T16:03:41.485Z"}
{"level":"warn","message":"Invalid contact format (non-string) for record with PIP number EMEA-001996-PIP02-16-M01: [\"Emmaus Medical Europe Ltd.\",\"+1 310 214 0075\",\"cstark@emmausmedical.com\"]","timestamp":"2025-07-25T16:03:41.485Z"}
{"level":"warn","message":"Skipping invalid key in record: ","timestamp":"2025-07-25T16:03:41.485Z"}
{"level":"warn","message":"Invalid contact format (non-string) for record with PIP number EMEA-001523-PIP05-19-M01: [\"Janssen-Cilag International N.V.\",\"Tel.  +32 14602111\",\"E-mail: contact@janssen-emea.com\"]","timestamp":"2025-07-25T16:03:41.485Z"}
{"level":"warn","message":"Skipping invalid key in record: ","timestamp":"2025-07-25T16:03:41.485Z"}
{"level":"warn","message":"Invalid contact format (non-string) for record with PIP number EMEA-002492-PIP01-18-M02: [\"Nektar Therapeutics\",\"E-mail: studyinquiry@nektar.com\",\"Tel. +1 8554 828676\"]","timestamp":"2025-07-25T16:03:41.485Z"}
{"level":"warn","message":"Skipping invalid key in record: ","timestamp":"2025-07-25T16:03:41.485Z"}
{"level":"warn","message":"Invalid contact format (non-string) for record with PIP number EMEA-002250-PIP02-17-M01: [\"Summit Limited\",\"david.gancarz@summitplc.com\",\"+1 (508)4500187\"]","timestamp":"2025-07-25T16:03:41.485Z"}
{"level":"warn","message":"Skipping invalid key in record: ","timestamp":"2025-07-25T16:03:41.485Z"}
{"level":"warn","message":"Skipping invalid key in record: ","timestamp":"2025-07-25T16:03:41.486Z"}
{"level":"warn","message":"Invalid contact format (non-string) for record with PIP number EMEA-000932-PIP01-10-M02: [\"ROXALL Medizin GmbH\",\"info@roxall.deGermany\",\"Phone: +49 408972520\",\"Fax: +49 4089725223\"]","timestamp":"2025-07-25T16:03:41.486Z"}
{"level":"warn","message":"Skipping invalid key in record: ","timestamp":"2025-07-25T16:03:41.486Z"}
{"level":"warn","message":"Invalid contact format (non-string) for record with PIP number EMEA-003053-PIP01-21: [\"Arctic Bioscience (previously Arctic Nutrition AS)\",\"E-mail: runhild@arctic-bioscience.com\",\"Tel: +47 95933436\"]","timestamp":"2025-07-25T16:03:41.486Z"}
{"level":"warn","message":"Skipping invalid key in record: ","timestamp":"2025-07-25T16:03:41.486Z"}
{"level":"warn","message":"Invalid contact format (non-string) for record with PIP number EMEA-002146-PIP01-17-M04: [\"Pfizer Europe MA EEIG\",\"Tel. +44 (0)1304 646 607\",\"E-mail: pip_enquiries@pfizer.com\"]","timestamp":"2025-07-25T16:03:41.486Z"}
{"level":"warn","message":"Skipping invalid key in record: ","timestamp":"2025-07-25T16:03:41.486Z"}
{"level":"warn","message":"Invalid contact format (non-string) for record with PIP number EMEA-002106-PIP01-16-M02: [\"Minoryx Therapeutics S.L.\",\"Tel. ++34 935441466\",\"E-mail: umeya@minoryx.com\"]","timestamp":"2025-07-25T16:03:41.486Z"}
{"level":"warn","message":"Skipping invalid key in record: ","timestamp":"2025-07-25T16:03:41.486Z"}
{"level":"warn","message":"Invalid contact format (non-string) for record with PIP number EMEA-002010-PIP01-16-M03: [\"Kite Pharma EU B.V.\",\"Tel. +1 4242091332\",\"E-mail: regulatory@kitepharma.com\"]","timestamp":"2025-07-25T16:03:41.486Z"}
{"level":"warn","message":"Skipping invalid key in record: ","timestamp":"2025-07-25T16:03:41.486Z"}
{"level":"warn","message":"Invalid contact format (non-string) for record with PIP number EMEA-003041-PIP01-21: [\"Checkpoint Therapeutics\",\"Inc.\",\"E-mail: info@checkpointtx.com\",\"Tel: +1 7816524500\"]","timestamp":"2025-07-25T16:03:41.486Z"}
{"level":"warn","message":"Skipping invalid key in record: ","timestamp":"2025-07-25T16:03:41.487Z"}
{"level":"warn","message":"Skipping invalid key in record: ","timestamp":"2025-07-25T16:03:41.487Z"}
{"level":"warn","message":"Invalid contact format (non-string) for record with PIP number EMEA-003009-PIP01-21: [\"Miltenyi Biomedicine GmbH\",\"E-mail: biomedicine@miltenyi.com\",\"Tel: +49 22048306820\"]","timestamp":"2025-07-25T16:03:41.487Z"}
{"level":"warn","message":"Skipping invalid key in record: ","timestamp":"2025-07-25T16:03:41.487Z"}
{"level":"warn","message":"Skipping invalid key in record: ","timestamp":"2025-07-25T16:03:41.487Z"}
{"level":"warn","message":"Invalid contact format (non-string) for record with PIP number EMEA-001554-PIP01-13-M03: [\"Amgen Europe B.V.\",\"E-mail: medinfointernational@amgen.com\",\"Tel. +44 (0)1223 420305\"]","timestamp":"2025-07-25T16:03:41.487Z"}
{"level":"warn","message":"Skipping invalid key in record: ","timestamp":"2025-07-25T16:03:41.487Z"}
{"level":"warn","message":"Invalid contact format (non-string) for record with PIP number EMEA-002987-PIP01-21: [\"Clover Biopharmaceuticals Ireland Limited\",\"E-mail: info.ireland@cloverbiopharma.com\",\"Tel: +86 13601009684\"]","timestamp":"2025-07-25T16:03:41.487Z"}
{"level":"warn","message":"Skipping invalid key in record: ","timestamp":"2025-07-25T16:03:41.487Z"}
{"level":"warn","message":"Invalid contact format (non-string) for record with PIP number EMEA-001491-PIP01-13-M02: [\"Zydus France S.A.S.\",\"philippe.dupont@zydusfrance.com\",\"+33 141191860\"]","timestamp":"2025-07-25T16:03:41.487Z"}
{"level":"warn","message":"Skipping invalid key in record: ","timestamp":"2025-07-25T16:03:41.487Z"}
{"level":"warn","message":"Skipping invalid key in record: ","timestamp":"2025-07-25T16:03:41.488Z"}
{"level":"warn","message":"Skipping invalid key in record: ","timestamp":"2025-07-25T16:03:41.488Z"}
{"level":"warn","message":"Invalid contact format (non-string) for record with PIP number EMEA-001428-PIP03-15-M02: [\"Janssen-Cilag International NV\",\"Tel. +32 1460 2111\",\"E-mail: contact@janssen-emea.com\"]","timestamp":"2025-07-25T16:03:41.488Z"}
{"level":"warn","message":"Skipping invalid key in record: ","timestamp":"2025-07-25T16:03:41.488Z"}
{"level":"warn","message":"Skipping invalid key in record: ","timestamp":"2025-07-25T16:03:41.488Z"}
{"level":"warn","message":"Invalid contact format (non-string) for record with PIP number EMEA-003151-PIP01-21: [\"KRKA\",\"d.d.\",\"Novo mesto\",\"+386 73312657\",\"stasa.taferner@krka.biz\"]","timestamp":"2025-07-25T16:03:41.488Z"}
{"level":"warn","message":"Skipping invalid key in record: ","timestamp":"2025-07-25T16:03:41.488Z"}
{"level":"warn","message":"Invalid contact format (non-string) for record with PIP number EMEA-001186-PIP01-11-M03: [\"Incyte Biosciences Distribution B.V.\",\"E-mail: globalmedinfo@incyte.com\",\"Tel. +800 0002 7423\"]","timestamp":"2025-07-25T16:03:41.488Z"}
{"level":"warn","message":"Skipping invalid key in record: ","timestamp":"2025-07-25T16:03:41.488Z"}
{"level":"warn","message":"Invalid contact format (non-string) for record with PIP number EMEA-003146-PIP01-21: [\"PharOS Pharmaceutical Oriented Services Single Member Ltd\",\"Tel:  +30 2106664667\",\"E-mail: pharmacovigilance@pharosgr.gr\"]","timestamp":"2025-07-25T16:03:41.489Z"}
{"level":"warn","message":"Skipping invalid key in record: ","timestamp":"2025-07-25T16:03:41.489Z"}
{"level":"warn","message":"Invalid contact format (non-string) for record with PIP number EMEA-000525-PIP01-08-M08: [\"Insmed Netherlands B.V.\",\"E-mail: medicalinformation@insmed.com\",\"Telephone: +1 9089474303\"]","timestamp":"2025-07-25T16:03:41.489Z"}
{"level":"warn","message":"Skipping invalid key in record: ","timestamp":"2025-07-25T16:03:41.489Z"}
{"level":"warn","message":"Skipping invalid key in record: ","timestamp":"2025-07-25T16:03:41.489Z"}
{"level":"warn","message":"Invalid contact format (non-string) for record with PIP number EMEA-002979-PIP01-21: [\"FibroGen\",\"Inc.\",\"+1 4159781200\",\"ecarrier@fibrogen.com\"]","timestamp":"2025-07-25T16:03:41.489Z"}
{"level":"warn","message":"Skipping invalid key in record: ","timestamp":"2025-07-25T16:03:41.489Z"}
{"level":"warn","message":"Skipping invalid key in record: ","timestamp":"2025-07-25T16:03:41.489Z"}
{"level":"warn","message":"Invalid contact format (non-string) for record with PIP number EMEA-002919-PIP02-21: [\"Eli Lilly & Company Limited\",\"E-mail: eu_paediatric@lilly.com\",\"Tel. +44 (0)1276 483000\"]","timestamp":"2025-07-25T16:03:41.489Z"}
{"level":"warn","message":"Skipping invalid key in record: ","timestamp":"2025-07-25T16:03:41.490Z"}
{"level":"warn","message":"Invalid contact format (non-string) for record with PIP number EMEA-002853-PIP01-20: [\"NS Pharma\",\"Inc.\",\"E-mail: regulatory@nspharma.com\",\"Tel: 2013229148\"]","timestamp":"2025-07-25T16:03:41.490Z"}
{"level":"warn","message":"Skipping invalid key in record: ","timestamp":"2025-07-25T16:03:41.490Z"}
{"level":"warn","message":"Invalid contact format (non-string) for record with PIP number EMEA-002925-PIP01-20-M02: [\"AstraZeneca AB\",\"E-mail: paediatrics@astrazeneca.com\",\"Tel. +46 8553 27591\"]","timestamp":"2025-07-25T16:03:41.490Z"}
{"level":"warn","message":"Skipping invalid key in record: ","timestamp":"2025-07-25T16:03:41.490Z"}
{"level":"warn","message":"Skipping invalid key in record: ","timestamp":"2025-07-25T16:03:41.490Z"}
{"level":"warn","message":"Invalid contact format (non-string) for record with PIP number EMEA-002900-PIP01-20-M02: [\"AstraZeneca AB\",\"E-mail: paediatrics@astrazeneca.com\",\"Tel. +46 8553 27591\"]","timestamp":"2025-07-25T16:03:41.490Z"}
{"level":"warn","message":"Skipping invalid key in record: ","timestamp":"2025-07-25T16:03:41.490Z"}
{"level":"warn","message":"Invalid contact format (non-string) for record with PIP number EMEA-002681-PIP02-21: [\"UCB Pharma S.A.\",\"E-mail: UCBCares.IE@ucb.com\",\"Tel. +353 1463 2371\"]","timestamp":"2025-07-25T16:03:41.490Z"}
{"level":"warn","message":"Skipping invalid key in record: ","timestamp":"2025-07-25T16:03:41.490Z"}
{"level":"warn","message":"Invalid contact format (non-string) for record with PIP number EMEA-002802-PIP02-21: [\"Deciphera Pharmaceuticals\",\"E-mail: info@deciphera.com\",\"Tel.: +1 7812096400\"]","timestamp":"2025-07-25T16:03:41.490Z"}
{"level":"warn","message":"Skipping invalid key in record: ","timestamp":"2025-07-25T16:03:41.490Z"}
{"level":"warn","message":"Invalid contact format (non-string) for record with PIP number EMEA-002317-PIP02-21: [\"ReGenesys BVBA (Athersys)\",\"pip@athersys.com\",\"+1 2162153071\"]","timestamp":"2025-07-25T16:03:41.491Z"}
{"level":"warn","message":"Skipping invalid key in record: ","timestamp":"2025-07-25T16:03:41.491Z"}
{"level":"warn","message":"Skipping invalid key in record: ","timestamp":"2025-07-25T16:03:41.491Z"}
{"level":"info","message":"CSV Headers: Decision number,PIP number,Active substance,Invented name,Therapeutic area,Pharmaceutical forms,Condition / indication,Routes of administration,Decision type,Decision date,Compliance outcome,Compliance opinion date,Compliance procedure number,Contact for public enquiries,First published date,Last updated date,PIP URL,","timestamp":"2025-07-25T16:03:41.499Z"}
{"level":"warn","message":"Skipping invalid key in record: ","timestamp":"2025-07-25T16:03:41.499Z"}
{"level":"warn","message":"Invalid contact format (non-string) for record with PIP number EMEA-001733-PIP02-15-M02: [\"Pfizer Europe MA EEIG\",\"Tel. +44 (0)1304 646 607\",\"E-mail: pip_enquiries@pfizer.com\"]","timestamp":"2025-07-25T16:03:41.499Z"}
{"level":"warn","message":"Skipping invalid key in record: ","timestamp":"2025-07-25T16:03:41.500Z"}
{"level":"warn","message":"Invalid contact format (non-string) for record with PIP number EMEA-000373-PIP02-09-M05: [\"Covis Pharma Europe B.V.\",\"Email: medinfoEMEA@covispharma.com\",\"Tel. 08000270008\"]","timestamp":"2025-07-25T16:03:41.500Z"}
{"level":"warn","message":"Skipping invalid key in record: ","timestamp":"2025-07-25T16:03:41.500Z"}
{"level":"warn","message":"Invalid contact format (non-string) for record with PIP number EMEA-000181-PIP01-08-M06: [\"GW Pharma (International) B.V\",\"Email: medinfo@gwpharm.com\",\"Tel. +44 (0)1223266800\"]","timestamp":"2025-07-25T16:03:41.500Z"}
{"level":"warn","message":"Skipping invalid key in record: ","timestamp":"2025-07-25T16:03:41.500Z"}
{"level":"warn","message":"Invalid contact format (non-string) for record with PIP number EMEA-002696-PIP02-21: [\"Incyte Biosciences Distribution B.V.\",\"E-mail: RA@incyte.com\"]","timestamp":"2025-07-25T16:03:41.500Z"}
{"level":"warn","message":"Skipping invalid key in record: ","timestamp":"2025-07-25T16:03:41.500Z"}
{"level":"warn","message":"Invalid contact format (non-string) for record with PIP number EMEA-002555-PIP02-21: [\"Biogen Netherlands B.V.\",\"E-mail: pip.enquiries@biogen.com\",\"Tel: +44 (0)1628512586\"]","timestamp":"2025-07-25T16:03:41.500Z"}
{"level":"warn","message":"Skipping invalid key in record: ","timestamp":"2025-07-25T16:03:41.500Z"}
{"level":"warn","message":"Skipping invalid key in record: ","timestamp":"2025-07-25T16:03:41.501Z"}
{"level":"warn","message":"Invalid contact format (non-string) for record with PIP number EMEA-001649-PIP02-21: [\"Bristol-Myers Squibb EEIG\",\"E-mail: medical.information@bms.com\",\"Tel: +44 1423533610\"]","timestamp":"2025-07-25T16:03:41.501Z"}
{"level":"warn","message":"Skipping invalid key in record: ","timestamp":"2025-07-25T16:03:41.501Z"}
{"level":"warn","message":"Invalid contact format (non-string) for record with PIP number EMEA-002996-PIP01-21: [\"Janssen-Cilag International NV\",\"Tel. +32 1460 2111\",\"E-mail: contact@janssen-emea.com\"]","timestamp":"2025-07-25T16:03:41.501Z"}
{"level":"warn","message":"Skipping invalid key in record: ","timestamp":"2025-07-25T16:03:41.501Z"}
{"level":"warn","message":"Invalid contact format (non-string) for record with PIP number EMEA-002684-PIP01-19-M01: [\"Agios Pharmaceuticals\",\"Inc.\",\"Tel.  +1 8332288474\",\"E-mail: medinfo@agios.com\"]","timestamp":"2025-07-25T16:03:41.501Z"}
{"level":"warn","message":"Skipping invalid key in record: ","timestamp":"2025-07-25T16:03:41.501Z"}
{"level":"warn","message":"Skipping invalid key in record: ","timestamp":"2025-07-25T16:03:41.501Z"}
{"level":"warn","message":"Skipping invalid key in record: ","timestamp":"2025-07-25T16:03:41.501Z"}
{"level":"warn","message":"Skipping invalid key in record: ","timestamp":"2025-07-25T16:03:41.502Z"}
{"level":"warn","message":"Invalid contact format (non-string) for record with PIP number EMEA-003106-PIP01-21: [\"SFL Pharmaceuticals Deutschland GmbH\",\"sfl@sfl-services.com\",\"info@sfl-pharma.eu\",\"+41 787842804\"]","timestamp":"2025-07-25T16:03:41.502Z"}
{"level":"warn","message":"Skipping invalid key in record: ","timestamp":"2025-07-25T16:03:41.502Z"}
{"level":"warn","message":"Invalid contact format (non-string) for record with PIP number EMEA-003104-PIP01-21: [\"Merck\",\"Sharp & Dohme (Europe) Inc.\",\"Tel. +33 180464738\",\"E-mail: pip.information@merck.com\"]","timestamp":"2025-07-25T16:03:41.502Z"}
{"level":"warn","message":"Skipping invalid key in record: ","timestamp":"2025-07-25T16:03:41.502Z"}
{"level":"warn","message":"Invalid contact format (non-string) for record with PIP number EMEA-003101-PIP01-21: [\"Pharmascience International Limited\",\"fduchesna@pharmascience.com\",\"+33 272247361\"]","timestamp":"2025-07-25T16:03:41.502Z"}
{"level":"warn","message":"Skipping invalid key in record: ","timestamp":"2025-07-25T16:03:41.502Z"}
{"level":"warn","message":"Skipping invalid key in record: ","timestamp":"2025-07-25T16:03:41.502Z"}
{"level":"warn","message":"Invalid contact format (non-string) for record with PIP number EMEA-002992-PIP01-21: [\"Incyte Biosciences Distribution B.V.\",\"E-mail: globalmedinfo@incyte.com\",\"Tel. +800 0002 7423\"]","timestamp":"2025-07-25T16:03:41.502Z"}
{"level":"warn","message":"Skipping invalid key in record: ","timestamp":"2025-07-25T16:03:41.503Z"}
{"level":"warn","message":"Invalid contact format (non-string) for record with PIP number EMEA-002933-PIP01-20: [\"Evelo Biosciences\",\"Inc.\",\"info@evelobio.com\",\"+1 6175770300\"]","timestamp":"2025-07-25T16:03:41.503Z"}
{"level":"warn","message":"Skipping invalid key in record: ","timestamp":"2025-07-25T16:03:41.503Z"}
{"level":"warn","message":"Invalid contact format (non-string) for record with PIP number EMEA-002971-PIP01-21: [\"SpringWorks Therapeutics\",\"Inc\",\"clinical.inquiries@springworkstx.com\",\"+1 9197901002\"]","timestamp":"2025-07-25T16:03:41.503Z"}
{"level":"warn","message":"Skipping invalid key in record: ","timestamp":"2025-07-25T16:03:41.503Z"}
{"level":"warn","message":"Invalid contact format (non-string) for record with PIP number EMEA-002970-PIP01-21: [\"Spruce Biosciences\",\"Inc.\",\"E-mail: info@scendea.com\",\"Tel: +31 0208 949169\"]","timestamp":"2025-07-25T16:03:41.503Z"}
{"level":"warn","message":"Skipping invalid key in record: ","timestamp":"2025-07-25T16:03:41.503Z"}
{"level":"warn","message":"Invalid contact format (non-string) for record with PIP number EMEA-002757-PIP02-21: [\"Theravance Biopharma Ireland Limited\",\"Email: medinfo@theravance.com\",\"Tel. +1 8556338479\"]","timestamp":"2025-07-25T16:03:41.503Z"}
{"level":"warn","message":"Skipping invalid key in record: ","timestamp":"2025-07-25T16:03:41.504Z"}
{"level":"warn","message":"Invalid contact format (non-string) for record with PIP number EMEA-001636-PIP01-14-M03: [\"Bayer AG\",\"Email: pediatrics.medical-affairs-europe@bayer.com\",\"Tel. +49 (0)3046815333\"]","timestamp":"2025-07-25T16:03:41.504Z"}
{"level":"warn","message":"Skipping invalid key in record: ","timestamp":"2025-07-25T16:03:41.504Z"}
{"level":"warn","message":"Invalid contact format (non-string) for record with PIP number EMEA-002025-PIP04-19: [\"Pierre Fabre Médicament\",\"E-mail: medical_information@pierre-fabre.com\",\"Tel. +33 800326326\"]","timestamp":"2025-07-25T16:03:41.504Z"}
{"level":"warn","message":"Skipping invalid key in record: ","timestamp":"2025-07-25T16:03:41.504Z"}
{"level":"warn","message":"Invalid contact format (non-string) for record with PIP number EMEA-002644-PIP01-19-M01: [\"Accord Healthcare S.L.U.\",\"E-mail: regulatory_EU@accord-healthcare.com\",\"Tel. +34 933010064\"]","timestamp":"2025-07-25T16:03:41.504Z"}
{"level":"warn","message":"Skipping invalid key in record: ","timestamp":"2025-07-25T16:03:41.504Z"}
{"level":"warn","message":"Invalid contact format (non-string) for record with PIP number EMEA-001501-PIP08-20: [\"Sanofi Winthrop Industrie\",\"Email: contact-us@sanofi.com\",\"Tel: +31 202 453 703\"]","timestamp":"2025-07-25T16:03:41.504Z"}
{"level":"warn","message":"Skipping invalid key in record: ","timestamp":"2025-07-25T16:03:41.504Z"}
{"level":"warn","message":"Invalid contact format (non-string) for record with PIP number EMEA-003075-PIP01-21: [\"Transposon Therapeutics\",\"Inc.\",\"E-mail: clinicaltrials@transposonrx.com\",\"Tel: +1 9494229676\"]","timestamp":"2025-07-25T16:03:41.504Z"}
{"level":"warn","message":"Skipping invalid key in record: ","timestamp":"2025-07-25T16:03:41.504Z"}
{"level":"warn","message":"Invalid contact format (non-string) for record with PIP number EMEA-002183-PIP01-17-M01: [\"Hansa Biopharma AB\",\"E-mail: info@hansabiopharma.com\",\"Tel: +46 46165670\"]","timestamp":"2025-07-25T16:03:41.504Z"}
{"level":"warn","message":"Skipping invalid key in record: ","timestamp":"2025-07-25T16:03:41.505Z"}
{"level":"warn","message":"Invalid contact format (non-string) for record with PIP number EMEA-002072-PIP01-16-M01: [\"Incyte Corporation\",\"Tel. +44 3301003677\",\"E-mail: globalmedinfo@incyte.com\"]","timestamp":"2025-07-25T16:03:41.505Z"}
{"level":"warn","message":"Skipping invalid key in record: ","timestamp":"2025-07-25T16:03:41.505Z"}
{"level":"warn","message":"Invalid contact format (non-string) for record with PIP number EMEA-002287-PIP01-17-M03: [\"AstraZeneca AB\",\"E-mail: paediatrics@astrazeneca.com\",\"Tel. +46 8553 27591\"]","timestamp":"2025-07-25T16:03:41.505Z"}
{"level":"warn","message":"Skipping invalid key in record: ","timestamp":"2025-07-25T16:03:41.505Z"}
{"level":"warn","message":"Invalid contact format (non-string) for record with PIP number EMEA-001261-PIP01-11-M07: [\"Eisai Europe Ltd\",\"Tel. +44 (0)20 8600 1400\",\"E-mail: EUMedInfo@eisai.net\"]","timestamp":"2025-07-25T16:03:41.505Z"}
{"level":"warn","message":"Skipping invalid key in record: ","timestamp":"2025-07-25T16:03:41.505Z"}
{"level":"warn","message":"Invalid contact format (non-string) for record with PIP number EMEA-001178-PIP01-11-M06: [\"Bayer AG\",\"E-mail: pediatrics.medical-affairs-europe@bayer.com\",\"Tel. +49 3046815333\"]","timestamp":"2025-07-25T16:03:41.505Z"}
{"level":"warn","message":"Skipping invalid key in record: ","timestamp":"2025-07-25T16:03:41.505Z"}
{"level":"warn","message":"Invalid contact format (non-string) for record with PIP number EMEA-000467-PIP01-08-M15: [\"Eisai Europe Limited\",\"E-mail: eumedinfo@eisai.net\",\"Tel. +44 (0)20 8600 1400\"]","timestamp":"2025-07-25T16:03:41.505Z"}
{"level":"warn","message":"Skipping invalid key in record: ","timestamp":"2025-07-25T16:03:41.506Z"}
{"level":"warn","message":"Invalid contact format (non-string) for record with PIP number EMEA-003091-PIP01-21: [\"HEXAL AG\",\"Email: enquiries.paediatrics@sandoz.com\",\"Tel. +31 365241710\"]","timestamp":"2025-07-25T16:03:41.506Z"}
{"level":"warn","message":"Skipping invalid key in record: ","timestamp":"2025-07-25T16:03:41.506Z"}
{"level":"warn","message":"Skipping invalid key in record: ","timestamp":"2025-07-25T16:03:41.506Z"}
{"level":"warn","message":"Invalid contact format (non-string) for record with PIP number EMEA-003068-PIP01-21: [\"Mirati Therapeutics\",\"Inc.\",\"Email: albrighta@mirati.com\",\"Tel. +1 8583323525\"]","timestamp":"2025-07-25T16:03:41.506Z"}
{"level":"warn","message":"Skipping invalid key in record: ","timestamp":"2025-07-25T16:03:41.506Z"}
{"level":"warn","message":"Invalid contact format (non-string) for record with PIP number EMEA-003069-PIP01-21: [\"AstraZeneca AB\",\"E-mail: paediatrics@astrazeneca.com\",\"Tel. +46 8553 27591\"]","timestamp":"2025-07-25T16:03:41.507Z"}
{"level":"warn","message":"Skipping invalid key in record: ","timestamp":"2025-07-25T16:03:41.507Z"}
{"level":"warn","message":"Invalid contact format (non-string) for record with PIP number EMEA-003076-PIP01-21: [\"Octapharma Pharmazeutika Produktionsges.m.b.H\",\"Email: at1CRDGeneral@octapharma.com\",\"Tel. +43 1610321201\"]","timestamp":"2025-07-25T16:03:41.507Z"}
{"level":"warn","message":"Skipping invalid key in record: ","timestamp":"2025-07-25T16:03:41.507Z"}
{"level":"warn","message":"Skipping invalid key in record: ","timestamp":"2025-07-25T16:03:41.507Z"}
{"level":"warn","message":"Invalid contact format (non-string) for record with PIP number EMEA-003063-PIP01-21: [\"Merck\",\"Sharp & Dohme (Europe) Inc.\",\"Tel. +33 180464738\",\"E-mail: pip.information@merck.com\"]","timestamp":"2025-07-25T16:03:41.507Z"}
{"level":"warn","message":"Skipping invalid key in record: ","timestamp":"2025-07-25T16:03:41.507Z"}
{"level":"warn","message":"Invalid contact format (non-string) for record with PIP number EMEA-003062-PIP01-21: [\"Vascular Biogenics Ltd. (VBL Therapeutics)\",\"Email: clinical@vblrx.com\",\"Tel. +972 89935000\"]","timestamp":"2025-07-25T16:03:41.507Z"}
{"level":"warn","message":"Skipping invalid key in record: ","timestamp":"2025-07-25T16:03:41.507Z"}
{"level":"warn","message":"Invalid contact format (non-string) for record with PIP number EMEA-003065-PIP01-21: [\"Przedsiębiorstwo Farmaceutyczne LEK-AM Sp. z o.o.\",\"Email: biuro@lekam.pl\",\"Tel. +48 224644500\"]","timestamp":"2025-07-25T16:03:41.507Z"}
{"level":"warn","message":"Skipping invalid key in record: ","timestamp":"2025-07-25T16:03:41.508Z"}
{"level":"warn","message":"Invalid contact format (non-string) for record with PIP number EMEA-003066-PIP01-21: [\"Vakzine Projekt Management GmbH\",\"Email: info@vakzine-manager.de\",\"Tel. +49 15111699080\"]","timestamp":"2025-07-25T16:03:41.508Z"}
{"level":"warn","message":"Skipping invalid key in record: ","timestamp":"2025-07-25T16:03:41.508Z"}
{"level":"warn","message":"Invalid contact format (non-string) for record with PIP number EMEA-002979-PIP03-21: [\"FibroGen\",\"Inc\",\"Email: ecarrier@fibrogen.com\",\"Tel. +1 4159781306\"]","timestamp":"2025-07-25T16:03:41.508Z"}
{"level":"warn","message":"Skipping invalid key in record: ","timestamp":"2025-07-25T16:03:41.508Z"}
{"level":"warn","message":"Invalid contact format (non-string) for record with PIP number EMEA-003061-PIP01-21: [\"Antibe Therapeutics Inc.\",\"Email: info@antibethera.com\",\"Tel. +1 4169223460\"]","timestamp":"2025-07-25T16:03:41.508Z"}
{"level":"info","message":"CSV Headers: Decision number,PIP number,Active substance,Invented name,Therapeutic area,Pharmaceutical forms,Condition / indication,Routes of administration,Decision type,Decision date,Compliance outcome,Compliance opinion date,Compliance procedure number,Contact for public enquiries,First published date,Last updated date,PIP URL,","timestamp":"2025-07-25T16:03:41.523Z"}
{"level":"warn","message":"Skipping invalid key in record: ","timestamp":"2025-07-25T16:03:41.523Z"}
{"level":"warn","message":"Invalid contact format (non-string) for record with PIP number EMEA-000365-PIP01-08-M12: [\"Roche Registration GmbH\",\"E-mail: global.eu_regulatory_office@roche.comTel. +49 7624142892\"]","timestamp":"2025-07-25T16:03:41.523Z"}
{"level":"warn","message":"Skipping invalid key in record: ","timestamp":"2025-07-25T16:03:41.523Z"}
{"level":"warn","message":"Invalid contact format (non-string) for record with PIP number EMEA-000480-PIP01-08-M14: [\"AstraZeneca AB\",\"E-mail: paediatrics@astrazeneca.com\",\"Tel. +46 8553 27591\"]","timestamp":"2025-07-25T16:03:41.524Z"}
{"level":"warn","message":"Skipping invalid key in record: ","timestamp":"2025-07-25T16:03:41.524Z"}
{"level":"warn","message":"Invalid contact format (non-string) for record with PIP number EMEA-000236-PIP05-18: [\"Bayer AG\",\"Tel. +49 30300139003\",\"E-mail: clinical-trials-contact@bayer.com\"]","timestamp":"2025-07-25T16:03:41.524Z"}
{"level":"warn","message":"Skipping invalid key in record: ","timestamp":"2025-07-25T16:03:41.524Z"}
{"level":"warn","message":"Skipping invalid key in record: ","timestamp":"2025-07-25T16:03:41.525Z"}
{"level":"warn","message":"Skipping invalid key in record: ","timestamp":"2025-07-25T16:03:41.525Z"}
{"level":"warn","message":"Invalid contact format (non-string) for record with PIP number EMEA-000409-PIP01-08-M06: [\"ViiV Healthcare UK Ltd.\",\"United Kingdom\",\"E-mail: eu.paediatric-plans@gsk.com\",\"Tel. +1 4388998201\",\"Fax +44 (0)20 8990 3511\"]","timestamp":"2025-07-25T16:03:41.525Z"}
{"level":"warn","message":"Skipping invalid key in record: ","timestamp":"2025-07-25T16:03:41.525Z"}
{"level":"warn","message":"Invalid contact format (non-string) for record with PIP number EMEA-000306-PIP01-08-M04: [\"Merck\",\"Sharp & Dohme (Europe) Inc.\",\"Tel. +31 412770000\",\"E-mail: regaffairseurope@organon.com\"]","timestamp":"2025-07-25T16:03:41.525Z"}
{"level":"warn","message":"Skipping invalid key in record: ","timestamp":"2025-07-25T16:03:41.525Z"}
{"level":"warn","message":"Skipping invalid key in record: ","timestamp":"2025-07-25T16:03:41.525Z"}
{"level":"warn","message":"Invalid contact format (non-string) for record with PIP number EMEA-002822-PIP01-20: [\"Ionis Pharmaceuticals\",\"Email: globalregulatoryaffairs@ionisph.com\",\"Tel. 7606032302\"]","timestamp":"2025-07-25T16:03:41.526Z"}
{"level":"warn","message":"Skipping invalid key in record: ","timestamp":"2025-07-25T16:03:41.526Z"}
{"level":"warn","message":"Skipping invalid key in record: ","timestamp":"2025-07-25T16:03:41.526Z"}
{"level":"warn","message":"Invalid contact format (non-string) for record with PIP number EMEA-002947-PIP01-20: [\"ContraFect Corporation\",\"Email: clinicalstudies@contrafect.com\",\"Tel. +1 (914)2072300\"]","timestamp":"2025-07-25T16:03:41.526Z"}
{"level":"warn","message":"Skipping invalid key in record: ","timestamp":"2025-07-25T16:03:41.526Z"}
{"level":"warn","message":"Invalid contact format (non-string) for record with PIP number EMEA-001215-PIP01-11-M07: [\"CSL Behring GmbH\",\"Tel. +49 6421393290\",\"E-mail: marburg.rfVIII@cslbehring.com\"]","timestamp":"2025-07-25T16:03:41.526Z"}
{"level":"warn","message":"Skipping invalid key in record: ","timestamp":"2025-07-25T16:03:41.526Z"}
{"level":"warn","message":"Invalid contact format (non-string) for record with PIP number EMEA-001174-PIP02-12-M02: [\"Novo Nordisk A/S\",\"Denmark\",\"Tel. +45 44448888\",\"E-mail: paediatrics@novonordisk.com\"]","timestamp":"2025-07-25T16:03:41.526Z"}
{"level":"warn","message":"Skipping invalid key in record: ","timestamp":"2025-07-25T16:03:41.527Z"}
{"level":"warn","message":"Invalid contact format (non-string) for record with PIP number EMEA-001362-PIP01-12-M03: [\"BioMarin International Limited\",\"Ireland\",\"Tel. +44 2074200800\",\"Fax +44 2074200829\",\"E-mail: biomarin-europe@bmrn.com\"]","timestamp":"2025-07-25T16:03:41.527Z"}
{"level":"warn","message":"Skipping invalid key in record: ","timestamp":"2025-07-25T16:03:41.527Z"}
{"level":"warn","message":"Invalid contact format (non-string) for record with PIP number EMEA-000482-PIP01-08-M06: [\"Takeda Pharmaceuticals International AG Ireland Branch\",\"E-mail: medinfoemea@takeda.com\",\"Tel: +44 (0) 3333 000181\"]","timestamp":"2025-07-25T16:03:41.527Z"}
{"level":"warn","message":"Skipping invalid key in record: ","timestamp":"2025-07-25T16:03:41.527Z"}
{"level":"warn","message":"Invalid contact format (non-string) for record with PIP number EMEA-001356-PIP02-12-M04: [\"Alfasigma S.p.A.\",\"E-mail: Antonietta.Pazardjiklian@alfasigma.com\",\"Tel.: +39 0516489602\"]","timestamp":"2025-07-25T16:03:41.527Z"}
{"level":"warn","message":"Skipping invalid key in record: ","timestamp":"2025-07-25T16:03:41.527Z"}
{"level":"warn","message":"Skipping invalid key in record: ","timestamp":"2025-07-25T16:03:41.527Z"}
{"level":"warn","message":"Invalid contact format (non-string) for record with PIP number EMEA-001107-PIP01-10-M04: [\"CSL Behring GmbH\",\"Tel.: +49 6421393304\",\"E-mail: rix-fp@cslbehring.com\"]","timestamp":"2025-07-25T16:03:41.527Z"}
{"level":"warn","message":"Skipping invalid key in record: ","timestamp":"2025-07-25T16:03:41.528Z"}
{"level":"warn","message":"Invalid contact format (non-string) for record with PIP number EMEA-001024-PIP01-10-M02: [\"Octapharma Pharmazeutika Produktionsges.m.b.H\",\"E-mail: sigurd.knaub@octapharma.ch\",\"Tel. +41 554512141\"]","timestamp":"2025-07-25T16:03:41.528Z"}
{"level":"warn","message":"Skipping invalid key in record: ","timestamp":"2025-07-25T16:03:41.528Z"}
{"level":"warn","message":"Skipping invalid key in record: ","timestamp":"2025-07-25T16:03:41.528Z"}
{"level":"warn","message":"Invalid contact format (non-string) for record with PIP number EMEA-001425-PIP01-13-M05: [\"Roche Registration GmbH\",\"E-mail: global.eu_regulatory_office@roche.comTel. +49 7624142892\"]","timestamp":"2025-07-25T16:03:41.528Z"}
{"level":"warn","message":"Skipping invalid key in record: ","timestamp":"2025-07-25T16:03:41.528Z"}
{"level":"warn","message":"Invalid contact format (non-string) for record with PIP number EMEA-001056-PIP02-12-M01: [\"Chiesi Farmaceutici S.p.A.\",\"Tel. +39 0521 2791\",\"E-mail: info@chiesi.com\"]","timestamp":"2025-07-25T16:03:41.528Z"}
{"level":"warn","message":"Skipping invalid key in record: ","timestamp":"2025-07-25T16:03:41.528Z"}
{"level":"warn","message":"Skipping invalid key in record: ","timestamp":"2025-07-25T16:03:41.528Z"}
{"level":"warn","message":"Invalid contact format (non-string) for record with PIP number EMEA-001064-PIP01-10-M03: [\"Bayer AG\",\"E-mail: clinical-trials-contact@bayer.com\",\"Tel. +49 30300139003\"]","timestamp":"2025-07-25T16:03:41.528Z"}
{"level":"warn","message":"Skipping invalid key in record: ","timestamp":"2025-07-25T16:03:41.529Z"}
{"level":"warn","message":"Invalid contact format (non-string) for record with PIP number EMEA-000883-PIP01-10-M05: [\"medac Gesellschaft für klinische Spezialpräparate mbH\",\"Germany\",\"Tel. +49 (0) 401380060\",\"E-mail: dra@medac.de\"]","timestamp":"2025-07-25T16:03:41.529Z"}
{"level":"warn","message":"Skipping invalid key in record: ","timestamp":"2025-07-25T16:03:41.529Z"}
{"level":"warn","message":"Invalid contact format (non-string) for record with PIP number EMEA-000980-PIP01-10-M07: [\"Takeda Pharma A/S\",\"Tel.  +45(0) 46771111\",\"E-mail: paediatrics@tgrd.com\"]","timestamp":"2025-07-25T16:03:41.529Z"}
{"level":"warn","message":"Skipping invalid key in record: ","timestamp":"2025-07-25T16:03:41.529Z"}
{"level":"warn","message":"Invalid contact format (non-string) for record with PIP number EMEA-000689-PIP01-09-M11: [\"AstraZeneca AB\",\"E-mail: paediatrics@astrazeneca.com\",\"Tel. +46 8553 27591\"]","timestamp":"2025-07-25T16:03:41.529Z"}
{"level":"warn","message":"Skipping invalid key in record: ","timestamp":"2025-07-25T16:03:41.529Z"}
{"level":"warn","message":"Invalid contact format (non-string) for record with PIP number EMEA-001856-PIP02-16-M02: [\"BioCryst Ireland Limited\",\"Tel. +1 9194505809\",\"E-mail: pip.enquiries@biocryst.com\"]","timestamp":"2025-07-25T16:03:41.529Z"}
{"level":"warn","message":"Skipping invalid key in record: ","timestamp":"2025-07-25T16:03:41.529Z"}
{"level":"warn","message":"Invalid contact format (non-string) for record with PIP number EMEA-002727-PIP01-19-M01: [\"Bristol-Myers Squibb International Corporation\",\"E-mail: medical.information@bms.com\",\"Tel. +44 1423 533 610\"]","timestamp":"2025-07-25T16:03:41.529Z"}
{"level":"warn","message":"Skipping invalid key in record: ","timestamp":"2025-07-25T16:03:41.530Z"}
{"level":"warn","message":"Invalid contact format (non-string) for record with PIP number EMEA-001501-PIP01-13-M07: [\"Regeneron Pharmaceuticals Inc\",\"E-mail: clinicaltrials@regeneron.com\",\"Tel. +914 8475385\"]","timestamp":"2025-07-25T16:03:41.530Z"}
{"level":"warn","message":"Skipping invalid key in record: ","timestamp":"2025-07-25T16:03:41.530Z"}
{"level":"warn","message":"Invalid contact format (non-string) for record with PIP number EMEA-001646-PIP01-14-M02: [\"Gilead Sciences International Ltd\",\"E-mail: regulatory.pip@gilead.com\",\"Tel. +44 (0)1223 897300\"]","timestamp":"2025-07-25T16:03:41.530Z"}
{"level":"warn","message":"Skipping invalid key in record: ","timestamp":"2025-07-25T16:03:41.530Z"}
{"level":"warn","message":"Invalid contact format (non-string) for record with PIP number EMEA-001460-PIP01-13-M05: [\"Gilead Sciences International Ltd\",\"Tel. +44 (0)1223 897300\",\"E-mail: regulatory.pip@gilead.com\"]","timestamp":"2025-07-25T16:03:41.530Z"}
{"level":"warn","message":"Skipping invalid key in record: ","timestamp":"2025-07-25T16:03:41.530Z"}
{"level":"warn","message":"Invalid contact format (non-string) for record with PIP number EMEA-001706-PIP01-14-M03: [\"Proveca Pharma Limited\",\"Tel. +353 15136233\",\"E-mail: info@proveca.com\"]","timestamp":"2025-07-25T16:03:41.530Z"}
{"level":"warn","message":"Skipping invalid key in record: ","timestamp":"2025-07-25T16:03:41.531Z"}
{"level":"warn","message":"Invalid contact format (non-string) for record with PIP number EMEA-001596-PIP02-17-M02: [\"Boehringer Ingelheim International GmbH\",\"Tel. +49 6132 778271\",\"Email: Paediatrics@boehringer-ingelheim.com\"]","timestamp":"2025-07-25T16:03:41.531Z"}
{"level":"warn","message":"Skipping invalid key in record: ","timestamp":"2025-07-25T16:03:41.531Z"}
{"level":"warn","message":"Skipping invalid key in record: ","timestamp":"2025-07-25T16:03:41.531Z"}
{"level":"warn","message":"Invalid contact format (non-string) for record with PIP number EMEA-002708-PIP02-21: [\"Biohaven Pharmaceutical Ireland DAC\",\"Email: medinfo@biohavenpharma.com\",\"Tel. +1 2034040410\"]","timestamp":"2025-07-25T16:03:41.531Z"}
{"level":"warn","message":"Skipping invalid key in record: ","timestamp":"2025-07-25T16:03:41.531Z"}
{"level":"warn","message":"Invalid contact format (non-string) for record with PIP number EMEA-002730-PIP03-21: [\"Vertex Pharmaceuticals (Ireland) Limited\",\"E-mail: vertexmedicalinfo@vrtx.com\",\"Tel: +353 17617299\"]","timestamp":"2025-07-25T16:03:41.531Z"}
{"level":"warn","message":"Skipping invalid key in record: ","timestamp":"2025-07-25T16:03:41.531Z"}
{"level":"warn","message":"Invalid contact format (non-string) for record with PIP number EMEA-002506-PIP03-21: [\"Aridis Pharmaceuticals Inc\",\"Email: mmscltd@gmail.com\",\"Tel. +1 9252003089\"]","timestamp":"2025-07-25T16:03:41.531Z"}
{"level":"warn","message":"Skipping invalid key in record: ","timestamp":"2025-07-25T16:03:41.532Z"}
{"level":"warn","message":"Skipping invalid key in record: ","timestamp":"2025-07-25T16:03:41.532Z"}
{"level":"warn","message":"Invalid contact format (non-string) for record with PIP number EMEA-002270-PIP04-20: [\"Catalyst Biosciences\",\"Inc.\",\"Email: cdemocko@catbio.com\",\"Tel. +1 4153054942\"]","timestamp":"2025-07-25T16:03:41.532Z"}
{"level":"warn","message":"Skipping invalid key in record: ","timestamp":"2025-07-25T16:03:41.532Z"}
{"level":"warn","message":"Invalid contact format (non-string) for record with PIP number EMEA-002270-PIP03-20: [\"Catalyst Biosciences\",\"Inc.\",\"Email: cdemocko@catbio.com\",\"Tel. +1 4153054942\"]","timestamp":"2025-07-25T16:03:41.532Z"}
{"level":"warn","message":"Skipping invalid key in record: ","timestamp":"2025-07-25T16:03:41.532Z"}
{"level":"warn","message":"Invalid contact format (non-string) for record with PIP number EMEA-001525-PIP02-21: [\"Kamada Ireland LimitedEmail: oritp@kamada.com    Tel: +972 89406472\",\"+972 522660030\"]","timestamp":"2025-07-25T16:03:41.532Z"}
{"level":"info","message":"CSV Headers: Decision number,PIP number,Active substance,Invented name,Therapeutic area,Pharmaceutical forms,Condition / indication,Routes of administration,Decision type,Decision date,Compliance outcome,Compliance opinion date,Compliance procedure number,Contact for public enquiries,First published date,Last updated date,PIP URL,","timestamp":"2025-07-25T16:03:41.540Z"}
{"level":"warn","message":"Skipping invalid key in record: ","timestamp":"2025-07-25T16:03:41.541Z"}
{"level":"warn","message":"Skipping invalid key in record: ","timestamp":"2025-07-25T16:03:41.541Z"}
{"level":"warn","message":"Invalid contact format (non-string) for record with PIP number EMEA-001214-PIP08-21: [\"AstraZeneca AB (Sweden)\",\"Tel.  +46 855326000\",\"E-mail: paediatrics@astrazeneca.com\"]","timestamp":"2025-07-25T16:03:41.541Z"}
{"level":"warn","message":"Skipping invalid key in record: ","timestamp":"2025-07-25T16:03:41.541Z"}
{"level":"warn","message":"Invalid contact format (non-string) for record with PIP number EMEA-000095-PIP02-21: [\"Pharma Mar\",\"S.A.\",\"Email: clinicaltrials@pharmamar.com\",\"Tel. +34 918466000\"]","timestamp":"2025-07-25T16:03:41.541Z"}
{"level":"warn","message":"Skipping invalid key in record: ","timestamp":"2025-07-25T16:03:41.541Z"}
{"level":"warn","message":"Invalid contact format (non-string) for record with PIP number EMEA-002970-PIP01-21: [\"Spruce Biosciences\",\"Inc.\",\"E-mail: info@scendea.com\",\"Tel: +31 0208 949169\"]","timestamp":"2025-07-25T16:03:41.541Z"}
{"level":"warn","message":"Skipping invalid key in record: ","timestamp":"2025-07-25T16:03:41.541Z"}
{"level":"warn","message":"Invalid contact format (non-string) for record with PIP number EMEA-003048-PIP01-21: [\"Kowa Pharmaceuticals Europe AG\",\"Email: paediatrics@kowapharma.ch\",\"Tel. +41 (0)442055989\"]","timestamp":"2025-07-25T16:03:41.541Z"}
{"level":"warn","message":"Skipping invalid key in record: ","timestamp":"2025-07-25T16:03:41.541Z"}
{"level":"warn","message":"Invalid contact format (non-string) for record with PIP number EMEA-003051-PIP01-21: [\"GlaxoSmithKline Trading Services Limited\",\"E-mail: eu.paediatric-plans@gsk.com\",\"Tel.  +1 4388998201\"]","timestamp":"2025-07-25T16:03:41.542Z"}
{"level":"warn","message":"Skipping invalid key in record: ","timestamp":"2025-07-25T16:03:41.542Z"}
{"level":"warn","message":"Invalid contact format (non-string) for record with PIP number EMEA-003045-PIP01-21: [\"Protagonist Therapeutics\",\"Inc.\",\"Email: ptgxclintrials@ptgx-inc.com\",\"Tel. +1 5104740170\"]","timestamp":"2025-07-25T16:03:41.542Z"}
{"level":"warn","message":"Skipping invalid key in record: ","timestamp":"2025-07-25T16:03:41.542Z"}
{"level":"warn","message":"Invalid contact format (non-string) for record with PIP number EMEA-003046-PIP01-21: [\"Bristol-Myers Squibb International Corporation\",\"E-mail: medical.information@bms.com\",\"Tel. +44 1423 533 610\"]","timestamp":"2025-07-25T16:03:41.542Z"}
{"level":"warn","message":"Skipping invalid key in record: ","timestamp":"2025-07-25T16:03:41.542Z"}
{"level":"warn","message":"Invalid contact format (non-string) for record with PIP number EMEA-003047-PIP01-21: [\"Bristol-Myers Squibb International Corporation\",\"E-mail: medical.information@bms.com\",\"Tel. +44 1423 533 610\"]","timestamp":"2025-07-25T16:03:41.542Z"}
{"level":"warn","message":"Skipping invalid key in record: ","timestamp":"2025-07-25T16:03:41.542Z"}
{"level":"warn","message":"Invalid contact format (non-string) for record with PIP number EMEA-003042-PIP01-21: [\"Aravive\",\"Inc\",\"Email: jgould@aravive.com\",\"Tel. +1 4847438790\"]","timestamp":"2025-07-25T16:03:41.542Z"}
{"level":"warn","message":"Skipping invalid key in record: ","timestamp":"2025-07-25T16:03:41.542Z"}
{"level":"warn","message":"Invalid contact format (non-string) for record with PIP number EMEA-003044-PIP01-21: [\"Immunogen BioPharma (Ireland) Limited\",\"Email: regulatory.affairs@immunogen.com\",\"Tel. +1 2249442128\"]","timestamp":"2025-07-25T16:03:41.542Z"}
{"level":"warn","message":"Skipping invalid key in record: ","timestamp":"2025-07-25T16:03:41.542Z"}
{"level":"warn","message":"Invalid contact format (non-string) for record with PIP number EMEA-003036-PIP01-21: [\"Menarini Ricerche S.p.A.\",\"Italy\",\"Tel. +39 0555680633\",\"E-mail: prijli@menarini.it\"]","timestamp":"2025-07-25T16:03:41.542Z"}
{"level":"warn","message":"Skipping invalid key in record: ","timestamp":"2025-07-25T16:03:41.543Z"}
{"level":"warn","message":"Invalid contact format (non-string) for record with PIP number EMEA-003038-PIP01-21: [\"Eckert & Ziegler Radiopharma GmbH\",\"Email: regaffairs.radiopharma@ezag.de\",\"Tel. +49 30941084211\"]","timestamp":"2025-07-25T16:03:41.543Z"}
{"level":"warn","message":"Skipping invalid key in record: ","timestamp":"2025-07-25T16:03:41.543Z"}
{"level":"warn","message":"Invalid contact format (non-string) for record with PIP number EMEA-003040-PIP01-21: [\"Life Molecular Imaging GmbH\",\"Email: gra@life-mi.com\",\"Tel. +49 30461124603\"]","timestamp":"2025-07-25T16:03:41.543Z"}
{"level":"warn","message":"Skipping invalid key in record: ","timestamp":"2025-07-25T16:03:41.544Z"}
{"level":"warn","message":"Invalid contact format (non-string) for record with PIP number EMEA-001397-PIP03-14-M06: [\"Janssen-Cilag International N.V.\",\"E-mail: contact@Janssen-emea.com\",\"Tel: +32 14641125\"]","timestamp":"2025-07-25T16:03:41.544Z"}
{"level":"warn","message":"Skipping invalid key in record: ","timestamp":"2025-07-25T16:03:41.544Z"}
{"level":"warn","message":"Invalid contact format (non-string) for record with PIP number EMEA-001268-PIP01-12-M05: [\"Amgen Europe B.V\",\"Tel. +44 (0)1223 420305\",\"E-mail: medinfointernational@amgen.com\"]","timestamp":"2025-07-25T16:03:41.544Z"}
{"level":"warn","message":"Skipping invalid key in record: ","timestamp":"2025-07-25T16:03:41.544Z"}
{"level":"warn","message":"Invalid contact format (non-string) for record with PIP number EMEA-002869-PIP01-21: [\"Seqirus Netherlands B.V.\",\"E-mail: seqirus.clinicaltrials@seqirus.com\",\"Tel: +1 9088587365\"]","timestamp":"2025-07-25T16:03:41.544Z"}
{"level":"warn","message":"Skipping invalid key in record: ","timestamp":"2025-07-25T16:03:41.544Z"}
{"level":"warn","message":"Invalid contact format (non-string) for record with PIP number EMEA-003031-PIP01-21: [\"Laboratório Edol - Produtos Farmacêuticos S.A.\",\"Email: registos@edol.pt\",\"Tel. +351 214158130\"]","timestamp":"2025-07-25T16:03:41.544Z"}
{"level":"warn","message":"Skipping invalid key in record: ","timestamp":"2025-07-25T16:03:41.545Z"}
{"level":"warn","message":"Invalid contact format (non-string) for record with PIP number EMEA-003034-PIP01-21: [\"IMPACT Therapeutics US\",\"Inc.\",\"Email: regulatoryaffairs@impacttherapeutics.com\",\"Tel. +86 2168411121\"]","timestamp":"2025-07-25T16:03:41.545Z"}
{"level":"warn","message":"Skipping invalid key in record: ","timestamp":"2025-07-25T16:03:41.545Z"}
{"level":"warn","message":"Invalid contact format (non-string) for record with PIP number EMEA-003018-PIP01-21: [\"QualipharmaCon Kft.\",\"Tel. +36 302110337\",\"E-mail: turjanyi@qualipharmacon.hu\"]","timestamp":"2025-07-25T16:03:41.545Z"}
{"level":"warn","message":"Skipping invalid key in record: ","timestamp":"2025-07-25T16:03:41.545Z"}
{"level":"warn","message":"Invalid contact format (non-string) for record with PIP number EMEA-002984-PIP01-21: [\"Moberg Pharma AB\",\"Email: info@mobergpharma.se\",\"Tel. +46 0852230700\"]","timestamp":"2025-07-25T16:03:41.545Z"}
{"level":"warn","message":"Skipping invalid key in record: ","timestamp":"2025-07-25T16:03:41.545Z"}
{"level":"warn","message":"Skipping invalid key in record: ","timestamp":"2025-07-25T16:03:41.545Z"}
{"level":"warn","message":"Skipping invalid key in record: ","timestamp":"2025-07-25T16:03:41.545Z"}
{"level":"warn","message":"Invalid contact format (non-string) for record with PIP number EMEA-002934-PIP01-20: [\"Jazz Pharmaceuticals Ireland Ltd.\",\"E-mail: corporateaffairsmediainfo@jazzpharma.com\",\"Telephone: +1 35316347800\"]","timestamp":"2025-07-25T16:03:41.545Z"}
{"level":"warn","message":"Skipping invalid key in record: ","timestamp":"2025-07-25T16:03:41.546Z"}
{"level":"warn","message":"Invalid contact format (non-string) for record with PIP number EMEA-002903-PIP03-21: [\"Genzyme Europe B.V.\",\"E-mail: eumedinfo.gz@sanofi.com\",\"Tel: +31 202453917\"]","timestamp":"2025-07-25T16:03:41.546Z"}
{"level":"warn","message":"Skipping invalid key in record: ","timestamp":"2025-07-25T16:03:41.546Z"}
{"level":"warn","message":"Skipping invalid key in record: ","timestamp":"2025-07-25T16:03:41.546Z"}
{"level":"warn","message":"Invalid contact format (non-string) for record with PIP number EMEA-003039-PIP01-21: [\"Sandoz s.r.o.\",\"Tel.: +31 365241710\",\"E-mail: enquiries.paediatrics@sandoz.com\"]","timestamp":"2025-07-25T16:03:41.546Z"}
{"level":"warn","message":"Skipping invalid key in record: ","timestamp":"2025-07-25T16:03:41.546Z"}
{"level":"warn","message":"Invalid contact format (non-string) for record with PIP number EMEA-003037-PIP01-21: [\"GE Healthcare AS\",\"Tel.: +1494 544000\",\"E-mail: CustomerServiceNorway@ge.com\"]","timestamp":"2025-07-25T16:03:41.546Z"}
{"level":"warn","message":"Skipping invalid key in record: ","timestamp":"2025-07-25T16:03:41.546Z"}
{"level":"warn","message":"Invalid contact format (non-string) for record with PIP number EMEA-000745-PIP01-09-M03: [\"Takeda Pharmaceuticals International AG Ireland Branch\",\"E-mail: medinfoemea@takeda.com\",\"Tel: +44 (0) 3333 000181\"]","timestamp":"2025-07-25T16:03:41.546Z"}
{"level":"warn","message":"Skipping invalid key in record: ","timestamp":"2025-07-25T16:03:41.546Z"}
{"level":"warn","message":"Invalid contact format (non-string) for record with PIP number EMEA-002750-PIP01-19: [\"Hutchison MediPharma Ltd\",\"E-mail: marjoh@hmplglobal.com\",\"Tel: +358 408425802\"]","timestamp":"2025-07-25T16:03:41.546Z"}
{"level":"warn","message":"Skipping invalid key in record: ","timestamp":"2025-07-25T16:03:41.547Z"}
{"level":"warn","message":"Invalid contact format (non-string) for record with PIP number EMEA-002955-PIP01-21: [\"Ascendis Pharma Bone Diseases A/S\",\"Email: medicalaffairs@ascendispharma.com\",\"Tel. +45 70222244\"]","timestamp":"2025-07-25T16:03:41.547Z"}
{"level":"warn","message":"Skipping invalid key in record: ","timestamp":"2025-07-25T16:03:41.547Z"}
{"level":"warn","message":"Invalid contact format (non-string) for record with PIP number EMEA-001441-PIP03-17-M02: [\"Novo Nordisk A/S\",\"E-mail: paediatrics@novonordisk.com\",\"Tel.: +45 44448888\"]","timestamp":"2025-07-25T16:03:41.547Z"}
{"level":"warn","message":"Skipping invalid key in record: ","timestamp":"2025-07-25T16:03:41.547Z"}
{"level":"warn","message":"Skipping invalid key in record: ","timestamp":"2025-07-25T16:03:41.547Z"}
{"level":"warn","message":"Skipping invalid key in record: ","timestamp":"2025-07-25T16:03:41.547Z"}
{"level":"warn","message":"Invalid contact format (non-string) for record with PIP number EMEA-000801-PIP03-16-M01: [\"Alimera Sciences Limited\",\"Tel.: +44 (0)8001488274\",\"E-mail: medicalinformation@alimerasciences.com\"]","timestamp":"2025-07-25T16:03:41.547Z"}
{"level":"warn","message":"Skipping invalid key in record: ","timestamp":"2025-07-25T16:03:41.547Z"}
{"level":"warn","message":"Invalid contact format (non-string) for record with PIP number EMEA-002643-PIP01-19-M01: [\"Accord Healthcare S.L.U.\",\"E-mail: regulatory_EU@accord-healthcare.com\",\"Tel. +34 933010064\"]","timestamp":"2025-07-25T16:03:41.547Z"}
{"level":"warn","message":"Skipping invalid key in record: ","timestamp":"2025-07-25T16:03:41.547Z"}
{"level":"warn","message":"Invalid contact format (non-string) for record with PIP number EMEA-001943-PIP05-21: [\"Alexion Europe SAS\",\"E-mail: pip.enquiries.eu@alexion.com\",\"Tel. +33 147100619\"]","timestamp":"2025-07-25T16:03:41.548Z"}
{"level":"warn","message":"Skipping invalid key in record: ","timestamp":"2025-07-25T16:03:41.548Z"}
{"level":"warn","message":"Invalid contact format (non-string) for record with PIP number EMEA-002180-PIP02-19: [\"AiCuris Anti-infective Cures AG\",\"Email: info@AiCuris.com\",\"Tel. +49 (0)202317630\"]","timestamp":"2025-07-25T16:03:41.548Z"}
{"level":"warn","message":"Skipping invalid key in record: ","timestamp":"2025-07-25T16:03:41.548Z"}
{"level":"warn","message":"Invalid contact format (non-string) for record with PIP number EMEA-002559-PIP04-21: [\"Janssen-Cilag International NV\",\"E-mail: contact@janssen-emea.com\",\"Tel.: + +32 473112810\"]","timestamp":"2025-07-25T16:03:41.548Z"}
{"level":"warn","message":"Skipping invalid key in record: ","timestamp":"2025-07-25T16:03:41.548Z"}
{"level":"warn","message":"Invalid contact format (non-string) for record with PIP number EMEA-002341-PIP01-18-M02: [\"Marinus Pharmaceuticals Inc.\",\"E-mail: regulatory@marinuspharma.com\",\"Tel.  +1 4848014670\"]","timestamp":"2025-07-25T16:03:41.548Z"}
{"level":"warn","message":"Skipping invalid key in record: ","timestamp":"2025-07-25T16:03:41.548Z"}
{"level":"warn","message":"Invalid contact format (non-string) for record with PIP number EMEA-001608-PIP02-21: [\"EXELTIS HEALTHCARE S.L.\",\"Email: RASolids@chemogroup.com\",\"Tel: +34 949349700\"]","timestamp":"2025-07-25T16:03:41.548Z"}
{"level":"warn","message":"Skipping invalid key in record: ","timestamp":"2025-07-25T16:03:41.548Z"}
{"level":"warn","message":"Invalid contact format (non-string) for record with PIP number EMEA-002296-PIP01-17-M03: [\"Takeda Pharm A/S\",\"E-mail: medinfoEMEA@takeda.com​\",\"Tel. +44 (0)3333 000181\"]","timestamp":"2025-07-25T16:03:41.548Z"}
{"level":"warn","message":"Skipping invalid key in record: ","timestamp":"2025-07-25T16:03:41.549Z"}
{"level":"warn","message":"Invalid contact format (non-string) for record with PIP number EMEA-001495-PIP02-21: [\"Chemo Research\",\"S.L.\",\"Email: Barbara.Herranz@exeltis.com\",\"Tel: +34 917711500\"]","timestamp":"2025-07-25T16:03:41.549Z"}
{"level":"info","message":"CSV Headers: Decision number,PIP number,Active substance,Invented name,Therapeutic area,Pharmaceutical forms,Condition / indication,Routes of administration,Decision type,Decision date,Compliance outcome,Compliance opinion date,Compliance procedure number,Contact for public enquiries,First published date,Last updated date,PIP URL,","timestamp":"2025-07-25T16:03:41.558Z"}
{"level":"warn","message":"Skipping invalid key in record: ","timestamp":"2025-07-25T16:03:41.558Z"}
{"level":"warn","message":"Invalid contact format (non-string) for record with PIP number EMEA-000609-PIP01-09-M03: [\"Diamyd Medical AB\",\"E-mail: ulf.hannelius@diamyd.com\",\"Tel: +46 736354241\"]","timestamp":"2025-07-25T16:03:41.558Z"}
{"level":"warn","message":"Skipping invalid key in record: ","timestamp":"2025-07-25T16:03:41.559Z"}
{"level":"warn","message":"Skipping invalid key in record: ","timestamp":"2025-07-25T16:03:41.559Z"}
{"level":"warn","message":"Invalid contact format (non-string) for record with PIP number EMEA-000370-PIP02-18-M01: [\"OxThera AB\",\"E-mail: orla.mccallion@oxthera.com\",\"bastian.dehmel@oxthera.com\",\"Tel. +46 (0)8660 0223\"]","timestamp":"2025-07-25T16:03:41.559Z"}
{"level":"warn","message":"Skipping invalid key in record: ","timestamp":"2025-07-25T16:03:41.559Z"}
{"level":"warn","message":"Invalid contact format (non-string) for record with PIP number EMEA-001447-PIP02-21: [\"EGIS Pharmaceuticals PLC\",\"Hungary\",\"registry@egis.hu\",\"Tel. +361 18032414\"]","timestamp":"2025-07-25T16:03:41.559Z"}
{"level":"warn","message":"Skipping invalid key in record: ","timestamp":"2025-07-25T16:03:41.559Z"}
{"level":"warn","message":"Invalid contact format (non-string) for record with PIP number EMEA-001441-PIP05-20: [\"Novo Nordisk A/S\",\"Email: paediatrics@novonordisk.com\",\"Tel: +45 44444848\"]","timestamp":"2025-07-25T16:03:41.559Z"}
{"level":"warn","message":"Skipping invalid key in record: ","timestamp":"2025-07-25T16:03:41.559Z"}
{"level":"warn","message":"Invalid contact format (non-string) for record with PIP number EMEA-000309-PIP06-21: [\"Roche Registration GmbH\",\"E-mail: global.eu_regulatory_office@roche.comTel. +49 7624142892\"]","timestamp":"2025-07-25T16:03:41.559Z"}
{"level":"warn","message":"Skipping invalid key in record: ","timestamp":"2025-07-25T16:03:41.559Z"}
{"level":"warn","message":"Invalid contact format (non-string) for record with PIP number EMEA-001553-PIP01-13-M02: [\"Ablynx NV\",\"Tel. +32 92620000\",\"E-mail: regulatory@ablynx.com\"]","timestamp":"2025-07-25T16:03:41.559Z"}
{"level":"warn","message":"Skipping invalid key in record: ","timestamp":"2025-07-25T16:03:41.559Z"}
{"level":"warn","message":"Invalid contact format (non-string) for record with PIP number EMEA-001865-PIP02-16: [\"AstraZeneca AB\",\"E-mail: paediatrics@astrazeneca.com\",\"Tel. +46 8553 27591\"]","timestamp":"2025-07-25T16:03:41.560Z"}
{"level":"warn","message":"Skipping invalid key in record: ","timestamp":"2025-07-25T16:03:41.560Z"}
{"level":"warn","message":"Skipping invalid key in record: ","timestamp":"2025-07-25T16:03:41.560Z"}
{"level":"warn","message":"Invalid contact format (non-string) for record with PIP number EMEA-001974-PIP01-16-M02: [\"AdRes EU B.V.\",\"Tel. +44 2033846700\",\"E-mail: regulatory@orchard-tx.com\"]","timestamp":"2025-07-25T16:03:41.560Z"}
{"level":"warn","message":"Skipping invalid key in record: ","timestamp":"2025-07-25T16:03:41.560Z"}
{"level":"warn","message":"Invalid contact format (non-string) for record with PIP number EMEA-003052-PIP01-21: [\"Vertex Pharmaceuticals (Ireland) Limited\",\"E-mail: vertexmedicalinfo@vrtx.com\",\"Tel: +353 17617299\"]","timestamp":"2025-07-25T16:03:41.560Z"}
{"level":"warn","message":"Skipping invalid key in record: ","timestamp":"2025-07-25T16:03:41.560Z"}
{"level":"warn","message":"Invalid contact format (non-string) for record with PIP number EMEA-002311-PIP01-17-M02: [\"Theratechnologies International Limited\",\"Tel. +1 5143367800\",\"E-mail: regulatoryaffairs@theratech.com\"]","timestamp":"2025-07-25T16:03:41.560Z"}
{"level":"warn","message":"Skipping invalid key in record: ","timestamp":"2025-07-25T16:03:41.560Z"}
{"level":"warn","message":"Invalid contact format (non-string) for record with PIP number EMEA-002184-PIP01-17-M01: [\"Jazz Pharmaceuticals Ireland Limited\",\"E-mail: medinfo-int@jazzpharma.com\",\"Tel: 00 44 1865 399 777\"]","timestamp":"2025-07-25T16:03:41.560Z"}
{"level":"warn","message":"Skipping invalid key in record: ","timestamp":"2025-07-25T16:03:41.560Z"}
{"level":"warn","message":"Skipping invalid key in record: ","timestamp":"2025-07-25T16:03:41.560Z"}
{"level":"warn","message":"Skipping invalid key in record: ","timestamp":"2025-07-25T16:03:41.560Z"}
{"level":"warn","message":"Invalid contact format (non-string) for record with PIP number EMEA-001893-PIP01-15-M02: [\"Shionogi Limited\",\"E-mail: shionogiclintrials-admin@shionogi.co.jp\",\"Tel. +44 (0)20 3534 200\"]","timestamp":"2025-07-25T16:03:41.560Z"}
{"level":"warn","message":"Skipping invalid key in record: ","timestamp":"2025-07-25T16:03:41.561Z"}
{"level":"warn","message":"Invalid contact format (non-string) for record with PIP number EMEA-001701-PIP01-14-M02: [\"Amryt Pharmaceuticals DAC\",\"Tel. +44 1604 549 952\",\"E-mail: medinfo@amrytpharma.com\"]","timestamp":"2025-07-25T16:03:41.561Z"}
{"level":"warn","message":"Skipping invalid key in record: ","timestamp":"2025-07-25T16:03:41.561Z"}
{"level":"warn","message":"Invalid contact format (non-string) for record with PIP number EMEA-001640-PIP01-14-M06: [\"Vertex Pharmaceuticals (Ireland) Limited\",\"E-mail: medicalinfo@vrtx.com\",\"Tel: +1 877 634 8789\"]","timestamp":"2025-07-25T16:03:41.561Z"}
{"level":"warn","message":"Skipping invalid key in record: ","timestamp":"2025-07-25T16:03:41.561Z"}
{"level":"warn","message":"Invalid contact format (non-string) for record with PIP number EMEA-002323-PIP02-19: [\"Allergan Pharmaceuticals International Limited\",\"E-mail: ml-eu_reg_affairs@allergan.com\",\"Tel. +44 (0)1628 4944444\"]","timestamp":"2025-07-25T16:03:41.561Z"}
{"level":"warn","message":"Skipping invalid key in record: ","timestamp":"2025-07-25T16:03:41.561Z"}
{"level":"warn","message":"Invalid contact format (non-string) for record with PIP number EMEA-001149-PIP01-11-M07: [\"Omrix Biopharmaceuticals N.V.\",\"Email: DL-OMRilRAAllStaff@ITS.JNJ.com\",\"Tel. +32 27463000\"]","timestamp":"2025-07-25T16:03:41.561Z"}
{"level":"warn","message":"Skipping invalid key in record: ","timestamp":"2025-07-25T16:03:41.561Z"}
{"level":"warn","message":"Invalid contact format (non-string) for record with PIP number EMEA-000882-PIP03-11-M05: [\"Jubilant DraxImage Inc.\",\"dba Jubilant Radiopharma\",\"E-mail: Ra@jdi.jubl.com\",\"Tel: 1-514-694-8220\",\"ext.7045\"]","timestamp":"2025-07-25T16:03:41.570Z"}
{"level":"warn","message":"Skipping invalid key in record: ","timestamp":"2025-07-25T16:03:41.570Z"}
{"level":"warn","message":"Invalid contact format (non-string) for record with PIP number EMEA-003028-PIP01-21: [\"BeiGene Ireland Limited\",\"E-mail: BeigeneClinicalSupportUS@beigene.com\",\"Tel: +1 833 969 2463\"]","timestamp":"2025-07-25T16:03:41.570Z"}
{"level":"warn","message":"Skipping invalid key in record: ","timestamp":"2025-07-25T16:03:41.570Z"}
{"level":"warn","message":"Skipping invalid key in record: ","timestamp":"2025-07-25T16:03:41.570Z"}
{"level":"warn","message":"Invalid contact format (non-string) for record with PIP number EMEA-003021-PIP01-21: [\"Aspire Pharma Limited\",\"E-mail: info@aspirepharma.co.uk\",\"Tel: +44 1730 231148\"]","timestamp":"2025-07-25T16:03:41.570Z"}
{"level":"warn","message":"Skipping invalid key in record: ","timestamp":"2025-07-25T16:03:41.570Z"}
{"level":"warn","message":"Invalid contact format (non-string) for record with PIP number EMEA-003015-PIP01-21: [\"Les Laboratoires Servier\",\"E-mail: mail.dcp-contact@servier.com\",\"Tel: +33 1 55 72 60 00\"]","timestamp":"2025-07-25T16:03:41.571Z"}
{"level":"warn","message":"Skipping invalid key in record: ","timestamp":"2025-07-25T16:03:41.571Z"}
{"level":"warn","message":"Invalid contact format (non-string) for record with PIP number EMEA-001740-PIP01-14: [\"Rempex Pharmaceuticals\",\"a wholly-owned subsidiary of The Medicines Company\",\"Tel. +39 0555680633\",\"E-mail: prijli@menarini.it\"]","timestamp":"2025-07-25T16:03:41.571Z"}
{"level":"warn","message":"Skipping invalid key in record: ","timestamp":"2025-07-25T16:03:41.571Z"}
{"level":"warn","message":"Invalid contact format (non-string) for record with PIP number EMEA-003004-PIP01-21: [\"Alfred E. Tiefenbacher (GmbH & Co. KG)\",\"Tel. +49 404418090\",\"E-mail: regaffairs@aet.eu\"]","timestamp":"2025-07-25T16:03:41.571Z"}
{"level":"warn","message":"Skipping invalid key in record: ","timestamp":"2025-07-25T16:03:41.571Z"}
{"level":"warn","message":"Invalid contact format (non-string) for record with PIP number EMEA-002960-PIP02-21: [\"Gedeon Richter Plc.\",\"E-mail: cprichter@richter.hu\",\"Tel: +36 1 431 4675\"]","timestamp":"2025-07-25T16:03:41.571Z"}
{"level":"warn","message":"Skipping invalid key in record: ","timestamp":"2025-07-25T16:03:41.571Z"}
{"level":"warn","message":"Invalid contact format (non-string) for record with PIP number EMEA-002917-PIP01-20: [\"Evofem\",\"Inc.\",\"E-mail: regulatory@evofem.com\",\"Tel: +1 919 749 0328\"]","timestamp":"2025-07-25T16:03:41.571Z"}
{"level":"warn","message":"Skipping invalid key in record: ","timestamp":"2025-07-25T16:03:41.571Z"}
{"level":"warn","message":"Invalid contact format (non-string) for record with PIP number EMEA-002896-PIP01-20: [\"Lung Therapeutics\",\"Inc.\",\"E-mail: info@lungtx.com\",\"Tel: +1 737 802 1989\"]","timestamp":"2025-07-25T16:03:41.571Z"}
{"level":"warn","message":"Skipping invalid key in record: ","timestamp":"2025-07-25T16:03:41.571Z"}
{"level":"warn","message":"Invalid contact format (non-string) for record with PIP number EMEA-002387-PIP02-21: [\"Karyopharm Europe GmbH\",\"E-mail: cnippgen@karyopharm.com\",\"Tel: +4915118568262\"]","timestamp":"2025-07-25T16:03:41.571Z"}
{"level":"warn","message":"Skipping invalid key in record: ","timestamp":"2025-07-25T16:03:41.571Z"}
{"level":"warn","message":"Skipping invalid key in record: ","timestamp":"2025-07-25T16:03:41.572Z"}
{"level":"warn","message":"Invalid contact format (non-string) for record with PIP number EMEA-002378-PIP01-18: [\"Bristol-Myers Squibb International Corporation\",\"Tel. +44 (0)1895 523740\",\"E-mail: medical.information@bms.com\"]","timestamp":"2025-07-25T16:03:41.572Z"}
{"level":"warn","message":"Skipping invalid key in record: ","timestamp":"2025-07-25T16:03:41.572Z"}
{"level":"warn","message":"Skipping invalid key in record: ","timestamp":"2025-07-25T16:03:41.572Z"}
{"level":"warn","message":"Invalid contact format (non-string) for record with PIP number EMEA-001220-PIP05-19: [\"Eli Lilly & Company Limited\",\"E-mail: eu_paediatric@lilly.com\",\"Tel. +44 (0)1276 483000\"]","timestamp":"2025-07-25T16:03:41.572Z"}
{"level":"warn","message":"Skipping invalid key in record: ","timestamp":"2025-07-25T16:03:41.572Z"}
{"level":"warn","message":"Invalid contact format (non-string) for record with PIP number EMEA-001090-PIP02-21: [\"Life Molecular Imaging GmbH\",\"E-mail: GRA@life-mi.com\",\"Tel: +49030461124604\"]","timestamp":"2025-07-25T16:03:41.572Z"}
{"level":"warn","message":"Skipping invalid key in record: ","timestamp":"2025-07-25T16:03:41.572Z"}
{"level":"warn","message":"Skipping invalid key in record: ","timestamp":"2025-07-25T16:03:41.572Z"}
{"level":"warn","message":"Invalid contact format (non-string) for record with PIP number EMEA-002448-PIP01-18-M02: [\"Bristol-Myers Squibb International Corporation\",\"Tel. +44 1895523740\",\"E-mail: medical.information@bms.com\"]","timestamp":"2025-07-25T16:03:41.572Z"}
{"level":"warn","message":"Skipping invalid key in record: ","timestamp":"2025-07-25T16:03:41.572Z"}
{"level":"warn","message":"Invalid contact format (non-string) for record with PIP number EMEA-001869-PIP01-15-M02: [\"Bellicum Pharma Ltd\",\"Tel. +1 8323841100\",\"E-mail: mansari@bellicum.com\"]","timestamp":"2025-07-25T16:03:41.572Z"}
{"level":"warn","message":"Skipping invalid key in record: ","timestamp":"2025-07-25T16:03:41.572Z"}
{"level":"warn","message":"Invalid contact format (non-string) for record with PIP number EMEA-001214-PIP05-19: [\"AstraZeneca AB\",\"E-mail: paediatrics@astrazeneca.com\",\"Tel.  +46 855326000\"]","timestamp":"2025-07-25T16:03:41.573Z"}
{"level":"warn","message":"Skipping invalid key in record: ","timestamp":"2025-07-25T16:03:41.573Z"}
{"level":"warn","message":"Skipping invalid key in record: ","timestamp":"2025-07-25T16:03:41.573Z"}
{"level":"warn","message":"Invalid contact format (non-string) for record with PIP number EMEA-001870-PIP01-15-M02: [\"Bellicum Pharma Ltd\",\"Tel. +1 8323841100\",\"E-mail: mansari@bellicum.com\"]","timestamp":"2025-07-25T16:03:41.573Z"}
{"level":"warn","message":"Skipping invalid key in record: ","timestamp":"2025-07-25T16:03:41.573Z"}
{"level":"info","message":"CSV Headers: Decision number,PIP number,Active substance,Invented name,Therapeutic area,Pharmaceutical forms,Condition / indication,Routes of administration,Decision type,Decision date,Compliance outcome,Compliance opinion date,Compliance procedure number,Contact for public enquiries,First published date,Last updated date,PIP URL,","timestamp":"2025-07-25T16:03:41.573Z"}
{"level":"warn","message":"Skipping invalid key in record: ","timestamp":"2025-07-25T16:03:41.573Z"}
{"level":"warn","message":"Skipping invalid key in record: ","timestamp":"2025-07-25T16:03:41.573Z"}
{"level":"warn","message":"Skipping invalid key in record: ","timestamp":"2025-07-25T16:03:41.573Z"}
{"level":"warn","message":"Invalid contact format (non-string) for record with PIP number EMEA-001529-PIP02-14-M03: [\"Acerus Biopharma Inc.\",\"Email: fholagh@aceruspharma.com\",\"Tel. +1 9058178195\"]","timestamp":"2025-07-25T16:03:41.573Z"}
{"level":"warn","message":"Skipping invalid key in record: ","timestamp":"2025-07-25T16:03:41.573Z"}
{"level":"warn","message":"Invalid contact format (non-string) for record with PIP number EMEA-002588-PIP01-19: [\"Pharmaceutical Oriented Services Ltd\",\"E-mail: emakrodouli@pharosgr.gr\",\"skoukaki@pharosgr.gr\",\"Tel. +30 2106664667\"]","timestamp":"2025-07-25T16:03:41.573Z"}
{"level":"warn","message":"Skipping invalid key in record: ","timestamp":"2025-07-25T16:03:41.573Z"}
{"level":"warn","message":"Skipping invalid key in record: ","timestamp":"2025-07-25T16:03:41.574Z"}
{"level":"warn","message":"Invalid contact format (non-string) for record with PIP number EMEA-001057-PIP01-10-M01: [\"Shire Pharmaceutical Development Ltd\",\"E-mail: medinfoEMEA@shire.com\",\"Tel. 00800 6683 8470\"]","timestamp":"2025-07-25T16:03:41.574Z"}
{"level":"warn","message":"Skipping invalid key in record: ","timestamp":"2025-07-25T16:03:41.574Z"}
{"level":"warn","message":"Skipping invalid key in record: ","timestamp":"2025-07-25T16:03:41.574Z"}
{"level":"warn","message":"Invalid contact format (non-string) for record with PIP number EMEA-002264-PIP01-17: [\"Otsuka Pharmaceutical Netherlands B.V.\",\"E-mail: communications@otsuka-europe.com\",\"Tel. +44 2037475001\"]","timestamp":"2025-07-25T16:03:41.574Z"}
{"level":"warn","message":"Skipping invalid key in record: ","timestamp":"2025-07-25T16:03:41.574Z"}
{"level":"warn","message":"Skipping invalid key in record: ","timestamp":"2025-07-25T16:03:41.574Z"}
{"level":"warn","message":"Invalid contact format (non-string) for record with PIP number EMEA-000645-PIP03-18: [\"Takeda Pharma A/S\",\"Tel. +44 2031168000\",\"E-mail: paediatrics@tgrd.com\"]","timestamp":"2025-07-25T16:03:41.574Z"}
{"level":"warn","message":"Skipping invalid key in record: ","timestamp":"2025-07-25T16:03:41.574Z"}
{"level":"warn","message":"Invalid contact format (non-string) for record with PIP number EMEA-001984-PIP03-20: [\"Vifor (International) AG\",\"Email: sparsentan_ra@viforpharma.com\",\"Tel: +41588518000\"]","timestamp":"2025-07-25T16:03:41.574Z"}
{"level":"warn","message":"Skipping invalid key in record: ","timestamp":"2025-07-25T16:03:41.574Z"}
{"level":"warn","message":"Skipping invalid key in record: ","timestamp":"2025-07-25T16:03:41.574Z"}
{"level":"warn","message":"Skipping invalid key in record: ","timestamp":"2025-07-25T16:03:41.574Z"}
{"level":"warn","message":"Invalid contact format (non-string) for record with PIP number EMEA-003010-PIP01-21: [\"Shionogi B.V.\",\"E-mail: shionogiclintrials-admin@shionogi.co.jp\",\"Tel: +44 203534200\"]","timestamp":"2025-07-25T16:03:41.574Z"}
{"level":"warn","message":"Skipping invalid key in record: ","timestamp":"2025-07-25T16:03:41.575Z"}
{"level":"warn","message":"Invalid contact format (non-string) for record with PIP number EMEA-003007-PIP01-21: [\"Janssen-Cilag International NV\",\"E-mail: contact@janssen-emea.com\",\"Tel.: +32 14602111\"]","timestamp":"2025-07-25T16:03:41.575Z"}
{"level":"warn","message":"Skipping invalid key in record: ","timestamp":"2025-07-25T16:03:41.575Z"}
{"level":"warn","message":"Invalid contact format (non-string) for record with PIP number EMEA-003006-PIP01-21: [\"Janssen-Cilag International NV\",\"E-mail: contact@janssen-emea.com\",\"Tel.: +32 14602111\"]","timestamp":"2025-07-25T16:03:41.575Z"}
{"level":"warn","message":"Skipping invalid key in record: ","timestamp":"2025-07-25T16:03:41.575Z"}
{"level":"warn","message":"Invalid contact format (non-string) for record with PIP number EMEA-003005-PIP01-21: [\"NGM Biopharmaceuticals\",\"Inc.\",\"E-mail: info@ngmbio.com\",\"Tel: +1 6502435555\"]","timestamp":"2025-07-25T16:03:41.575Z"}
{"level":"warn","message":"Skipping invalid key in record: ","timestamp":"2025-07-25T16:03:41.575Z"}
{"level":"warn","message":"Skipping invalid key in record: ","timestamp":"2025-07-25T16:03:41.575Z"}
{"level":"warn","message":"Invalid contact format (non-string) for record with PIP number EMEA-002997-PIP01-21: [\"Alector\",\"Inc.\",\"E-mail: info@alector.com\",\"Tel: +1 4152315660\"]","timestamp":"2025-07-25T16:03:41.575Z"}
{"level":"warn","message":"Skipping invalid key in record: ","timestamp":"2025-07-25T16:03:41.575Z"}
{"level":"warn","message":"Invalid contact format (non-string) for record with PIP number EMEA-002994-PIP01-21: [\"Alvogen Malta Out-licensing Ltd\",\"E-mail: regulatory@adalvo.com\",\"Tel: +356 22485944\"]","timestamp":"2025-07-25T16:03:41.575Z"}
{"level":"warn","message":"Skipping invalid key in record: ","timestamp":"2025-07-25T16:03:41.575Z"}
{"level":"warn","message":"Invalid contact format (non-string) for record with PIP number EMEA-002988-PIP01-21: [\"Novo Nordisk A/S\",\"E-mail: paediatrics@novonordisk.com\",\"Tel: +45 44448888\"]","timestamp":"2025-07-25T16:03:41.575Z"}
{"level":"warn","message":"Skipping invalid key in record: ","timestamp":"2025-07-25T16:03:41.576Z"}
{"level":"warn","message":"Invalid contact format (non-string) for record with PIP number EMEA-002892-PIP01-20: [\"Wockhardt Bio AG\",\"E-mail: EUDataRepresentative@wockhardt.com\",\"Tel: +48 221105473\"]","timestamp":"2025-07-25T16:03:41.576Z"}
{"level":"warn","message":"Skipping invalid key in record: ","timestamp":"2025-07-25T16:03:41.576Z"}
{"level":"warn","message":"Invalid contact format (non-string) for record with PIP number EMEA-002867-PIP01-20: [\"Adaptimmune Ltd\",\"E-mail: info@adaptimmune.com\",\"Tel: +44 123543000\"]","timestamp":"2025-07-25T16:03:41.576Z"}
{"level":"warn","message":"Skipping invalid key in record: ","timestamp":"2025-07-25T16:03:41.576Z"}
{"level":"warn","message":"Invalid contact format (non-string) for record with PIP number EMEA-002766-PIP02-21: [\"PhaseBio Pharmaceuticals Inc.\",\"E-mail: phasebioregulatory@phasebio.com\",\"Tel: +1 6109816507\"]","timestamp":"2025-07-25T16:03:41.576Z"}
{"level":"warn","message":"Skipping invalid key in record: ","timestamp":"2025-07-25T16:03:41.576Z"}
{"level":"warn","message":"Skipping invalid key in record: ","timestamp":"2025-07-25T16:03:41.576Z"}
{"level":"warn","message":"Invalid contact format (non-string) for record with PIP number EMEA-002594-PIP02-20: [\"QED Therapeutics Inc.\",\"E-mail: info@qedtx.com\",\"Tel: +1 65202314088\"]","timestamp":"2025-07-25T16:03:41.576Z"}
{"level":"warn","message":"Skipping invalid key in record: ","timestamp":"2025-07-25T16:03:41.576Z"}
{"level":"warn","message":"Invalid contact format (non-string) for record with PIP number EMEA-002350-PIP03-20: [\"Bristol-Myers Squibb International Corporation\",\"E-mail: medical.information@bms.com\",\"Tel. +44 1423 533 610\"]","timestamp":"2025-07-25T16:03:41.576Z"}
{"level":"warn","message":"Skipping invalid key in record: ","timestamp":"2025-07-25T16:03:41.576Z"}
{"level":"warn","message":"Skipping invalid key in record: ","timestamp":"2025-07-25T16:03:41.577Z"}
{"level":"warn","message":"Invalid contact format (non-string) for record with PIP number EMEA-001238-PIP02-20: [\"PTC Therapeutics International Limited\",\"Tel. +353 19068700\",\"E-mail: medinfo@ptcbio.com\"]","timestamp":"2025-07-25T16:03:41.577Z"}
{"level":"warn","message":"Skipping invalid key in record: ","timestamp":"2025-07-25T16:03:41.577Z"}
{"level":"warn","message":"Invalid contact format (non-string) for record with PIP number EMEA-001220-PIP08-20: [\"Eli Lilly & Company Limited\",\"E-mail: eu_paediatric@lilly.com\",\"Tel. +44 (0)1276 483000\"]","timestamp":"2025-07-25T16:03:41.577Z"}
{"level":"warn","message":"Skipping invalid key in record: ","timestamp":"2025-07-25T16:03:41.577Z"}
{"level":"warn","message":"Invalid contact format (non-string) for record with PIP number EMEA-001654-PIP01-14-M04: [\"Novartis Europharm Limited\",\"E-mail: paediatric.enquiries@novartis.com\",\"Tel. +41 6132 46715\"]","timestamp":"2025-07-25T16:03:41.577Z"}
{"level":"warn","message":"Skipping invalid key in record: ","timestamp":"2025-07-25T16:03:41.577Z"}
{"level":"warn","message":"Invalid contact format (non-string) for record with PIP number EMEA-002217-PIP01-17-M02: [\"TETEC Tissue Engineering Technologies AG\",\"E-mail: info@tetec-ag.de\",\"Tel: +49 712116260\"]","timestamp":"2025-07-25T16:03:41.577Z"}
{"level":"warn","message":"Skipping invalid key in record: ","timestamp":"2025-07-25T16:03:41.577Z"}
{"level":"warn","message":"Invalid contact format (non-string) for record with PIP number EMEA-002127-PIP01-17-M01: [\"GeNeuro SA\",\"Tel. +41  225524800\",\"E-mail: contact@geneuro.com\"]","timestamp":"2025-07-25T16:03:41.577Z"}
{"level":"warn","message":"Skipping invalid key in record: ","timestamp":"2025-07-25T16:03:41.577Z"}
{"level":"warn","message":"Invalid contact format (non-string) for record with PIP number EMEA-002059-PIP02-19-M01: [\"Regeneron Ireland DAC\",\"Tel. +1 9148 475385\",\"E-mail: clinicaltrials@regeneron.com\"]","timestamp":"2025-07-25T16:03:41.577Z"}
{"level":"warn","message":"Skipping invalid key in record: ","timestamp":"2025-07-25T16:03:41.595Z"}
{"level":"warn","message":"Invalid contact format (non-string) for record with PIP number EMEA-001895-PIP01-15-M01: [\"Infant Bacterial Therapeutics AB\",\"Tel. +46841014555\",\"E-mail: info@ibtherapeutics.com\"]","timestamp":"2025-07-25T16:03:41.595Z"}
{"level":"warn","message":"Skipping invalid key in record: ","timestamp":"2025-07-25T16:03:41.596Z"}
{"level":"warn","message":"Skipping invalid key in record: ","timestamp":"2025-07-25T16:03:41.596Z"}
{"level":"warn","message":"Invalid contact format (non-string) for record with PIP number EMEA-001416-PIP01-12-M03: [\"Santen Incorporated\",\"Tel. +44 1727 615110\",\"E-mail: regulatoryaffairs@santen.com\"]","timestamp":"2025-07-25T16:03:41.596Z"}
{"level":"warn","message":"Skipping invalid key in record: ","timestamp":"2025-07-25T16:03:41.596Z"}
{"level":"warn","message":"Skipping invalid key in record: ","timestamp":"2025-07-25T16:03:41.596Z"}
{"level":"warn","message":"Invalid contact format (non-string) for record with PIP number EMEA-001171-PIP01-11-M02: [\"MIT Gesundheit GmbH\",\"Switzerland\",\"Tel. +41 763804835\",\"E-mail: info@swisscardiotech.com\"]","timestamp":"2025-07-25T16:03:41.596Z"}
{"level":"warn","message":"Skipping invalid key in record: ","timestamp":"2025-07-25T16:03:41.596Z"}
{"level":"warn","message":"Skipping invalid key in record: ","timestamp":"2025-07-25T16:03:41.596Z"}
{"level":"warn","message":"Skipping invalid key in record: ","timestamp":"2025-07-25T16:03:41.596Z"}
{"level":"warn","message":"Invalid contact format (non-string) for record with PIP number EMEA-001857-PIP02-20: [\"Ipsen Pharma\",\"E-mail: elafibranor.enquiries@ipsen.com\",\"Tel. +1 857-600-8195\"]","timestamp":"2025-07-25T16:03:41.597Z"}
{"level":"warn","message":"Skipping invalid key in record: ","timestamp":"2025-07-25T16:03:41.597Z"}
{"level":"warn","message":"Invalid contact format (non-string) for record with PIP number EMEA-001584-PIP01-13-M07: [\"Gilead Sciences International Ltd.\",\"Tel. +44 (0)1223 897 300\",\"E-mail: regulatory.pip@gilead.com\"]","timestamp":"2025-07-25T16:03:41.597Z"}
{"level":"warn","message":"Skipping invalid key in record: ","timestamp":"2025-07-25T16:03:41.597Z"}
{"level":"warn","message":"Invalid contact format (non-string) for record with PIP number EMEA-002488-PIP01-18: [\"Reata Pharmaceuticals Inc.\",\"Tel. +1 4694424837\",\"Email: paediatric.enquiries@reatapharma.com\"]","timestamp":"2025-07-25T16:03:41.597Z"}
{"level":"info","message":"CSV Headers: Decision number,PIP number,Active substance,Invented name,Therapeutic area,Pharmaceutical forms,Condition / indication,Routes of administration,Decision type,Decision date,Compliance outcome,Compliance opinion date,Compliance procedure number,Contact for public enquiries,First published date,Last updated date,PIP URL,","timestamp":"2025-07-25T16:03:41.597Z"}
{"level":"warn","message":"Skipping invalid key in record: ","timestamp":"2025-07-25T16:03:41.597Z"}
{"level":"warn","message":"Invalid contact format (non-string) for record with PIP number EMEA-001475-PIP04-20: [\"Mirum Pharmaceuticals Inc.\",\"E-mail: medinfo@mirumpharma.com\",\"Tel. +1 3104291626\"]","timestamp":"2025-07-25T16:03:41.597Z"}
{"level":"warn","message":"Skipping invalid key in record: ","timestamp":"2025-07-25T16:03:41.597Z"}
{"level":"warn","message":"Invalid contact format (non-string) for record with PIP number EMEA-002844-PIP01-20: [\"ProKidney\",\"Tel. +1 336-462-2293\",\"Email: info@prokidney.com\"]","timestamp":"2025-07-25T16:03:41.597Z"}
{"level":"warn","message":"Skipping invalid key in record: ","timestamp":"2025-07-25T16:03:41.597Z"}
{"level":"warn","message":"Invalid contact format (non-string) for record with PIP number EMEA-001055-PIP02-21: [\"ISA Therapeutics B.V.\",\"E-mail:info@isa-pharma.com\",\"Tel. +31 713322310\"]","timestamp":"2025-07-25T16:03:41.598Z"}
{"level":"warn","message":"Skipping invalid key in record: ","timestamp":"2025-07-25T16:03:41.598Z"}
{"level":"warn","message":"Skipping invalid key in record: ","timestamp":"2025-07-25T16:03:41.598Z"}
{"level":"warn","message":"Invalid contact format (non-string) for record with PIP number EMEA-001032-PIP03-19: [\"Janssen-Cilag International N.V.\",\"E-mail:clinical-trials-disclosure@its.jnj.com\",\"Tel. +41 615656565\"]","timestamp":"2025-07-25T16:03:41.598Z"}
{"level":"warn","message":"Skipping invalid key in record: ","timestamp":"2025-07-25T16:03:41.598Z"}
{"level":"warn","message":"Invalid contact format (non-string) for record with PIP number EMEA-002978-PIP01-21: [\"Daiichi Sankyo Europe GmbH\",\"E-mail: service@daiichi-sankyo.eu\",\"Tel.: +49 8978080\"]","timestamp":"2025-07-25T16:03:41.598Z"}
{"level":"warn","message":"Skipping invalid key in record: ","timestamp":"2025-07-25T16:03:41.598Z"}
{"level":"warn","message":"Invalid contact format (non-string) for record with PIP number EMEA-002995-PIP01-21: [\"EspeRare Foundation\",\"Tel. +41 227944004\",\"Email: info.er004@esperare.org\"]","timestamp":"2025-07-25T16:03:41.598Z"}
{"level":"warn","message":"Skipping invalid key in record: ","timestamp":"2025-07-25T16:03:41.598Z"}
{"level":"warn","message":"Invalid contact format (non-string) for record with PIP number EMEA-002976-PIP01-21: [\"Daiichi Sankyo Europe GmbH\",\"E-mail: service@daiichi-sankyo.eu\",\"Tel.: +49 8978080\"]","timestamp":"2025-07-25T16:03:41.598Z"}
{"level":"warn","message":"Skipping invalid key in record: ","timestamp":"2025-07-25T16:03:41.598Z"}
{"level":"warn","message":"Invalid contact format (non-string) for record with PIP number EMEA-002976-PIP02-21: [\"Daiichi Sankyo Europe GmbH\",\"E-mail: service@daiichi-sankyo.eu\",\"Tel.: +49 8978080\"]","timestamp":"2025-07-25T16:03:41.598Z"}
{"level":"warn","message":"Skipping invalid key in record: ","timestamp":"2025-07-25T16:03:41.598Z"}
{"level":"warn","message":"Invalid contact format (non-string) for record with PIP number EMEA-002977-PIP01-21: [\"Daiichi Sankyo Europe GmbH\",\"E-mail: service@daiichi-sankyo.eu\",\"Tel.: +49 8978080\"]","timestamp":"2025-07-25T16:03:41.598Z"}
{"level":"warn","message":"Skipping invalid key in record: ","timestamp":"2025-07-25T16:03:41.599Z"}
{"level":"warn","message":"Invalid contact format (non-string) for record with PIP number EMEA-002973-PIP01-21: [\"Pfizer Europe MA EEIG\",\"Tel. +44 (0)1304 646 607\",\"E-mail: pip_enquiries@pfizer.com\"]","timestamp":"2025-07-25T16:03:41.599Z"}
{"level":"warn","message":"Skipping invalid key in record: ","timestamp":"2025-07-25T16:03:41.599Z"}
{"level":"warn","message":"Skipping invalid key in record: ","timestamp":"2025-07-25T16:03:41.599Z"}
{"level":"warn","message":"Invalid contact format (non-string) for record with PIP number EMEA-002975-PIP01-21: [\"Advanced Accelerator Applications SA\",\"Tel: +41 6132 41111\",\"Email: paediatric.enquiries@novartis.com\"]","timestamp":"2025-07-25T16:03:41.599Z"}
{"level":"warn","message":"Skipping invalid key in record: ","timestamp":"2025-07-25T16:03:41.599Z"}
{"level":"warn","message":"Invalid contact format (non-string) for record with PIP number EMEA-002968-PIP01-21: [\"NTC srl\",\"Tel. +39 3404221497\",\"Email: regulatory-ph@ntcpharma.net\"]","timestamp":"2025-07-25T16:03:41.599Z"}
{"level":"warn","message":"Skipping invalid key in record: ","timestamp":"2025-07-25T16:03:41.599Z"}
{"level":"warn","message":"Skipping invalid key in record: ","timestamp":"2025-07-25T16:03:41.599Z"}
{"level":"warn","message":"Invalid contact format (non-string) for record with PIP number EMEA-002903-PIP02-21: [\"Genzyme Europe B.V.\",\"Tel. +31 20 245 3917\",\"E-mail: eumedinfo@genzyme.com\"]","timestamp":"2025-07-25T16:03:41.599Z"}
{"level":"warn","message":"Skipping invalid key in record: ","timestamp":"2025-07-25T16:03:41.599Z"}
{"level":"warn","message":"Skipping invalid key in record: ","timestamp":"2025-07-25T16:03:41.599Z"}
{"level":"warn","message":"Invalid contact format (non-string) for record with PIP number EMEA-002712-PIP01-19-M01: [\"AstraZeneca AB\",\"E-mail: paediatrics@astrazeneca.com\",\"Tel. +46 8553 27591\"]","timestamp":"2025-07-25T16:03:41.599Z"}
{"level":"warn","message":"Skipping invalid key in record: ","timestamp":"2025-07-25T16:03:41.600Z"}
{"level":"warn","message":"Skipping invalid key in record: ","timestamp":"2025-07-25T16:03:41.600Z"}
{"level":"warn","message":"Invalid contact format (non-string) for record with PIP number EMEA-001933-PIP01-16-M01: [\"Fondazione Telethon ETS\",\"E-mail: regulatory@telethon.it\",\"Tel: +39 06 440151\"]","timestamp":"2025-07-25T16:03:41.600Z"}
{"level":"warn","message":"Skipping invalid key in record: ","timestamp":"2025-07-25T16:03:41.600Z"}
{"level":"warn","message":"Invalid contact format (non-string) for record with PIP number EMEA-001301-PIP01-12: [\"Basilea Medical Ltd\",\"E-mail: medical.information@basilea.com\",\"Tel. +41 616061400\",\"Fax +41 616061216\"]","timestamp":"2025-07-25T16:03:41.600Z"}
{"level":"warn","message":"Skipping invalid key in record: ","timestamp":"2025-07-25T16:03:41.600Z"}
{"level":"warn","message":"Invalid contact format (non-string) for record with PIP number EMEA-001540-PIP01-13-M01: [\"Ultragenyx Germany GmbH\",\"E-mail: medinfo@ultragenyx.com\",\"Tel. : +4930590083651\"]","timestamp":"2025-07-25T16:03:41.600Z"}
{"level":"warn","message":"Skipping invalid key in record: ","timestamp":"2025-07-25T16:03:41.600Z"}
{"level":"warn","message":"Skipping invalid key in record: ","timestamp":"2025-07-25T16:03:41.600Z"}
{"level":"warn","message":"Invalid contact format (non-string) for record with PIP number EMEA-000802-PIP02-11-M01: [\"Eli Lilly & Company Limited\",\"E-mail: eu_paediatric@lilly.com\",\"Tel. +44 (0)1276 483000\"]","timestamp":"2025-07-25T16:03:41.600Z"}
{"level":"warn","message":"Skipping invalid key in record: ","timestamp":"2025-07-25T16:03:41.600Z"}
{"level":"warn","message":"Invalid contact format (non-string) for record with PIP number EMEA-000635-PIP01-09: [\"TiGenix S.A.U.\",\"E-mail: info@tigenix.com\",\"Tel: +34 918049264\",\"Fax:+34 918049263\"]","timestamp":"2025-07-25T16:03:41.600Z"}
{"level":"warn","message":"Skipping invalid key in record: ","timestamp":"2025-07-25T16:03:41.601Z"}
{"level":"warn","message":"Invalid contact format (non-string) for record with PIP number EMEA-001097-PIP01-10-M02: [\"Eli Lilly & Company Limited\",\"E-mail: eu_paediatric@lilly.com\",\"Tel. +44 (0)1276 483000\"]","timestamp":"2025-07-25T16:03:41.601Z"}
{"level":"warn","message":"Skipping invalid key in record: ","timestamp":"2025-07-25T16:03:41.601Z"}
{"level":"warn","message":"Invalid contact format (non-string) for record with PIP number EMEA-001634-PIP01-14: [\"Shire Human Genetic Therapies AB\",\"Sweden\",\"E-mail: medinfoeuceemea@shire.com\",\"Tel. +80066838470\",\"Fax +01 245 550 389\"]","timestamp":"2025-07-25T16:03:41.601Z"}
{"level":"warn","message":"Skipping invalid key in record: ","timestamp":"2025-07-25T16:03:41.601Z"}
{"level":"warn","message":"Invalid contact format (non-string) for record with PIP number EMEA-000698-PIP02-10-M01: [\"Photocure AS\",\"Norway\",\"E-mail: info@photocur.no\",\"Tel. +47 2206 2210\",\"Fax +47 2206 2218\"]","timestamp":"2025-07-25T16:03:41.601Z"}
{"level":"warn","message":"Skipping invalid key in record: ","timestamp":"2025-07-25T16:03:41.601Z"}
{"level":"warn","message":"Invalid contact format (non-string) for record with PIP number EMEA-001748-PIP03-19: [\"Orphazyme A/S\",\"Email: contact@orphazyme.com\",\"Tel. +45 39178272\"]","timestamp":"2025-07-25T16:03:41.601Z"}
{"level":"warn","message":"Skipping invalid key in record: ","timestamp":"2025-07-25T16:03:41.602Z"}
{"level":"warn","message":"Invalid contact format (non-string) for record with PIP number EMEA-001389-PIP01-12: [\"Boehringer Ingelheim International GmbH\",\"Tel. +49 6132 778271\",\"Email: Paediatrics@boehringer-ingelheim.com\"]","timestamp":"2025-07-25T16:03:41.602Z"}
{"level":"warn","message":"Skipping invalid key in record: ","timestamp":"2025-07-25T16:03:41.602Z"}
{"level":"warn","message":"Invalid contact format (non-string) for record with PIP number EMEA-001868-PIP03-16: [\"Gilead Sciences International Ltd\",\"Tel. +44 (0)1223 897300\",\"E-mail: regulatory.pip@gilead.com\"]","timestamp":"2025-07-25T16:03:41.602Z"}
{"level":"warn","message":"Skipping invalid key in record: ","timestamp":"2025-07-25T16:03:41.602Z"}
{"level":"warn","message":"Invalid contact format (non-string) for record with PIP number EMEA-002926-PIP01-20: [\"Zealand Pharma A/S\",\"Zealand Pharma A/S\",\"Tel. +45 88 77 36 00\",\"E-mail: info@zealandpharma.com\"]","timestamp":"2025-07-25T16:03:41.602Z"}
{"level":"warn","message":"Skipping invalid key in record: ","timestamp":"2025-07-25T16:03:41.602Z"}
{"level":"warn","message":"Invalid contact format (non-string) for record with PIP number EMEA-001517-PIP02-14-M03: [\"Guidehouse Germany GmbH\",\"E-mail: KKasslerTaub@lexpharma.com\",\"Tel: +1 9089638536\"]","timestamp":"2025-07-25T16:03:41.602Z"}
{"level":"warn","message":"Skipping invalid key in record: ","timestamp":"2025-07-25T16:03:41.603Z"}
{"level":"warn","message":"Invalid contact format (non-string) for record with PIP number EMEA-002956-PIP01-21: [\"Soligenix NL B.V\",\"E-mail: arumage@soligenix.com\",\"Tel: +1 6095388200\"]","timestamp":"2025-07-25T16:03:41.603Z"}
{"level":"warn","message":"Skipping invalid key in record: ","timestamp":"2025-07-25T16:03:41.603Z"}
{"level":"warn","message":"Invalid contact format (non-string) for record with PIP number EMEA-002895-PIP02-21: [\"Kodiak Sciences Inc.\",\"E-mail: info@kodiak.com\",\"Tel: +1 6502810850\"]","timestamp":"2025-07-25T16:03:41.603Z"}
{"level":"warn","message":"Skipping invalid key in record: ","timestamp":"2025-07-25T16:03:41.603Z"}
{"level":"warn","message":"Invalid contact format (non-string) for record with PIP number EMEA-002818-PIP01-20: [\"Octapharma Pharmazeutika Produktionsges.m.b.H\",\"E-mail: at1CRDGeneral@octapharma.com\",\"Tel: +43 1610321315\"]","timestamp":"2025-07-25T16:03:41.603Z"}
{"level":"warn","message":"Skipping invalid key in record: ","timestamp":"2025-07-25T16:03:41.603Z"}
{"level":"warn","message":"Invalid contact format (non-string) for record with PIP number EMEA-002627-PIP02-21: [\"AstraZeneca AB\",\"E-mail: paediatrics@astrazeneca.com\",\"Tel. +46 8553 27591\"]","timestamp":"2025-07-25T16:03:41.603Z"}
{"level":"warn","message":"Skipping invalid key in record: ","timestamp":"2025-07-25T16:03:41.603Z"}
{"level":"warn","message":"Skipping invalid key in record: ","timestamp":"2025-07-25T16:03:41.603Z"}
{"level":"warn","message":"Invalid contact format (non-string) for record with PIP number EMEA-001943-PIP03-20-M01: [\"Alexion Europe SAS\",\"E-mail: pip.enquiries.eu@alexion.com\",\"Tel: +33 147100615\"]","timestamp":"2025-07-25T16:03:41.603Z"}
{"level":"warn","message":"Skipping invalid key in record: ","timestamp":"2025-07-25T16:03:41.603Z"}
{"level":"warn","message":"Invalid contact format (non-string) for record with PIP number EMEA-001635-PIP03-17: [\"Pfizer Limited\",\"Tel. + 44 1304646607\",\"E-mail: pip_enquiries@pfizer.com\"]","timestamp":"2025-07-25T16:03:41.603Z"}
{"level":"warn","message":"Skipping invalid key in record: ","timestamp":"2025-07-25T16:03:41.603Z"}
{"level":"warn","message":"Invalid contact format (non-string) for record with PIP number EMEA-002986-PIP01-21: [\"CureVac AG\",\"Tel.  +49 7071 9880-0\",\"E-mail: info@curevac.com\"]","timestamp":"2025-07-25T16:03:41.603Z"}
{"level":"warn","message":"Skipping invalid key in record: ","timestamp":"2025-07-25T16:03:41.604Z"}
{"level":"warn","message":"Invalid contact format (non-string) for record with PIP number EMEA-002117-PIP01-17-M02: [\"Takeda Pharma A/S\",\"Tel.  +45(0) 46771111\",\"E-mail: paediatrics@tgrd.com\"]","timestamp":"2025-07-25T16:03:41.604Z"}
{"level":"warn","message":"Skipping invalid key in record: ","timestamp":"2025-07-25T16:03:41.604Z"}
{"level":"warn","message":"Invalid contact format (non-string) for record with PIP number EMEA-001975-PIP01-16-M02: [\"Janssen-Cilag International NV\",\"Tel.: +32 14602111\",\"E-mail: contact@janssen-emea.com\"]","timestamp":"2025-07-25T16:03:41.604Z"}
{"level":"info","message":"CSV Headers: Decision number,PIP number,Active substance,Invented name,Therapeutic area,Pharmaceutical forms,Condition / indication,Routes of administration,Decision type,Decision date,Compliance outcome,Compliance opinion date,Compliance procedure number,Contact for public enquiries,First published date,Last updated date,PIP URL,","timestamp":"2025-07-25T16:03:41.604Z"}
{"level":"warn","message":"Skipping invalid key in record: ","timestamp":"2025-07-25T16:03:41.621Z"}
{"level":"warn","message":"Invalid contact format (non-string) for record with PIP number EMEA-001716-PIP05-20: [\"Genzyme Europe B.V.\",\"E-mail: eumedinfo.gz@sanofi.com\",\"Tel: +31 202453917\"]","timestamp":"2025-07-25T16:03:41.622Z"}
{"level":"warn","message":"Skipping invalid key in record: ","timestamp":"2025-07-25T16:03:41.622Z"}
{"level":"warn","message":"Invalid contact format (non-string) for record with PIP number EMEA-002905-PIP01-20: [\"Insmed Netherlands B.V.\",\"E-mail: medicalinformation@insmed.com\",\"Telephone: +1 9089474303\"]","timestamp":"2025-07-25T16:03:41.622Z"}
{"level":"warn","message":"Skipping invalid key in record: ","timestamp":"2025-07-25T16:03:41.622Z"}
{"level":"warn","message":"Invalid contact format (non-string) for record with PIP number EMEA-001371-PIP01-12: [\"CSL Behring GmbH\",\"Tel. +49 151 44162443\",\"E-mail: PIP.CSLBehring@cslbehring.com\"]","timestamp":"2025-07-25T16:03:41.622Z"}
{"level":"warn","message":"Skipping invalid key in record: ","timestamp":"2025-07-25T16:03:41.622Z"}
{"level":"warn","message":"Invalid contact format (non-string) for record with PIP number EMEA-002447-PIP01-18-M01: [\"Amicus Therapeutics Europe Limited\",\"E-mail: IR@amicusrx.com\",\"Tel: +1 6096623809\"]","timestamp":"2025-07-25T16:03:41.622Z"}
{"level":"warn","message":"Skipping invalid key in record: ","timestamp":"2025-07-25T16:03:41.622Z"}
{"level":"warn","message":"Invalid contact format (non-string) for record with PIP number EMEA-001879-PIP01-15-M03: [\"ALK Abelló A/S\",\"Tel. +45 4574 7576\",\"E-mail: alkmrp@alk.net\"]","timestamp":"2025-07-25T16:03:41.622Z"}
{"level":"warn","message":"Skipping invalid key in record: ","timestamp":"2025-07-25T16:03:41.623Z"}
{"level":"warn","message":"Invalid contact format (non-string) for record with PIP number EMEA-001207-PIP01-11-M01: [\"Roche Registration GmbH\",\"E-mail: global.eu_regulatory_office@roche.comTel. +49 7624142892\"]","timestamp":"2025-07-25T16:03:41.623Z"}
{"level":"warn","message":"Skipping invalid key in record: ","timestamp":"2025-07-25T16:03:41.623Z"}
{"level":"warn","message":"Invalid contact format (non-string) for record with PIP number EMEA-000142-PIP02-09-M11: [\"MediWound Germany GmbH\",\"Tel. +972 779714168\",\"E-mail: ayaby@mediwound.com\"]","timestamp":"2025-07-25T16:03:41.623Z"}
{"level":"warn","message":"Skipping invalid key in record: ","timestamp":"2025-07-25T16:03:41.623Z"}
{"level":"warn","message":"Invalid contact format (non-string) for record with PIP number EMEA-002959-PIP01-21: [\"Orion Corporation\",\"E-mail: orionra@orionpharma.com\",\"Tel: +358 982564248\"]","timestamp":"2025-07-25T16:03:41.623Z"}
{"level":"warn","message":"Skipping invalid key in record: ","timestamp":"2025-07-25T16:03:41.623Z"}
{"level":"warn","message":"Invalid contact format (non-string) for record with PIP number EMEA-002949-PIP01-20: [\"Merck\",\"Sharp & Dohme (Europe) Inc.\",\"Tel. +33 180464738\",\"E-mail: pip.information@merck.com\"]","timestamp":"2025-07-25T16:03:41.624Z"}
{"level":"warn","message":"Skipping invalid key in record: ","timestamp":"2025-07-25T16:03:41.624Z"}
{"level":"warn","message":"Skipping invalid key in record: ","timestamp":"2025-07-25T16:03:41.624Z"}
{"level":"warn","message":"Invalid contact format (non-string) for record with PIP number EMEA-002945-PIP01-20: [\"Sanofi-aventis recherche & développement\",\"E-mail: contact-us@sanofi.com\",\"Tel: +31 202453703\"]","timestamp":"2025-07-25T16:03:41.624Z"}
{"level":"warn","message":"Skipping invalid key in record: ","timestamp":"2025-07-25T16:03:41.624Z"}
{"level":"warn","message":"Skipping invalid key in record: ","timestamp":"2025-07-25T16:03:41.624Z"}
{"level":"warn","message":"Invalid contact format (non-string) for record with PIP number EMEA-002921-PIP01-20: [\"Air Liquide Santé International\",\"E-mail: fralsi-paediatric@airliquide.com\",\"Tel: +33 625775019\"]","timestamp":"2025-07-25T16:03:41.624Z"}
{"level":"warn","message":"Skipping invalid key in record: ","timestamp":"2025-07-25T16:03:41.624Z"}
{"level":"warn","message":"Skipping invalid key in record: ","timestamp":"2025-07-25T16:03:41.624Z"}
{"level":"warn","message":"Invalid contact format (non-string) for record with PIP number EMEA-002785-PIP01-20: [\"Treeway B.V.\",\"E-mail: info@treeway.nl\",\"Tel: +31 135348272\"]","timestamp":"2025-07-25T16:03:41.624Z"}
{"level":"warn","message":"Skipping invalid key in record: ","timestamp":"2025-07-25T16:03:41.624Z"}
{"level":"warn","message":"Invalid contact format (non-string) for record with PIP number EMEA-002775-PIP01-20: [\"Provention Bio\",\"Inc.\",\"E-mail: info@proventionbio.com\",\"Tel: + 1 908 336 0360\"]","timestamp":"2025-07-25T16:03:41.624Z"}
{"level":"warn","message":"Skipping invalid key in record: ","timestamp":"2025-07-25T16:03:41.624Z"}
{"level":"warn","message":"Invalid contact format (non-string) for record with PIP number EMEA-002671-PIP02-20: [\"Accord Healthcare S.L.U.\",\"E-mail: regulatory_EU@accord-healthcare.com\",\"Tel. +34 933010064\"]","timestamp":"2025-07-25T16:03:41.624Z"}
{"level":"warn","message":"Skipping invalid key in record: ","timestamp":"2025-07-25T16:03:41.624Z"}
{"level":"warn","message":"Invalid contact format (non-string) for record with PIP number EMEA-001693-PIP02-20: [\"Dompé farmaceutici S.p.A.\",\"E-mail: DAR@dompe.com\",\"Tel: +39 0258383230\"]","timestamp":"2025-07-25T16:03:41.625Z"}
{"level":"warn","message":"Skipping invalid key in record: ","timestamp":"2025-07-25T16:03:41.625Z"}
{"level":"warn","message":"Invalid contact format (non-string) for record with PIP number EMEA-001665-PIP02-17: [\"Bluebird Bio France\",\"Tel. +1 857 331 5169\",\"E-mail: pgeoffroy@bluebirdbio.com\"]","timestamp":"2025-07-25T16:03:41.625Z"}
{"level":"warn","message":"Skipping invalid key in record: ","timestamp":"2025-07-25T16:03:41.625Z"}
{"level":"warn","message":"Invalid contact format (non-string) for record with PIP number EMEA-001567-PIP01-13-M03: [\"Develco Pharma GmbH\",\"E-mail: n.burger@develco.ch\",\"Tel.  +41 6142 55020\"]","timestamp":"2025-07-25T16:03:41.625Z"}
{"level":"warn","message":"Skipping invalid key in record: ","timestamp":"2025-07-25T16:03:41.625Z"}
{"level":"warn","message":"Skipping invalid key in record: ","timestamp":"2025-07-25T16:03:41.625Z"}
{"level":"warn","message":"Invalid contact format (non-string) for record with PIP number EMEA-002642-PIP01-19-M03: [\"Dompé farmaceutici S.p.A\",\"E-mail: dar@dompe.com\",\"Tel.: +39 02583831\"]","timestamp":"2025-07-25T16:03:41.625Z"}
{"level":"warn","message":"Skipping invalid key in record: ","timestamp":"2025-07-25T16:03:41.625Z"}
{"level":"warn","message":"Invalid contact format (non-string) for record with PIP number EMEA-001915-PIP01-15-M03: [\"Akcea Therapeutics\",\"Tel. +1 6172070202\",\"E-mail: info@akceatx.com\"]","timestamp":"2025-07-25T16:03:41.625Z"}
{"level":"warn","message":"Skipping invalid key in record: ","timestamp":"2025-07-25T16:03:41.625Z"}
{"level":"warn","message":"Invalid contact format (non-string) for record with PIP number EMEA-000265-PIP02-11-M04: [\"Janssen Biologics B.V.\",\"Tel. +32 1460 2111\",\"E-mail: contact@janssen-emea.com\"]","timestamp":"2025-07-25T16:03:41.625Z"}
{"level":"warn","message":"Skipping invalid key in record: ","timestamp":"2025-07-25T16:03:41.625Z"}
{"level":"warn","message":"Invalid contact format (non-string) for record with PIP number EMEA-002939-PIP01-20: [\"CStone Pharmaceuticals (Suzhou) CO.\",\"Ltd.\",\"E-mail: CStoneRA@cstonepharma.com\",\"Tel.:  +86 2160333496\"]","timestamp":"2025-07-25T16:03:41.625Z"}
{"level":"warn","message":"Skipping invalid key in record: ","timestamp":"2025-07-25T16:03:41.625Z"}
{"level":"warn","message":"Invalid contact format (non-string) for record with PIP number EMEA-002937-PIP01-20: [\"Xcovery Holdings\",\"Inc.\",\"E-mail: info@xcovery.com\",\"Tel.: +1 5618359356\"]","timestamp":"2025-07-25T16:03:41.625Z"}
{"level":"warn","message":"Skipping invalid key in record: ","timestamp":"2025-07-25T16:03:41.626Z"}
{"level":"warn","message":"Invalid contact format (non-string) for record with PIP number EMEA-002936-PIP01-20: [\"H. Lundbeck A/S\",\"E-mail: tsbr@lundbeck.com\",\"Tel.  +45 30834928\"]","timestamp":"2025-07-25T16:03:41.626Z"}
{"level":"warn","message":"Skipping invalid key in record: ","timestamp":"2025-07-25T16:03:41.626Z"}
{"level":"warn","message":"Skipping invalid key in record: ","timestamp":"2025-07-25T16:03:41.626Z"}
{"level":"warn","message":"Skipping invalid key in record: ","timestamp":"2025-07-25T16:03:41.626Z"}
{"level":"warn","message":"Invalid contact format (non-string) for record with PIP number EMEA-002923-PIP01-20: [\"Constellation Pharmaceuticals Inc.\",\"Tel.: +1 6177140585\",\"E-mail: Shrenik.Desai@constellationpharma.com\"]","timestamp":"2025-07-25T16:03:41.626Z"}
{"level":"warn","message":"Skipping invalid key in record: ","timestamp":"2025-07-25T16:03:41.626Z"}
{"level":"warn","message":"Invalid contact format (non-string) for record with PIP number EMEA-002920-PIP01-20: [\"Cerevel Therapeutics\",\"LLC\",\"Tel.: +1 8603894140\",\"E-mail: Jonathon.Parker@cerevel.com\"]","timestamp":"2025-07-25T16:03:41.626Z"}
{"level":"warn","message":"Skipping invalid key in record: ","timestamp":"2025-07-25T16:03:41.626Z"}
{"level":"warn","message":"Invalid contact format (non-string) for record with PIP number EMEA-002919-PIP01-20: [\"Eli Lilly & Company Limited\",\"E-mail: eu_paediatric@lilly.com\",\"Tel. +44 (0)1276 483000\"]","timestamp":"2025-07-25T16:03:41.626Z"}
{"level":"warn","message":"Skipping invalid key in record: ","timestamp":"2025-07-25T16:03:41.626Z"}
{"level":"warn","message":"Invalid contact format (non-string) for record with PIP number EMEA-002913-PIP01-20: [\"Athenex Inc.\",\"Tel.:  +1 7164272860\",\"E-mail: pteegarden@athenex.com\"]","timestamp":"2025-07-25T16:03:41.626Z"}
{"level":"warn","message":"Skipping invalid key in record: ","timestamp":"2025-07-25T16:03:41.626Z"}
{"level":"warn","message":"Invalid contact format (non-string) for record with PIP number EMEA-002902-PIP01-20: [\"BD Switzerland Sàrl\",\"Tel.: +41 215563259\",\"E-mail: GMB-IP-RA-EU@bd.com\"]","timestamp":"2025-07-25T16:03:41.626Z"}
{"level":"warn","message":"Skipping invalid key in record: ","timestamp":"2025-07-25T16:03:41.627Z"}
{"level":"warn","message":"Invalid contact format (non-string) for record with PIP number EMEA-002894-PIP01-20: [\"Athenex Inc.\",\"Tel.:  +1 7164272860\",\"E-mail: pteegarden@athenex.com\"]","timestamp":"2025-07-25T16:03:41.627Z"}
{"level":"warn","message":"Skipping invalid key in record: ","timestamp":"2025-07-25T16:03:41.627Z"}
{"level":"warn","message":"Invalid contact format (non-string) for record with PIP number EMEA-002779-PIP01-20: [\"Aspa Therapeutics\",\"Inc.\",\"Tel.: +1 7073723949\",\"E-mail: ks@bridgebio.com\"]","timestamp":"2025-07-25T16:03:41.627Z"}
{"level":"warn","message":"Skipping invalid key in record: ","timestamp":"2025-07-25T16:03:41.627Z"}
{"level":"warn","message":"Invalid contact format (non-string) for record with PIP number EMEA-002542-PIP03-20: [\"Genzyme Europe B.V.\",\"Tel. +31 (0) 20 245 3917\",\"E-mail: EUmedinfo@genzyme.com\"]","timestamp":"2025-07-25T16:03:41.627Z"}
{"level":"warn","message":"Skipping invalid key in record: ","timestamp":"2025-07-25T16:03:41.627Z"}
{"level":"warn","message":"Invalid contact format (non-string) for record with PIP number EMEA-002717-PIP02-20: [\"ProQR Therapeutics\",\"Tel.: +31 881667000\",\"E-mail: info@proqr.com\"]","timestamp":"2025-07-25T16:03:41.627Z"}
{"level":"warn","message":"Skipping invalid key in record: ","timestamp":"2025-07-25T16:03:41.627Z"}
{"level":"warn","message":"Invalid contact format (non-string) for record with PIP number EMEA-002376-PIP02-20: [\"Ferring Pharmaceuticals A/S\",\"Tel.: +1 8622865200\",\"E-mail: Dk0-Disclosure@ferring.com\"]","timestamp":"2025-07-25T16:03:41.627Z"}
{"level":"warn","message":"Skipping invalid key in record: ","timestamp":"2025-07-25T16:03:41.628Z"}
{"level":"warn","message":"Invalid contact format (non-string) for record with PIP number EMEA-002189-PIP03-19: [\"UCB Biopharma SRL\",\"Tel.  +44 1753777100\",\"E-mail: UCBCares.UK@ucb.com\"]","timestamp":"2025-07-25T16:03:41.628Z"}
{"level":"warn","message":"Skipping invalid key in record: ","timestamp":"2025-07-25T16:03:41.628Z"}
{"level":"warn","message":"Invalid contact format (non-string) for record with PIP number EMEA-002066-PIP02-20: [\"Pfizer Europe MA EEIG\",\"Tel. +44 (0)1304 646 607\",\"E-mail: pip_enquiries@pfizer.com\"]","timestamp":"2025-07-25T16:03:41.628Z"}
{"level":"warn","message":"Skipping invalid key in record: ","timestamp":"2025-07-25T16:03:41.628Z"}
{"level":"warn","message":"Invalid contact format (non-string) for record with PIP number EMEA-002187-PIP01-17: [\"Katholieke Universiteit Leuven (KUL) Research & Development\",\"Tel.: +32 16 32 65 00\",\"E-mail: lrd.ip@kuleuven.be\"]","timestamp":"2025-07-25T16:03:41.628Z"}
{"level":"warn","message":"Skipping invalid key in record: ","timestamp":"2025-07-25T16:03:41.628Z"}
{"level":"warn","message":"Invalid contact format (non-string) for record with PIP number EMEA-002153-PIP01-17-M01: [\"GlaxoSmithKline Trading Services Limited\",\"Tel. +1 438-899-8201\",\"E-mail: eu.paediatric-plans@gsk.com\"]","timestamp":"2025-07-25T16:03:41.628Z"}
{"level":"info","message":"CSV Headers: Decision number,PIP number,Active substance,Invented name,Therapeutic area,Pharmaceutical forms,Condition / indication,Routes of administration,Decision type,Decision date,Compliance outcome,Compliance opinion date,Compliance procedure number,Contact for public enquiries,First published date,Last updated date,PIP URL,","timestamp":"2025-07-25T16:03:41.628Z"}
{"level":"warn","message":"Skipping invalid key in record: ","timestamp":"2025-07-25T16:03:41.628Z"}
{"level":"warn","message":"Invalid contact format (non-string) for record with PIP number EMEA-001780-PIP01-15: [\"Chiesi Farmaceutici SpA\",\"Italy\",\"E-mail: info@chiesi.com\",\"Tel.: 39 05212791\",\"Fax: 39 0521774468\"]","timestamp":"2025-07-25T16:03:41.628Z"}
{"level":"warn","message":"Skipping invalid key in record: ","timestamp":"2025-07-25T16:03:41.628Z"}
{"level":"warn","message":"Invalid contact format (non-string) for record with PIP number EMEA-000720-PIP01-09-M02: [\"Takeda Pharmaceuticals International AG Ireland Branch\",\"E-mail: medinfoemea@takeda.com\",\"Tel. +80066838470\"]","timestamp":"2025-07-25T16:03:41.628Z"}
{"level":"warn","message":"Skipping invalid key in record: ","timestamp":"2025-07-25T16:03:41.628Z"}
{"level":"warn","message":"Invalid contact format (non-string) for record with PIP number EMEA-001359-PIP01-12-M03: [\"GlaxoSmithKline Trading Services Limited\",\"Tel. +1 4388998201\",\"E-mail: eu.paediatric-plans@gsk.com\"]","timestamp":"2025-07-25T16:03:41.628Z"}
{"level":"warn","message":"Skipping invalid key in record: ","timestamp":"2025-07-25T16:03:41.629Z"}
{"level":"warn","message":"Invalid contact format (non-string) for record with PIP number EMEA-002515-PIP01-18: [\"GlaxoSmithKline Trading Services Limited\",\"Tel. +1 438-899-8201\",\"E-mail: eu.paediatric-plans@gsk.com\"]","timestamp":"2025-07-25T16:03:41.629Z"}
{"level":"warn","message":"Skipping invalid key in record: ","timestamp":"2025-07-25T16:03:41.629Z"}
{"level":"warn","message":"Invalid contact format (non-string) for record with PIP number EMEA-001384-PIP01-12: [\"Schülke & Mayr GmbH\",\"Germany\",\"E-mail: mail@schuelke.com\",\"Tel.: +49 40521000\"]","timestamp":"2025-07-25T16:03:41.629Z"}
{"level":"warn","message":"Skipping invalid key in record: ","timestamp":"2025-07-25T16:03:41.629Z"}
{"level":"warn","message":"Skipping invalid key in record: ","timestamp":"2025-07-25T16:03:41.629Z"}
{"level":"warn","message":"Invalid contact format (non-string) for record with PIP number EMEA-002333-PIP02-19: [\"Galapagos NV\",\"Tel. +32 15342900\",\"E-mail: medicalinfo@glpg.com\"]","timestamp":"2025-07-25T16:03:41.629Z"}
{"level":"warn","message":"Skipping invalid key in record: ","timestamp":"2025-07-25T16:03:41.629Z"}
{"level":"warn","message":"Invalid contact format (non-string) for record with PIP number EMEA-001451-PIP01-13-M01: [\"Almirall\",\"S.A\",\"E-mail: global.regulatory@almirall.com\",\"Tel: +34 932913000\"]","timestamp":"2025-07-25T16:03:41.629Z"}
{"level":"warn","message":"Skipping invalid key in record: ","timestamp":"2025-07-25T16:03:41.661Z"}
{"level":"warn","message":"Invalid contact format (non-string) for record with PIP number Carisbamate: [\"Janssen Cilag International NV (Belgium)\",\"E-mail: bbyl@its.jnj.com\",\"Country: Belgium\",\"Phone: +32 14607172\",\"Fax: +3214606377\"]","timestamp":"2025-07-25T16:03:41.661Z"}
{"level":"warn","message":"Skipping invalid key in record: ","timestamp":"2025-07-25T16:03:41.661Z"}
{"level":"warn","message":"Invalid contact format (non-string) for record with PIP number EMEA-002824-PIP01-20: [\"RemeGen\",\"Ltd.\",\"E-mail: long.cheng@remegen.cn\",\"Tel: +86 18663830001\"]","timestamp":"2025-07-25T16:03:41.661Z"}
{"level":"warn","message":"Skipping invalid key in record: ","timestamp":"2025-07-25T16:03:41.661Z"}
{"level":"warn","message":"Invalid contact format (non-string) for record with PIP number EMEA-002821-PIP01-20: [\"GlaxoSmithKline Biologicals SA\",\"E-mail: eu.paediatric-plans@gsk.com\",\"Tel:  +1 4388998201\"]","timestamp":"2025-07-25T16:03:41.662Z"}
{"level":"warn","message":"Skipping invalid key in record: ","timestamp":"2025-07-25T16:03:41.662Z"}
{"level":"warn","message":"Invalid contact format (non-string) for record with PIP number EMEA-002815-PIP01-20: [\"Amgen Europe B.V.\",\"E-mail: medinfointernational@amgen.com\",\"Tel. +44 (0)1223 420305\"]","timestamp":"2025-07-25T16:03:41.662Z"}
{"level":"warn","message":"Skipping invalid key in record: ","timestamp":"2025-07-25T16:03:41.662Z"}
{"level":"warn","message":"Invalid contact format (non-string) for record with PIP number EMEA-002586-PIP01-19-M01: [\"Merck Europe B.V.\",\"Tel.: +49 6151725200\",\"E-mail: service@merckgroup.com\"]","timestamp":"2025-07-25T16:03:41.662Z"}
{"level":"warn","message":"Skipping invalid key in record: ","timestamp":"2025-07-25T16:03:41.662Z"}
{"level":"warn","message":"Invalid contact format (non-string) for record with PIP number EMEA-002238-PIP01-17-M01: [\"Faron Pharmaceuticals Ltd.\",\"E-mail: regulatory.affairs@faron.com\",\"Tel: +358 24695151\"]","timestamp":"2025-07-25T16:03:41.662Z"}
{"level":"warn","message":"Skipping invalid key in record: ","timestamp":"2025-07-25T16:03:41.663Z"}
{"level":"warn","message":"Invalid contact format (non-string) for record with PIP number EMEA-000734-PIP01-09: [\"Takeda Global Research and Development Centre (Europe) Ltd.\",\"paediatrics@tgrd.com\",\"Phone: +44 2031168237\",\"Fax: +44 2031168250\"]","timestamp":"2025-07-25T16:03:41.663Z"}
{"level":"warn","message":"Skipping invalid key in record: ","timestamp":"2025-07-25T16:03:41.663Z"}
{"level":"warn","message":"Skipping invalid key in record: ","timestamp":"2025-07-25T16:03:41.663Z"}
{"level":"warn","message":"Skipping invalid key in record: ","timestamp":"2025-07-25T16:03:41.663Z"}
{"level":"warn","message":"Invalid contact format (non-string) for record with PIP number EMEA-001642-PIP02-20: [\"Proveca Pharma Limited\",\"Tel. +353 15136233\",\"E-mail: info@proveca.com\"]","timestamp":"2025-07-25T16:03:41.664Z"}
{"level":"warn","message":"Skipping invalid key in record: ","timestamp":"2025-07-25T16:03:41.664Z"}
{"level":"warn","message":"Invalid contact format (non-string) for record with PIP number EMEA-001910-PIP03-20-M01: [\"Geron Corporation\",\"E-mail:  euregulatory@geron.com\",\"Tel.   +1 6504737725\"]","timestamp":"2025-07-25T16:03:41.664Z"}
{"level":"warn","message":"Skipping invalid key in record: ","timestamp":"2025-07-25T16:03:41.664Z"}
{"level":"warn","message":"Skipping invalid key in record: ","timestamp":"2025-07-25T16:03:41.664Z"}
{"level":"warn","message":"Invalid contact format (non-string) for record with PIP number EMEA-000311-PIP05-17-M02: [\"Janssen Cilag International NV\",\"Tel. +3214602111\",\"E-mail: contact@Janssen-emea.com\"]","timestamp":"2025-07-25T16:03:41.664Z"}
{"level":"warn","message":"Skipping invalid key in record: ","timestamp":"2025-07-25T16:03:41.665Z"}
{"level":"warn","message":"Skipping invalid key in record: ","timestamp":"2025-07-25T16:03:41.665Z"}
{"level":"warn","message":"Invalid contact format (non-string) for record with PIP number EMEA-002910-PIP01-20: [\"Amgen Europe B.V.\",\"E-mail: medinfointernational@amgen.com\",\"Tel. +44 (0)1223 420305\"]","timestamp":"2025-07-25T16:03:41.665Z"}
{"level":"warn","message":"Skipping invalid key in record: ","timestamp":"2025-07-25T16:03:41.665Z"}
{"level":"warn","message":"Invalid contact format (non-string) for record with PIP number EMEA-002909-PIP01-20: [\"Celgene Europe B.V.\",\"Tel. +41 327298500\",\"E-mail: medinfo.emea@celgene.com\"]","timestamp":"2025-07-25T16:03:41.665Z"}
{"level":"warn","message":"Skipping invalid key in record: ","timestamp":"2025-07-25T16:03:41.665Z"}
{"level":"warn","message":"Invalid contact format (non-string) for record with PIP number EMEA-002906-PIP01-20: [\"Sandoz GmbH\",\"E-mail: caroline.kleinjan@sandoz.com\",\"Tel:  +31 365241710\"]","timestamp":"2025-07-25T16:03:41.665Z"}
{"level":"warn","message":"Skipping invalid key in record: ","timestamp":"2025-07-25T16:03:41.665Z"}
{"level":"warn","message":"Invalid contact format (non-string) for record with PIP number EMEA-002903-PIP01-20: [\"Genzyme Europe B.V.\",\"E-mail: eumedinfo.gz@sanofi.com\",\"Tel: +31 202453917\"]","timestamp":"2025-07-25T16:03:41.665Z"}
{"level":"warn","message":"Skipping invalid key in record: ","timestamp":"2025-07-25T16:03:41.665Z"}
{"level":"warn","message":"Skipping invalid key in record: ","timestamp":"2025-07-25T16:03:41.665Z"}
{"level":"warn","message":"Invalid contact format (non-string) for record with PIP number EMEA-002189-PIP04-20: [\"UCB Biopharma SRL\",\"Tel.  +44 1753777100\",\"E-mail: UCBCares.UK@ucb.com\"]","timestamp":"2025-07-25T16:03:41.665Z"}
{"level":"warn","message":"Skipping invalid key in record: ","timestamp":"2025-07-25T16:03:41.665Z"}
{"level":"warn","message":"Invalid contact format (non-string) for record with PIP number EMEA-002243-PIP02-20: [\"H. Lundbeck A/S\",\"E-mail: tsbr@lundbeck.com\",\"Tel.  +45 30834928\"]","timestamp":"2025-07-25T16:03:41.665Z"}
{"level":"warn","message":"Skipping invalid key in record: ","timestamp":"2025-07-25T16:03:41.666Z"}
{"level":"warn","message":"Invalid contact format (non-string) for record with PIP number EMEA-002700-PIP01-19: [\"Neurocrine Therapeutics Ltd\",\"E-mail: medinfo@neurocrine.com\",\"Tel. +01 8776 413461\"]","timestamp":"2025-07-25T16:03:41.666Z"}
{"level":"warn","message":"Skipping invalid key in record: ","timestamp":"2025-07-25T16:03:41.666Z"}
{"level":"warn","message":"Invalid contact format (non-string) for record with PIP number EMEA-002016-PIP04-20: [\"Novartis Europharm Limited\",\"E-mail: paediatric.enquiries@novartis.com\",\"Tel. +41 6132 46715\"]","timestamp":"2025-07-25T16:03:41.666Z"}
{"level":"warn","message":"Skipping invalid key in record: ","timestamp":"2025-07-25T16:03:41.666Z"}
{"level":"warn","message":"Invalid contact format (non-string) for record with PIP number EMEA-000828-PIP04-16-M03: [\"Boehringer Ingelheim International GmbH\",\"Tel. +49 6132 778271\",\"Email: Paediatrics@boehringer-ingelheim.com\"]","timestamp":"2025-07-25T16:03:41.666Z"}
{"level":"warn","message":"Skipping invalid key in record: ","timestamp":"2025-07-25T16:03:41.666Z"}
{"level":"warn","message":"Invalid contact format (non-string) for record with PIP number EMEA-002369-PIP01-18-M02: [\"Celgene Europe B.V.\",\"Tel. +41 327298500\",\"E-mail: medinfo.emea@celgene.com\"]","timestamp":"2025-07-25T16:03:41.666Z"}
{"level":"warn","message":"Skipping invalid key in record: ","timestamp":"2025-07-25T16:03:41.666Z"}
{"level":"warn","message":"Invalid contact format (non-string) for record with PIP number EMEA-001760-PIP01-15-M03: [\"Eli Lilly & Company Limited\",\"E-mail: eu_paediatric@lilly.com\",\"Tel. +44 (0)1276 483000\"]","timestamp":"2025-07-25T16:03:41.666Z"}
{"level":"warn","message":"Skipping invalid key in record: ","timestamp":"2025-07-25T16:03:41.666Z"}
{"level":"warn","message":"Invalid contact format (non-string) for record with PIP number EMEA-002884-PIP01-20: [\"UCB Pharma S.A.\",\"E-mail: UCBCares.IE@ucb.com\",\"Tel. +353 1463 2371\"]","timestamp":"2025-07-25T16:03:41.666Z"}
{"level":"warn","message":"Skipping invalid key in record: ","timestamp":"2025-07-25T16:03:41.666Z"}
{"level":"warn","message":"Invalid contact format (non-string) for record with PIP number EMEA-002808-PIP01-20: [\"Natac Pharma S.L.\",\"E-mail: spomposiello@natac.es\",\"Tel: +34 682657367\"]","timestamp":"2025-07-25T16:03:41.666Z"}
{"level":"warn","message":"Skipping invalid key in record: ","timestamp":"2025-07-25T16:03:41.667Z"}
{"level":"warn","message":"Invalid contact format (non-string) for record with PIP number EMEA-001964-PIP01-16-M04: [\"GW Pharma (International) B.V.\",\"E-mail: info@gwpharm.com\",\"Tel: +44 1223266800\"]","timestamp":"2025-07-25T16:03:41.667Z"}
{"level":"warn","message":"Skipping invalid key in record: ","timestamp":"2025-07-25T16:03:41.667Z"}
{"level":"warn","message":"Skipping invalid key in record: ","timestamp":"2025-07-25T16:03:41.667Z"}
{"level":"warn","message":"Invalid contact format (non-string) for record with PIP number EMEA-002888-PIP01-20: [\"Baxalta Innovations GmbH (owned by Takeda)\",\"Email: medinfoEMEA@takeda.com\",\"Tel. +41 797584815\"]","timestamp":"2025-07-25T16:03:41.667Z"}
{"level":"warn","message":"Skipping invalid key in record: ","timestamp":"2025-07-25T16:03:41.667Z"}
{"level":"warn","message":"Invalid contact format (non-string) for record with PIP number EMEA-002889-PIP01-20: [\"CambPharma Solutions (CY) Ltd\",\"Email: anne.frederick@tgtxinc.com\",\"Tel. +1 9736996629\"]","timestamp":"2025-07-25T16:03:41.667Z"}
{"level":"warn","message":"Skipping invalid key in record: ","timestamp":"2025-07-25T16:03:41.667Z"}
{"level":"warn","message":"Invalid contact format (non-string) for record with PIP number EMEA-002890-PIP01-20: [\"CambPharma Solutions (CY) Ltd\",\"Email: anne.frederick@tgtxinc.com\",\"Tel. +1 9736996629\"]","timestamp":"2025-07-25T16:03:41.667Z"}
{"level":"warn","message":"Skipping invalid key in record: ","timestamp":"2025-07-25T16:03:41.667Z"}
{"level":"warn","message":"Invalid contact format (non-string) for record with PIP number EMEA-002891-PIP01-20: [\"Neopharmed Gentili S.p.A.\",\"Email: g.sozzi@neogen.it\",\"Tel. +39 0289132254\"]","timestamp":"2025-07-25T16:03:41.667Z"}
{"level":"warn","message":"Skipping invalid key in record: ","timestamp":"2025-07-25T16:03:41.667Z"}
{"level":"warn","message":"Invalid contact format (non-string) for record with PIP number EMEA-002879-PIP01-20: [\"Lindis Biotech GmbH\",\"Email: info@lindisbiotech.de\",\"Tel. +49 8945239600\"]","timestamp":"2025-07-25T16:03:41.667Z"}
{"level":"warn","message":"Skipping invalid key in record: ","timestamp":"2025-07-25T16:03:41.668Z"}
{"level":"warn","message":"Invalid contact format (non-string) for record with PIP number EMEA-002882-PIP01-20: [\"Bayer AG\",\"Tel. +49 3046815333\",\"E-mail: pediatrics.medical-affairs-europe@bayer.com\"]","timestamp":"2025-07-25T16:03:41.668Z"}
{"level":"info","message":"CSV Headers: Decision number,PIP number,Active substance,Invented name,Therapeutic area,Pharmaceutical forms,Condition / indication,Routes of administration,Decision type,Decision date,Compliance outcome,Compliance opinion date,Compliance procedure number,Contact for public enquiries,First published date,Last updated date,PIP URL,","timestamp":"2025-07-25T16:03:41.668Z"}
{"level":"warn","message":"Skipping invalid key in record: ","timestamp":"2025-07-25T16:03:41.668Z"}
{"level":"warn","message":"Invalid contact format (non-string) for record with PIP number EMEA-002885-PIP01-20: [\"YES Pharmaceutical Development Services GmbH\",\"Email: caren.martini@pharmalex.com\",\"Tel. +49 61727646418\"]","timestamp":"2025-07-25T16:03:41.668Z"}
{"level":"warn","message":"Skipping invalid key in record: ","timestamp":"2025-07-25T16:03:41.668Z"}
{"level":"warn","message":"Invalid contact format (non-string) for record with PIP number EMEA-002790-PIP01-20: [\"orphanix GmbH\",\"Email: dr.no@orphanix.com\",\"Tel. +43 6769663799\"]","timestamp":"2025-07-25T16:03:41.668Z"}
{"level":"warn","message":"Skipping invalid key in record: ","timestamp":"2025-07-25T16:03:41.668Z"}
{"level":"warn","message":"Invalid contact format (non-string) for record with PIP number EMEA-002868-PIP01-20: [\"Cytokinetics\",\"Inc.\",\"Tel.: +1 650 624 3000\",\"E-mail: regaffairs@cytokinetics.com\"]","timestamp":"2025-07-25T16:03:41.668Z"}
{"level":"warn","message":"Skipping invalid key in record: ","timestamp":"2025-07-25T16:03:41.668Z"}
{"level":"warn","message":"Invalid contact format (non-string) for record with PIP number EMEA-002877-PIP01-20: [\"Aptys Pharmaceuticals\",\"Email: fb@aptys-pharmaceuticals.com\",\"Tel.+33 473670670\"]","timestamp":"2025-07-25T16:03:41.668Z"}
{"level":"warn","message":"Skipping invalid key in record: ","timestamp":"2025-07-25T16:03:41.668Z"}
{"level":"warn","message":"Invalid contact format (non-string) for record with PIP number EMEA-002772-PIP01-20: [\"Celon Pharma S.A.\",\"Email: info@celonpharma.com\",\"Tel. +48 227515933\"]","timestamp":"2025-07-25T16:03:41.668Z"}
{"level":"warn","message":"Skipping invalid key in record: ","timestamp":"2025-07-25T16:03:41.668Z"}
{"level":"warn","message":"Invalid contact format (non-string) for record with PIP number EMEA-000576-PIP03-12-M06: [\"Pfizer Europe MA EEIG\",\"Tel. +44 (0)1304 646 607\",\"E-mail: pip_enquiries@pfizer.com\"]","timestamp":"2025-07-25T16:03:41.668Z"}
{"level":"warn","message":"Skipping invalid key in record: ","timestamp":"2025-07-25T16:03:41.668Z"}
{"level":"warn","message":"Invalid contact format (non-string) for record with PIP number EMEA-002757-PIP01-19: [\"Theravance Biopharma Ireland Limited\",\"Email: medinfo@theravance.com\",\"Tel. +1 8556338479\"]","timestamp":"2025-07-25T16:03:41.668Z"}
{"level":"warn","message":"Skipping invalid key in record: ","timestamp":"2025-07-25T16:03:41.670Z"}
{"level":"warn","message":"Invalid contact format (non-string) for record with PIP number EMEA-002745-PIP02-20: [\"Cellectar Biosciences\",\"Inc.\",\"E-mail: clinical@cellectar.com\",\"Tel. +1 6084418120\"]","timestamp":"2025-07-25T16:03:41.670Z"}
{"level":"warn","message":"Skipping invalid key in record: ","timestamp":"2025-07-25T16:03:41.670Z"}
{"level":"warn","message":"Invalid contact format (non-string) for record with PIP number EMEA-002561-PIP02-20: [\"E-Pharma Trento S.p.A.\",\"Email: info@e-pharma.com\",\"Tel. +39 461922818\"]","timestamp":"2025-07-25T16:03:41.670Z"}
{"level":"warn","message":"Skipping invalid key in record: ","timestamp":"2025-07-25T16:03:41.670Z"}
{"level":"warn","message":"Invalid contact format (non-string) for record with PIP number EMEA-002669-PIP02-20: [\"Pfizer Europa MA EEIG\",\"Email: PIP_Enquiries@pfizer.com\",\"Tel. +44 1304646607\"]","timestamp":"2025-07-25T16:03:41.670Z"}
{"level":"warn","message":"Skipping invalid key in record: ","timestamp":"2025-07-25T16:03:41.670Z"}
{"level":"warn","message":"Invalid contact format (non-string) for record with PIP number EMEA-001705-PIP02-15-M03: [\"Norgine Limited\",\"Email: lifecyclemanagement@norgine.com\",\"Tel. +44 1895453584\",\"+44 1895826669\"]","timestamp":"2025-07-25T16:03:41.670Z"}
{"level":"warn","message":"Skipping invalid key in record: ","timestamp":"2025-07-25T16:03:41.671Z"}
{"level":"warn","message":"Skipping invalid key in record: ","timestamp":"2025-07-25T16:03:41.671Z"}
{"level":"warn","message":"Skipping invalid key in record: ","timestamp":"2025-07-25T16:03:41.671Z"}
{"level":"warn","message":"Invalid contact format (non-string) for record with PIP number EMEA-001582-PIP01-13-M10: [\"Vertex Pharmaceuticals (Europe) Limited\",\"Tel. +1 8776348789\",\"E-mail: medicalinfo@vrtx.com\"]","timestamp":"2025-07-25T16:03:41.671Z"}
{"level":"warn","message":"Skipping invalid key in record: ","timestamp":"2025-07-25T16:03:41.671Z"}
{"level":"warn","message":"Invalid contact format (non-string) for record with PIP number EMEA-001211-PIP01-11-M02: [\"Chiesi Farmaceutici S.p.A.\",\"Tel. +39 0521 2791\",\"E-mail: info@chiesi.com\"]","timestamp":"2025-07-25T16:03:41.690Z"}
{"level":"warn","message":"Skipping invalid key in record: ","timestamp":"2025-07-25T16:03:41.690Z"}
{"level":"warn","message":"Invalid contact format (non-string) for record with PIP number EMEA-000916-PIP01-10-M07: [\"Sanofi-Aventis R&D\",\"E-mail: contact-us@sanofi.com\",\"Tel. +33 1697 45264\"]","timestamp":"2025-07-25T16:03:41.691Z"}
{"level":"warn","message":"Skipping invalid key in record: ","timestamp":"2025-07-25T16:03:41.691Z"}
{"level":"warn","message":"Invalid contact format (non-string) for record with PIP number EMEA-000827-PIP01-09-M05: [\"Gilead Sciences International Limited\",\"Tel. +44 (0)1223 897300\",\"E-mail: regulatory.pip@gilead.com\"]","timestamp":"2025-07-25T16:03:41.691Z"}
{"level":"warn","message":"Skipping invalid key in record: ","timestamp":"2025-07-25T16:03:41.691Z"}
{"level":"warn","message":"Skipping invalid key in record: ","timestamp":"2025-07-25T16:03:41.691Z"}
{"level":"warn","message":"Invalid contact format (non-string) for record with PIP number EMEA-000311-PIP03-11-M06: [\"Janssen-Cilag International NV\",\"E-mail: contact@janssen-emea.com\",\"Tel.: +32 14602111\"]","timestamp":"2025-07-25T16:03:41.692Z"}
{"level":"warn","message":"Skipping invalid key in record: ","timestamp":"2025-07-25T16:03:41.692Z"}
{"level":"warn","message":"Skipping invalid key in record: ","timestamp":"2025-07-25T16:03:41.692Z"}
{"level":"warn","message":"Invalid contact format (non-string) for record with PIP number EMEA-002866-PIP01-20: [\"UCB Pharma S.A.\",\"Tel. + 353 14632371\",\"E-mail: ucbcares.ie@ucb.com\"]","timestamp":"2025-07-25T16:03:41.692Z"}
{"level":"warn","message":"Skipping invalid key in record: ","timestamp":"2025-07-25T16:03:41.692Z"}
{"level":"warn","message":"Invalid contact format (non-string) for record with PIP number EMEA-002871-PIP01-20: [\"Kura Oncology\",\"Inc.\",\"Email: mkelly@kuraoncology.com\",\"Tel. +1 6173029506\"]","timestamp":"2025-07-25T16:03:41.692Z"}
{"level":"warn","message":"Skipping invalid key in record: ","timestamp":"2025-07-25T16:03:41.693Z"}
{"level":"warn","message":"Invalid contact format (non-string) for record with PIP number EMEA-002876-PIP01-20: [\"Drug Development and Regulation SL\",\"Email: info@ddrmedic.com\",\"Tel. +34 935285385\"]","timestamp":"2025-07-25T16:03:41.693Z"}
{"level":"warn","message":"Skipping invalid key in record: ","timestamp":"2025-07-25T16:03:41.693Z"}
{"level":"warn","message":"Invalid contact format (non-string) for record with PIP number EMEA-002854-PIP01-20: [\"Sanifit Therapeutics S.A.\",\"Email: info@sanifit.com\",\"Tel. +34 971439925\"]","timestamp":"2025-07-25T16:03:41.693Z"}
{"level":"warn","message":"Skipping invalid key in record: ","timestamp":"2025-07-25T16:03:41.693Z"}
{"level":"warn","message":"Skipping invalid key in record: ","timestamp":"2025-07-25T16:03:41.693Z"}
{"level":"warn","message":"Invalid contact format (non-string) for record with PIP number EMEA-002702-PIP01-19: [\"UCB Biopharma SRL\",\"Tel.  +44 1753777100\",\"E-mail: UCBCares.UK@ucb.com\"]","timestamp":"2025-07-25T16:03:41.693Z"}
{"level":"warn","message":"Skipping invalid key in record: ","timestamp":"2025-07-25T16:03:41.693Z"}
{"level":"warn","message":"Invalid contact format (non-string) for record with PIP number EMEA-002852-PIP01-20: [\"Sandoz B.V.\",\"Email: caroline.kleinjan@sandoz.com\",\"Tel. +31 365241710\"]","timestamp":"2025-07-25T16:03:41.693Z"}
{"level":"warn","message":"Skipping invalid key in record: ","timestamp":"2025-07-25T16:03:41.693Z"}
{"level":"warn","message":"Invalid contact format (non-string) for record with PIP number EMEA-002859-PIP01-20: [\"Shanghai Henlius Biotech\",\"Inc.\",\"Email: Xiaodong_Shi1@henlius.com\",\"Tel. +86 13810233555\"]","timestamp":"2025-07-25T16:03:41.693Z"}
{"level":"warn","message":"Skipping invalid key in record: ","timestamp":"2025-07-25T16:03:41.694Z"}
{"level":"warn","message":"Invalid contact format (non-string) for record with PIP number EMEA-002860-PIP01-20: [\"EGIS Pharmaceuticals PLC\",\"Hungary\",\"registry@egis.hu\",\"Tel. +361 18032414\"]","timestamp":"2025-07-25T16:03:41.694Z"}
{"level":"warn","message":"Skipping invalid key in record: ","timestamp":"2025-07-25T16:03:41.694Z"}
{"level":"warn","message":"Invalid contact format (non-string) for record with PIP number EMEA-002864-PIP01-20: [\"Lokon Pharma AB\",\"Email: info@lokonpharma.com\",\"Tel. +46 18507444\"]","timestamp":"2025-07-25T16:03:41.694Z"}
{"level":"warn","message":"Skipping invalid key in record: ","timestamp":"2025-07-25T16:03:41.694Z"}
{"level":"warn","message":"Invalid contact format (non-string) for record with PIP number EMEA-001331-PIP01-12-M02: [\"Alexion Europe SAS\",\"France\",\"E-mail: pip.enquiries.eu@alxn.com\",\"Tel. +33 1 47 10 06 06\",\"Fax +33 1 47 10 06 11\"]","timestamp":"2025-07-25T16:03:41.694Z"}
{"level":"warn","message":"Skipping invalid key in record: ","timestamp":"2025-07-25T16:03:41.694Z"}
{"level":"warn","message":"Invalid contact format (non-string) for record with PIP number EMEA-000145-PIP01-07-M09: [\"Amgen Europe B.V.\",\"Tel. +44 (0)1223 420305\",\"E-mail: pipenquiry@amgen.com\"]","timestamp":"2025-07-25T16:03:41.694Z"}
{"level":"warn","message":"Skipping invalid key in record: ","timestamp":"2025-07-25T16:03:41.694Z"}
{"level":"warn","message":"Invalid contact format (non-string) for record with PIP number EMEA-000308-PIP02-11-M01: [\"Roche Registration Limited\",\"Switzerland\",\"Tel. +41 616879411\",\"Fax +44 616879411\",\"E-mail: infopaediatrics@roche.com\"]","timestamp":"2025-07-25T16:03:41.694Z"}
{"level":"warn","message":"Skipping invalid key in record: ","timestamp":"2025-07-25T16:03:41.694Z"}
{"level":"warn","message":"Invalid contact format (non-string) for record with PIP number EMEA-001411-PIP01-12-M04: [\"Gilead Sciences International Ltd.\",\"United Kingdom\",\"Tel. +44 (0)1223 897300\",\"Fax +44 (0)1223897284\",\"E-mail: regulatory.pip@gilead.com\"]","timestamp":"2025-07-25T16:03:41.694Z"}
{"level":"warn","message":"Skipping invalid key in record: ","timestamp":"2025-07-25T16:03:41.694Z"}
{"level":"warn","message":"Invalid contact format (non-string) for record with PIP number EMEA-001839-PIP01-15: [\"Roche Registration Limited\",\"Switzerland\",\"Tel.+41 6 6879411\",\"Fax +41 616881560\",\"E-mail: info.paediatrics@roche.com\"]","timestamp":"2025-07-25T16:03:41.694Z"}
{"level":"warn","message":"Skipping invalid key in record: ","timestamp":"2025-07-25T16:03:41.695Z"}
{"level":"warn","message":"Skipping invalid key in record: ","timestamp":"2025-07-25T16:03:41.695Z"}
{"level":"warn","message":"Invalid contact format (non-string) for record with PIP number EMEA-000428-PIP01-08-M03: [\"Novo Nordisk A/S\",\"Denmark\",\"Tel. +45 44448888\",\"E-mail: paediatrics@novonordisk.com\"]","timestamp":"2025-07-25T16:03:41.695Z"}
{"level":"warn","message":"Skipping invalid key in record: ","timestamp":"2025-07-25T16:03:41.695Z"}
{"level":"warn","message":"Invalid contact format (non-string) for record with PIP number EMEA-000669-PIP01-09-M02: [\"Sanofi Pasteur SA\",\"E-mail: Piplan@sanofipasteur.com\",\"Country: France\",\"Phone: +33 437375038\"]","timestamp":"2025-07-25T16:03:41.695Z"}
{"level":"warn","message":"Skipping invalid key in record: ","timestamp":"2025-07-25T16:03:41.695Z"}
{"level":"warn","message":"Invalid contact format (non-string) for record with PIP number EMEA-000055-PIP01-07-M06: [\"Eisai Limited\",\"E-mail: eumedinfo@eisai.net\",\"Tel.: +44 845 6765400\"]","timestamp":"2025-07-25T16:03:41.695Z"}
{"level":"warn","message":"Skipping invalid key in record: ","timestamp":"2025-07-25T16:03:41.695Z"}
{"level":"warn","message":"Invalid contact format (non-string) for record with PIP number EMEA-000548-PIP01-09-M08: [\"Chiesi Farmaceutici S.p.A.\",\"Tel. +39 0521 2791\",\"E-mail: info@chiesi.com\"]","timestamp":"2025-07-25T16:03:41.695Z"}
{"level":"warn","message":"Skipping invalid key in record: ","timestamp":"2025-07-25T16:03:41.695Z"}
{"level":"warn","message":"Invalid contact format (non-string) for record with PIP number EMEA-000469-PIP01-08-M07: [\"Pfizer Limited\",\"Tel. + 44 1304646607\",\"E-mail: pip_enquiries@pfizer.com\"]","timestamp":"2025-07-25T16:03:41.695Z"}
{"level":"warn","message":"Skipping invalid key in record: ","timestamp":"2025-07-25T16:03:41.696Z"}
{"level":"warn","message":"Invalid contact format (non-string) for record with PIP number EMEA-000367-PIP01-08-M08: [\"Pharming Group N.V.\",\"Tel. +31 715247400\",\"E-mail: info@pharming.com\"]","timestamp":"2025-07-25T16:03:41.696Z"}
{"level":"warn","message":"Skipping invalid key in record: ","timestamp":"2025-07-25T16:03:41.696Z"}
{"level":"warn","message":"Invalid contact format (non-string) for record with PIP number EMEA-001276-PIP01-12-M02: [\"Gilead Sciences International Ltd\",\"E-mail: regulatory.pip@gilead.com\",\"Tel. +44 (0)1223 897300\"]","timestamp":"2025-07-25T16:03:41.696Z"}
{"level":"info","message":"CSV Headers: Decision number,PIP number,Active substance,Invented name,Therapeutic area,Pharmaceutical forms,Condition / indication,Routes of administration,Decision type,Decision date,Compliance outcome,Compliance opinion date,Compliance procedure number,Contact for public enquiries,First published date,Last updated date,PIP URL,","timestamp":"2025-07-25T16:03:41.696Z"}
{"level":"warn","message":"Skipping invalid key in record: ","timestamp":"2025-07-25T16:03:41.696Z"}
{"level":"warn","message":"Invalid contact format (non-string) for record with PIP number EMEA-000429-PIP01-08-M04: [\"GlaxoSmithKline Biologicals SA\",\"Tel. +44 (0)20 8966 3220\",\"E-mail: eu.paediatric-plans@gsk.com\"]","timestamp":"2025-07-25T16:03:41.696Z"}
{"level":"warn","message":"Skipping invalid key in record: ","timestamp":"2025-07-25T16:03:41.696Z"}
{"level":"warn","message":"Skipping invalid key in record: ","timestamp":"2025-07-25T16:03:41.696Z"}
{"level":"warn","message":"Invalid contact format (non-string) for record with PIP number EMEA-000311-PIP01-08-M04: [\"Janssen-Cilag International NV\",\"Belgium\",\"E-mail: mojanen@its.jnj.com\",\"Tel. +34 917228079\"]","timestamp":"2025-07-25T16:03:41.696Z"}
{"level":"warn","message":"Skipping invalid key in record: ","timestamp":"2025-07-25T16:03:41.696Z"}
{"level":"warn","message":"Skipping invalid key in record: ","timestamp":"2025-07-25T16:03:41.697Z"}
{"level":"warn","message":"Skipping invalid key in record: ","timestamp":"2025-07-25T16:03:41.697Z"}
{"level":"warn","message":"Invalid contact format (non-string) for record with PIP number EMEA-000430-PIP01-08-M11: [\"Bayer Pharma AG\",\"Tel. +49 3046 815333\",\"E-mail: pediatrics.medical-affairs-europe@bayer.com\"]","timestamp":"2025-07-25T16:03:41.697Z"}
{"level":"warn","message":"Skipping invalid key in record: ","timestamp":"2025-07-25T16:03:41.697Z"}
{"level":"warn","message":"Skipping invalid key in record: ","timestamp":"2025-07-25T16:03:41.697Z"}
{"level":"warn","message":"Invalid contact format (non-string) for record with PIP number EMEA-001259-PIP02-13-M02: [\"Polichem S.A. (Spain)\",\"Tel.: +34 932913512\",\"E-mail: anna.pares@almirall.com\"]","timestamp":"2025-07-25T16:03:41.697Z"}
{"level":"warn","message":"Skipping invalid key in record: ","timestamp":"2025-07-25T16:03:41.697Z"}
{"level":"warn","message":"Invalid contact format (non-string) for record with PIP number EMEA-001157-PIP01-11-M02: [\"Ablynx NV\",\"E-mail: bernard.delaey@ablynx.com\",\"Tel. +32 2620 000\"]","timestamp":"2025-07-25T16:03:41.697Z"}
{"level":"warn","message":"Skipping invalid key in record: ","timestamp":"2025-07-25T16:03:41.698Z"}
{"level":"warn","message":"Invalid contact format (non-string) for record with PIP number EMEA-001061-PIP01-10-M03: [\"Vifor Fresenius Medical Care Renal Pharma France\",\"E-mail: info@viforpharma.com\",\"Tel. +41 5885 18000\"]","timestamp":"2025-07-25T16:03:41.698Z"}
{"level":"warn","message":"Skipping invalid key in record: ","timestamp":"2025-07-25T16:03:41.698Z"}
{"level":"warn","message":"Skipping invalid key in record: ","timestamp":"2025-07-25T16:03:41.698Z"}
{"level":"warn","message":"Invalid contact format (non-string) for record with PIP number EMEA-001577-PIP03-17: [\"Gilead Sciences International Ltd\",\"E-mail: regulatory.pip@gilead.com\",\"Tel. +44 (0)1223 897300\"]","timestamp":"2025-07-25T16:03:41.698Z"}
{"level":"warn","message":"Skipping invalid key in record: ","timestamp":"2025-07-25T16:03:41.698Z"}
{"level":"warn","message":"Invalid contact format (non-string) for record with PIP number EMEA-000555-PIP01-09-M06: [\"Janssen-Cilag International NV\",\"Ireland\",\"Tel. +353 857446696\",\"E-mail: nbuhl@its.jnj.com\"]","timestamp":"2025-07-25T16:03:41.698Z"}
{"level":"warn","message":"Skipping invalid key in record: ","timestamp":"2025-07-25T16:03:41.698Z"}
{"level":"warn","message":"Invalid contact format (non-string) for record with PIP number EMEA-000987-PIP01-10-M04: [\"Alexion Europe SAS\",\"Tel. +33 153643800\",\"E-mail: pip.enquiries.eu@alexion.com\"]","timestamp":"2025-07-25T16:03:41.698Z"}
{"level":"warn","message":"Skipping invalid key in record: ","timestamp":"2025-07-25T16:03:41.698Z"}
{"level":"warn","message":"Invalid contact format (non-string) for record with PIP number EMEA-000671-PIP01-09-M10: [\"Pfizer Europe MA EEIG\",\"Tel. +44 (0)1304 646 607\",\"E-mail: pip_enquiries@pfizer.com\"]","timestamp":"2025-07-25T16:03:41.698Z"}
{"level":"warn","message":"Skipping invalid key in record: ","timestamp":"2025-07-25T16:03:41.698Z"}
{"level":"warn","message":"Invalid contact format (non-string) for record with PIP number EMEA-001230-PIP01-11-M05: [\"AZIENDE CHIMICHE RIUNITE ANGELINI FRANCESCO - A.C.R.A.F. S.p.A.\",\"Tel. +3906780531\",\"E-mail: angeliniregulatoryaffairs@angelinipharma.com\"]","timestamp":"2025-07-25T16:03:41.699Z"}
{"level":"warn","message":"Skipping invalid key in record: ","timestamp":"2025-07-25T16:03:41.699Z"}
{"level":"warn","message":"Invalid contact format (non-string) for record with PIP number EMEA-001514-PIP01-13-M01: [\"Cassella-med GmbH & Co. KG\",\"Tel. +49 221165200\",\"E-mail: pediatrics@cassella-med.de\",\"regulatory@Klosterfrau-Group.de\"]","timestamp":"2025-07-25T16:03:41.699Z"}
{"level":"warn","message":"Skipping invalid key in record: ","timestamp":"2025-07-25T16:03:41.699Z"}
{"level":"warn","message":"Skipping invalid key in record: ","timestamp":"2025-07-25T16:03:41.699Z"}
{"level":"warn","message":"Invalid contact format (non-string) for record with PIP number EMEA-002147-PIP02-17-M01: [\"Fennec Pharmaceuticals\",\"Inc.\",\"E-mail: info@s-cubed.co.uk\",\"Tel. +44 1235772260\"]","timestamp":"2025-07-25T16:03:41.699Z"}
{"level":"warn","message":"Skipping invalid key in record: ","timestamp":"2025-07-25T16:03:41.699Z"}
{"level":"warn","message":"Invalid contact format (non-string) for record with PIP number EMEA-000160-PIP01-07-M05: [\"GlaxoSmithKline Biologicals S.A.\",\"E-mail: eu.paediatric-plans@gsk.com\",\"Tel.: +1 438 899 8201\"]","timestamp":"2025-07-25T16:03:41.699Z"}
{"level":"warn","message":"Skipping invalid key in record: ","timestamp":"2025-07-25T16:03:41.699Z"}
{"level":"warn","message":"Invalid contact format (non-string) for record with PIP number EMEA-000470-PIP01-08-M11: [\"Merck Sharp and Dohme (Europe)\",\"Inc.\",\"Tel. +44 (0)1992 452396\",\"E-mail: paul.robinson@merck.com\"]","timestamp":"2025-07-25T16:03:41.699Z"}
{"level":"warn","message":"Skipping invalid key in record: ","timestamp":"2025-07-25T16:03:41.699Z"}
{"level":"warn","message":"Invalid contact format (non-string) for record with PIP number EMEA-000069-PIP04-13-M02: [\"GSK Trading Services Limited\",\"Tel. +1 4388998201\",\"E-mail: eu.paediatric-plans@gsk.com\"]","timestamp":"2025-07-25T16:03:41.699Z"}
{"level":"warn","message":"Skipping invalid key in record: ","timestamp":"2025-07-25T16:03:41.699Z"}
{"level":"warn","message":"Invalid contact format (non-string) for record with PIP number EMEA-000245-PIP01-08-M06: [\"Sucampo AG\",\"E-mail: medinfo@mnk.com\",\"Tel.  +800 55444777\"]","timestamp":"2025-07-25T16:03:41.699Z"}
{"level":"warn","message":"Skipping invalid key in record: ","timestamp":"2025-07-25T16:03:41.699Z"}
{"level":"warn","message":"Invalid contact format (non-string) for record with PIP number EMEA-002514-PIP01-18: [\"Glenmark Pharmaceuticals Europe Ltd\",\"Tel.: +44 1923202950\",\"E-mail: PIP@glenmarkpharma.com\"]","timestamp":"2025-07-25T16:03:41.699Z"}
{"level":"warn","message":"Skipping invalid key in record: ","timestamp":"2025-07-25T16:03:41.717Z"}
{"level":"warn","message":"Invalid contact format (non-string) for record with PIP number EMEA-000653-PIP01-09-M05: [\"Amgen Europe BV\",\"E-mail: medinfointernational@amgen.com\",\"Tel. +44 (0)1223 420305\"]","timestamp":"2025-07-25T16:03:41.717Z"}
{"level":"warn","message":"Skipping invalid key in record: ","timestamp":"2025-07-25T16:03:41.718Z"}
{"level":"warn","message":"Skipping invalid key in record: ","timestamp":"2025-07-25T16:03:41.718Z"}
{"level":"warn","message":"Invalid contact format (non-string) for record with PIP number EMEA-002846-PIP01-20: [\"Pharma Mar\",\"S.A.\",\"Email: regulatory@pharmamar.com\",\"Tel. +34 918466000\"]","timestamp":"2025-07-25T16:03:41.718Z"}
{"level":"warn","message":"Skipping invalid key in record: ","timestamp":"2025-07-25T16:03:41.718Z"}
{"level":"warn","message":"Invalid contact format (non-string) for record with PIP number EMEA-002843-PIP02-20: [\"Amgen Europe BV\",\"E-mail: medinfointernational@amgen.com\",\"Tel. +44 (0)1223 420305\"]","timestamp":"2025-07-25T16:03:41.718Z"}
{"level":"warn","message":"Skipping invalid key in record: ","timestamp":"2025-07-25T16:03:41.718Z"}
{"level":"warn","message":"Invalid contact format (non-string) for record with PIP number EMEA-002843-PIP01-20: [\"Amgen Europe BV\",\"E-mail: medinfointernational@amgen.com\",\"Tel. +44 (0)1223 420305\"]","timestamp":"2025-07-25T16:03:41.718Z"}
{"level":"warn","message":"Skipping invalid key in record: ","timestamp":"2025-07-25T16:03:41.718Z"}
{"level":"warn","message":"Invalid contact format (non-string) for record with PIP number EMEA-002841-PIP01-20: [\"Aneuryst (Ireland) Limited\",\"Email: mitchell.wong@aneuryst.com\",\"Tel. +1 2126711068\"]","timestamp":"2025-07-25T16:03:41.718Z"}
{"level":"warn","message":"Skipping invalid key in record: ","timestamp":"2025-07-25T16:03:41.719Z"}
{"level":"warn","message":"Invalid contact format (non-string) for record with PIP number EMEA-002791-PIP01-20: [\"Real Regulatory Limited\",\"Email: info@realregulatory.com\",\"Tel. +353 18851710\"]","timestamp":"2025-07-25T16:03:41.719Z"}
{"level":"warn","message":"Skipping invalid key in record: ","timestamp":"2025-07-25T16:03:41.719Z"}
{"level":"warn","message":"Invalid contact format (non-string) for record with PIP number EMEA-002834-PIP01-20: [\"CRISPR Therapeutics AG\",\"Email: info@crisprtx.com\",\"Tel. +1 6173154600\"]","timestamp":"2025-07-25T16:03:41.719Z"}
{"level":"warn","message":"Skipping invalid key in record: ","timestamp":"2025-07-25T16:03:41.719Z"}
{"level":"warn","message":"Invalid contact format (non-string) for record with PIP number EMEA-002840-PIP01-20: [\"Novo Nordisk A/S\",\"E-mail: paediatrics@novonordisk.com\",\"Tel.: +45 44444848\"]","timestamp":"2025-07-25T16:03:41.719Z"}
{"level":"warn","message":"Skipping invalid key in record: ","timestamp":"2025-07-25T16:03:41.719Z"}
{"level":"warn","message":"Invalid contact format (non-string) for record with PIP number EMEA-002759-PIP01-19: [\"Cyclerion Therapeutics Inc.\",\"Emaill: mchristian@cyclerion.com\",\"Tel. +1 8573383340\"]","timestamp":"2025-07-25T16:03:41.719Z"}
{"level":"warn","message":"Skipping invalid key in record: ","timestamp":"2025-07-25T16:03:41.719Z"}
{"level":"warn","message":"Invalid contact format (non-string) for record with PIP number EMEA-002516-PIP01-18: [\"Eiger BioPharmaceuticals Europe Limited\",\"Tel. +(+1) 877 899 2051\",\"E-mail: info@eigerbio.com\"]","timestamp":"2025-07-25T16:03:41.719Z"}
{"level":"warn","message":"Skipping invalid key in record: ","timestamp":"2025-07-25T16:03:41.719Z"}
{"level":"warn","message":"Invalid contact format (non-string) for record with PIP number EMEA-001187-PIP01-11-M04: [\"Santen Oy\",\"Finland\",\"E-mail: auli.ropo@santen.fi\",\"Tel. +358 3284 8111\",\"Fax +358 9724 4355\"]","timestamp":"2025-07-25T16:03:41.719Z"}
{"level":"warn","message":"Skipping invalid key in record: ","timestamp":"2025-07-25T16:03:41.719Z"}
{"level":"warn","message":"Invalid contact format (non-string) for record with PIP number EMEA-002576-PIP01-19: [\"Venatorx Pharmaceuticals\",\"Inc.\",\"E-mail: abey@venatorx.com\",\"Tel: +1 4843298625\"]","timestamp":"2025-07-25T16:03:41.719Z"}
{"level":"warn","message":"Skipping invalid key in record: ","timestamp":"2025-07-25T16:03:41.720Z"}
{"level":"warn","message":"Invalid contact format (non-string) for record with PIP number EMEA-001207-PIP03-20: [\"Roche Registration GmbH\",\"E-mail: global.eu_regulatory_office@roche.comTel. +49 7624142892\"]","timestamp":"2025-07-25T16:03:41.720Z"}
{"level":"warn","message":"Skipping invalid key in record: ","timestamp":"2025-07-25T16:03:41.720Z"}
{"level":"warn","message":"Skipping invalid key in record: ","timestamp":"2025-07-25T16:03:41.720Z"}
{"level":"warn","message":"Skipping invalid key in record: ","timestamp":"2025-07-25T16:03:41.720Z"}
{"level":"warn","message":"Skipping invalid key in record: ","timestamp":"2025-07-25T16:03:41.720Z"}
{"level":"warn","message":"Invalid contact format (non-string) for record with PIP number EMEA-001019-PIP01-10-M05: [\"UAB \\\"Sicor Biotech\\\"\",\"Tel. +44 (0)20 7540 7117\",\"E-mail: med.info@tevapharm.com\"]","timestamp":"2025-07-25T16:03:41.720Z"}
{"level":"info","message":"CSV Headers: Decision number,PIP number,Active substance,Invented name,Therapeutic area,Pharmaceutical forms,Condition / indication,Routes of administration,Decision type,Decision date,Compliance outcome,Compliance opinion date,Compliance procedure number,Contact for public enquiries,First published date,Last updated date,PIP URL,","timestamp":"2025-07-25T16:03:41.720Z"}
{"level":"warn","message":"Skipping invalid key in record: ","timestamp":"2025-07-25T16:03:41.720Z"}
{"level":"warn","message":"Skipping invalid key in record: ","timestamp":"2025-07-25T16:03:41.720Z"}
{"level":"warn","message":"Skipping invalid key in record: ","timestamp":"2025-07-25T16:03:41.720Z"}
{"level":"warn","message":"Invalid contact format (non-string) for record with PIP number EMEA-001039-PIP02-12-M04: [\"Merz Pharmaceuticals GmbH\",\"Tel. +49 6915031\",\"E-mail: contact@merz.de\"]","timestamp":"2025-07-25T16:03:41.720Z"}
{"level":"warn","message":"Skipping invalid key in record: ","timestamp":"2025-07-25T16:03:41.720Z"}
{"level":"warn","message":"Invalid contact format (non-string) for record with PIP number EMEA-001113-PIP01-10-M06: [\"Otsuka Pharmaceutical Development & Commercialisation Europe GmbH\",\"Tel. +49 6995 5044321\",\"E-mail: paediatric-info@otsuka.de\"]","timestamp":"2025-07-25T16:03:41.720Z"}
{"level":"warn","message":"Skipping invalid key in record: ","timestamp":"2025-07-25T16:03:41.720Z"}
{"level":"warn","message":"Invalid contact format (non-string) for record with PIP number EMEA-001264-PIP01-12-M02: [\"CO.DON AG\",\"Tel.  +49 30240352330\",\"E-mail: pr@codon.de\"]","timestamp":"2025-07-25T16:03:41.720Z"}
{"level":"warn","message":"Skipping invalid key in record: ","timestamp":"2025-07-25T16:03:41.720Z"}
{"level":"warn","message":"Invalid contact format (non-string) for record with PIP number EMEA-001391-PIP01-12: [\"BTG International Ltd\",\"United Kingdom\",\"E-mail: ashley.tapp@btgplc.com\",\"Tel. +44 (0)20 7575 0000\"]","timestamp":"2025-07-25T16:03:41.721Z"}
{"level":"warn","message":"Skipping invalid key in record: ","timestamp":"2025-07-25T16:03:41.721Z"}
{"level":"warn","message":"Invalid contact format (non-string) for record with PIP number EMEA-001438-PIP01-13-M01: [\"Boehringer Ingelheim International GmbH\",\"Tel. +49 6132 778271\",\"Email: Paediatrics@boehringer-ingelheim.com\"]","timestamp":"2025-07-25T16:03:41.721Z"}
{"level":"warn","message":"Skipping invalid key in record: ","timestamp":"2025-07-25T16:03:41.721Z"}
{"level":"warn","message":"Invalid contact format (non-string) for record with PIP number EMEA-001244-PIP01-11-M02: [\"Bluebird bio France\",\"Tel. +1 41 415615437\",\"E-mail: CDeCoster@bluebirdio.com\"]","timestamp":"2025-07-25T16:03:41.721Z"}
{"level":"warn","message":"Skipping invalid key in record: ","timestamp":"2025-07-25T16:03:41.721Z"}
{"level":"warn","message":"Skipping invalid key in record: ","timestamp":"2025-07-25T16:03:41.721Z"}
{"level":"warn","message":"Invalid contact format (non-string) for record with PIP number EMEA-001822-PIP01-15-M01: [\"Gilead Sciences Ireland UC\",\"E-mail: regulatory.pip@gilead.com\",\"Tel. +44 1223897300\"]","timestamp":"2025-07-25T16:03:41.721Z"}
{"level":"warn","message":"Skipping invalid key in record: ","timestamp":"2025-07-25T16:03:41.721Z"}
{"level":"warn","message":"Invalid contact format (non-string) for record with PIP number EMEA-001853-PIP01-15-M02: [\"Grifols Therapeutics Inc.\",\"Tel. +49 69660593405\",\"E-mail: bernhard.lauven@grifols.com\"]","timestamp":"2025-07-25T16:03:41.721Z"}
{"level":"warn","message":"Skipping invalid key in record: ","timestamp":"2025-07-25T16:03:41.721Z"}
{"level":"warn","message":"Invalid contact format (non-string) for record with PIP number EMEA-000294-PIP02-12-M01: [\"Shire Human Genetic Therapies AB\",\"United States\",\"Tel. +1 7814826558\",\"E-mail: dalexanderia@shire.com\"]","timestamp":"2025-07-25T16:03:41.721Z"}
{"level":"warn","message":"Skipping invalid key in record: ","timestamp":"2025-07-25T16:03:41.721Z"}
{"level":"warn","message":"Invalid contact format (non-string) for record with PIP number EMEA-000694-PIP01-09-M08: [\"AstraZeneca AB (Sweden)\",\"Tel. +46 8 5532791\",\"E-mail: paediatrics@astrazeneca.com\"]","timestamp":"2025-07-25T16:03:41.721Z"}
{"level":"warn","message":"Skipping invalid key in record: ","timestamp":"2025-07-25T16:03:41.721Z"}
{"level":"warn","message":"Invalid contact format (non-string) for record with PIP number EMEA-000718-PIP01-09-M06: [\"Bayer Pharma AG\",\"Germany\",\"Tel. +49 3030 0139003\",\"Fax +49 3046 895333\",\"E-mail: clinical-trials-contact@bayer.com\"]","timestamp":"2025-07-25T16:03:41.721Z"}
{"level":"warn","message":"Skipping invalid key in record: ","timestamp":"2025-07-25T16:03:41.721Z"}
{"level":"warn","message":"Skipping invalid key in record: ","timestamp":"2025-07-25T16:03:41.721Z"}
{"level":"warn","message":"Invalid contact format (non-string) for record with PIP number EMEA-001203-PIP02-14-M02: [\"LFB SA\",\"France\",\"Tel. +33 169827344\",\"E-mail: nogierm@lfb.fr\"]","timestamp":"2025-07-25T16:03:41.722Z"}
{"level":"warn","message":"Skipping invalid key in record: ","timestamp":"2025-07-25T16:03:41.722Z"}
{"level":"warn","message":"Invalid contact format (non-string) for record with PIP number EMEA-002692-PIP01-19: [\"Ascendis Pharma Endocrinology Division A/S\",\"E-mail: MedicalAffairs@ascendispharma.com\",\"Tel. +45 70222244\"]","timestamp":"2025-07-25T16:03:41.722Z"}
{"level":"warn","message":"Skipping invalid key in record: ","timestamp":"2025-07-25T16:03:41.722Z"}
{"level":"warn","message":"Invalid contact format (non-string) for record with PIP number EMEA-002645-PIP02-20: [\"Immunomedics GmbH\",\"E-mail: Regulatory.Pip@gilead.com\",\"Tel: +44 1223897300\"]","timestamp":"2025-07-25T16:03:41.722Z"}
{"level":"warn","message":"Skipping invalid key in record: ","timestamp":"2025-07-25T16:03:41.722Z"}
{"level":"warn","message":"Skipping invalid key in record: ","timestamp":"2025-07-25T16:03:41.722Z"}
{"level":"warn","message":"Invalid contact format (non-string) for record with PIP number EMEA-000694-PIP05-20: [\"AstraZeneca AB\",\"E-mail: paediatrics@astrazeneca.com\",\"Tel. +46 8553 27591\"]","timestamp":"2025-07-25T16:03:41.722Z"}
{"level":"warn","message":"Skipping invalid key in record: ","timestamp":"2025-07-25T16:03:41.722Z"}
{"level":"warn","message":"Skipping invalid key in record: ","timestamp":"2025-07-25T16:03:41.722Z"}
{"level":"warn","message":"Skipping invalid key in record: ","timestamp":"2025-07-25T16:03:41.722Z"}
{"level":"warn","message":"Invalid contact format (non-string) for record with PIP number EMEA-002694-PIP01-19: [\"GlaxoSmithKline Trading Services Ltd\",\"Tel. +1 4388998201\",\"E-mail: eu.paediatric-plans@gsk.com\"]","timestamp":"2025-07-25T16:03:41.722Z"}
{"level":"warn","message":"Skipping invalid key in record: ","timestamp":"2025-07-25T16:03:41.722Z"}
{"level":"warn","message":"Invalid contact format (non-string) for record with PIP number EMEA-002152-PIP01-17-M03: [\"Janssen-Cilag International N.V.\",\"E-mail: nbuhl@its.jnj.com\",\"Tel. +353 8574 46696\"]","timestamp":"2025-07-25T16:03:41.722Z"}
{"level":"warn","message":"Skipping invalid key in record: ","timestamp":"2025-07-25T16:03:41.723Z"}
{"level":"warn","message":"Invalid contact format (non-string) for record with PIP number EMEA-001481-PIP01-13-M04: [\"DBV Technologies S.A.\",\"Tel. +33 15559 78 94\",\"E-mail: clindev@dbv-technologies.com\"]","timestamp":"2025-07-25T16:03:41.723Z"}
{"level":"warn","message":"Skipping invalid key in record: ","timestamp":"2025-07-25T16:03:41.723Z"}
{"level":"warn","message":"Skipping invalid key in record: ","timestamp":"2025-07-25T16:03:41.723Z"}
{"level":"warn","message":"Invalid contact format (non-string) for record with PIP number EMEA-002837-PIP01-20: [\"Disphar International B.V.\",\"E-mail: ra@disphar.com\",\"Tel: +31 355280400\"]","timestamp":"2025-07-25T16:03:41.723Z"}
{"level":"warn","message":"Skipping invalid key in record: ","timestamp":"2025-07-25T16:03:41.723Z"}
{"level":"warn","message":"Invalid contact format (non-string) for record with PIP number EMEA-002836-PIP01-20: [\"GlaxoSmithKline Trading Services Limited\",\"E-mail: eu.paediatric-plans@gsk.com\",\"Tel: +44 2080476613\"]","timestamp":"2025-07-25T16:03:41.723Z"}
{"level":"warn","message":"Skipping invalid key in record: ","timestamp":"2025-07-25T16:03:41.723Z"}
{"level":"warn","message":"Invalid contact format (non-string) for record with PIP number EMEA-002835-PIP01-20: [\"Laboratoires SMB S.A.\",\"E-mail: regulatory@smb.be\",\"Tel: +32 24114828\"]","timestamp":"2025-07-25T16:03:41.723Z"}
{"level":"warn","message":"Skipping invalid key in record: ","timestamp":"2025-07-25T16:03:41.723Z"}
{"level":"warn","message":"Invalid contact format (non-string) for record with PIP number EMEA-002823-PIP01-20: [\"CARsgen Therapeutics Corporation\",\"E-mail: RegulatoryUS@carsgen.com\",\"Tel: +1 3462939390\"]","timestamp":"2025-07-25T16:03:41.723Z"}
{"level":"warn","message":"Skipping invalid key in record: ","timestamp":"2025-07-25T16:03:41.723Z"}
{"level":"warn","message":"Invalid contact format (non-string) for record with PIP number EMEA-002507-PIP02-19: [\"Generon (Shanghai) Corporation\",\"Email: xiaoch@generonbiomed.com\",\"Tel: +86 2161760866\"]","timestamp":"2025-07-25T16:03:41.723Z"}
{"level":"warn","message":"Skipping invalid key in record: ","timestamp":"2025-07-25T16:03:41.724Z"}
{"level":"warn","message":"Invalid contact format (non-string) for record with PIP number EMEA-001501-PIP06-20: [\"Sanofi-Aventis Recherche & Développement\",\"Tel. +33 169745695\",\"E-mail: contact-us@sanofi.com\"]","timestamp":"2025-07-25T16:03:41.724Z"}
{"level":"warn","message":"Skipping invalid key in record: ","timestamp":"2025-07-25T16:03:41.724Z"}
{"level":"warn","message":"Skipping invalid key in record: ","timestamp":"2025-07-25T16:03:41.724Z"}
{"level":"warn","message":"Invalid contact format (non-string) for record with PIP number EMEA-002794-PIP01-20: [\"Adamed Pharma S.A.\",\"E-mail: agnieszka.leszczynska@adamed.com\",\"Tel: +48 697064041\"]","timestamp":"2025-07-25T16:03:41.724Z"}
{"level":"warn","message":"Skipping invalid key in record: ","timestamp":"2025-07-25T16:03:41.724Z"}
{"level":"warn","message":"Skipping invalid key in record: ","timestamp":"2025-07-25T16:03:41.724Z"}
{"level":"warn","message":"Invalid contact format (non-string) for record with PIP number EMEA-000452-PIP02-10-M06: [\"Eli Lilly & Company Limited\",\"E-mail: eu_paediatric@lilly.com\",\"Tel. +44 (0)1276 483000\"]","timestamp":"2025-07-25T16:03:41.725Z"}
{"level":"warn","message":"Skipping invalid key in record: ","timestamp":"2025-07-25T16:03:41.747Z"}
{"level":"warn","message":"Invalid contact format (non-string) for record with PIP number EMEA-000069-PIP01-07-M07: [\"GSK Trading Services Limited\",\"E-mail: eu.paediatric-plans@gsk.com\",\"Tel. +1 4388998201\"]","timestamp":"2025-07-25T16:03:41.747Z"}
{"level":"warn","message":"Skipping invalid key in record: ","timestamp":"2025-07-25T16:03:41.747Z"}
{"level":"warn","message":"Invalid contact format (non-string) for record with PIP number EMEA-002559-PIP03-19: [\"Momenta Pharmaceuticals\",\"Inc.\",\"E-mail: byork@momentapharma.com\",\"Tel. +1 6173954994\"]","timestamp":"2025-07-25T16:03:41.747Z"}
{"level":"warn","message":"Skipping invalid key in record: ","timestamp":"2025-07-25T16:03:41.748Z"}
{"level":"warn","message":"Invalid contact format (non-string) for record with PIP number EMEA-002581-PIP01-19: [\"Kubota Pharmaceutical Holdings Co. Limited\",\"E-mail: ClinicalTrials@acucela.com\",\"Tel. +1 2068058310\"]","timestamp":"2025-07-25T16:03:41.748Z"}
{"level":"warn","message":"Skipping invalid key in record: ","timestamp":"2025-07-25T16:03:41.748Z"}
{"level":"warn","message":"Invalid contact format (non-string) for record with PIP number EMEA-002206-PIP02-19: [\"Ultragenyx Germany GmbH\",\"E-mail: medinfo@ultragenyx.com\",\"Tel. : +4930590083651\"]","timestamp":"2025-07-25T16:03:41.748Z"}
{"level":"warn","message":"Skipping invalid key in record: ","timestamp":"2025-07-25T16:03:41.748Z"}
{"level":"warn","message":"Invalid contact format (non-string) for record with PIP number EMEA-002054-PIP02-18: [\"Albireo AB\",\"Tel. +46 31741 14 80\",\"E-mail: info@albireopharma.com\"]","timestamp":"2025-07-25T16:03:41.748Z"}
{"level":"warn","message":"Skipping invalid key in record: ","timestamp":"2025-07-25T16:03:41.748Z"}
{"level":"warn","message":"Invalid contact format (non-string) for record with PIP number EMEA-001799-PIP03-19: [\"BrainRepair UG (haftungsbeschränkt)\",\"E-mail: arne.jensen@brainrepair.eu​​​​​​​\",\"Tel. +49 2345881960\"]","timestamp":"2025-07-25T16:03:41.748Z"}
{"level":"warn","message":"Skipping invalid key in record: ","timestamp":"2025-07-25T16:03:41.748Z"}
{"level":"warn","message":"Invalid contact format (non-string) for record with PIP number EMEA-001613-PIP02-20: [\"AstraZeneca AB\",\"E-mail: paediatrics@astrazeneca.com\",\"Tel. +46 8553 27591\"]","timestamp":"2025-07-25T16:03:41.748Z"}
{"level":"warn","message":"Skipping invalid key in record: ","timestamp":"2025-07-25T16:03:41.749Z"}
{"level":"warn","message":"Invalid contact format (non-string) for record with PIP number EMEA-000643-PIP02-20: [\"Bionorica Ethics GmbH\",\"E-mail: info@bionorica-ethics.de\",\"Tel. +49 91812317490\"]","timestamp":"2025-07-25T16:03:41.749Z"}
{"level":"info","message":"CSV Headers: Decision number,PIP number,Active substance,Invented name,Therapeutic area,Pharmaceutical forms,Condition / indication,Routes of administration,Decision type,Decision date,Compliance outcome,Compliance opinion date,Compliance procedure number,Contact for public enquiries,First published date,Last updated date,PIP URL,","timestamp":"2025-07-25T16:03:41.749Z"}
{"level":"warn","message":"Skipping invalid key in record: ","timestamp":"2025-07-25T16:03:41.749Z"}
{"level":"warn","message":"Invalid contact format (non-string) for record with PIP number EMEA-002305-PIP01-17-M01: [\"Laboratoire Aguettant\",\"E-mail: infoscientifique@aguettant.fr\",\"Tel. +33 478615141\"]","timestamp":"2025-07-25T16:03:41.749Z"}
{"level":"warn","message":"Skipping invalid key in record: ","timestamp":"2025-07-25T16:03:41.749Z"}
{"level":"warn","message":"Invalid contact format (non-string) for record with PIP number EMEA-001999-PIP02-17-M01: [\"Allergan Pharmaceuticals International Limited\",\"E-mail: UK_Medinfo@allergan.com\",\"Tel: +44 1628494026\"]","timestamp":"2025-07-25T16:03:41.749Z"}
{"level":"warn","message":"Skipping invalid key in record: ","timestamp":"2025-07-25T16:03:41.749Z"}
{"level":"warn","message":"Skipping invalid key in record: ","timestamp":"2025-07-25T16:03:41.749Z"}
{"level":"warn","message":"Invalid contact format (non-string) for record with PIP number EMEA-001715-PIP01-14-M04: [\"Seqirus Netherlands B.V.\",\"Tel. +31 646951054\",\"E-mail: pip.seq@seqirus.com\"]","timestamp":"2025-07-25T16:03:41.749Z"}
{"level":"warn","message":"Skipping invalid key in record: ","timestamp":"2025-07-25T16:03:41.750Z"}
{"level":"warn","message":"Skipping invalid key in record: ","timestamp":"2025-07-25T16:03:41.750Z"}
{"level":"warn","message":"Invalid contact format (non-string) for record with PIP number EMEA-002831-PIP01-20: [\"IBSA Farmaceutici Italia s.r.l.\",\"E-mail: regolatorio@skillpharma.com\",\"Tel: +39 0645479408\"]","timestamp":"2025-07-25T16:03:41.750Z"}
{"level":"warn","message":"Skipping invalid key in record: ","timestamp":"2025-07-25T16:03:41.750Z"}
{"level":"warn","message":"Invalid contact format (non-string) for record with PIP number EMEA-002825-PIP01-20: [\"Viela Bio Inc\",\"E-mail: berzinsm@vielabio.com\",\"Tel: +1 2405580038 X234\"]","timestamp":"2025-07-25T16:03:41.750Z"}
{"level":"warn","message":"Skipping invalid key in record: ","timestamp":"2025-07-25T16:03:41.750Z"}
{"level":"warn","message":"Invalid contact format (non-string) for record with PIP number EMEA-002816-PIP01-20: [\"NorthSea Therapeutics BV\",\"E-mail: patrick.round@northseatherapeutics.com\",\"Tel: +44 7979502770\"]","timestamp":"2025-07-25T16:03:41.750Z"}
{"level":"warn","message":"Skipping invalid key in record: ","timestamp":"2025-07-25T16:03:41.750Z"}
{"level":"warn","message":"Invalid contact format (non-string) for record with PIP number EMEA-002800-PIP01-20: [\"GlaxoSmithKline (Ireland) Limited\",\"E-mail: eu.paediatric-plans@gsk.com\",\"Tel.: +44 2089903650\"]","timestamp":"2025-07-25T16:03:41.750Z"}
{"level":"warn","message":"Skipping invalid key in record: ","timestamp":"2025-07-25T16:03:41.750Z"}
{"level":"warn","message":"Invalid contact format (non-string) for record with PIP number EMEA-001904-PIP02-17: [\"SymBio Pharmaceuticals Limited\",\"E-mail: mkano.mk11@symbiopharma.com\",\"Tel. +818039323354\"]","timestamp":"2025-07-25T16:03:41.750Z"}
{"level":"warn","message":"Skipping invalid key in record: ","timestamp":"2025-07-25T16:03:41.750Z"}
{"level":"warn","message":"Invalid contact format (non-string) for record with PIP number EMEA-002559-PIP01-19: [\"Janssen-Cilag International NV\",\"Tel. +32 1460 2111\",\"E-mail: contact@janssen-emea.com\"]","timestamp":"2025-07-25T16:03:41.750Z"}
{"level":"warn","message":"Skipping invalid key in record: ","timestamp":"2025-07-25T16:03:41.750Z"}
{"level":"warn","message":"Invalid contact format (non-string) for record with PIP number EMEA-002559-PIP02-19: [\"Janssen-Cilag International NV\",\"Tel. +32 1460 2111\",\"E-mail: contact@janssen-emea.com\"]","timestamp":"2025-07-25T16:03:41.750Z"}
{"level":"warn","message":"Skipping invalid key in record: ","timestamp":"2025-07-25T16:03:41.751Z"}
{"level":"warn","message":"Invalid contact format (non-string) for record with PIP number EMEA-002266-PIP01-17: [\"Aceragen Inc.\",\"Tel. +15182583364\",\"E-mail: regulatory@aceragen.com\"]","timestamp":"2025-07-25T16:03:41.751Z"}
{"level":"warn","message":"Skipping invalid key in record: ","timestamp":"2025-07-25T16:03:41.751Z"}
{"level":"warn","message":"Invalid contact format (non-string) for record with PIP number EMEA-002101-PIP02-18-M01: [\"Y-mAbs Therapeutics A/S\",\"E-mail: jow@ymabs.com\",\"Tel. +45 70261414\"]","timestamp":"2025-07-25T16:03:41.751Z"}
{"level":"warn","message":"Skipping invalid key in record: ","timestamp":"2025-07-25T16:03:41.751Z"}
{"level":"warn","message":"Invalid contact format (non-string) for record with PIP number EMEA-001992-PIP02-16-M01: [\"GenSight-Biologics\",\"E-mail: mtaiel@gensight-biologics.com\",\"Tel. +33 176217226\"]","timestamp":"2025-07-25T16:03:41.751Z"}
{"level":"warn","message":"Skipping invalid key in record: ","timestamp":"2025-07-25T16:03:41.751Z"}
{"level":"warn","message":"Invalid contact format (non-string) for record with PIP number EMEA-002122-PIP02-17-M01: [\"Lysogene\",\"E-mail: contact@lysogene.com\",\"Tel. +33 141430390\"]","timestamp":"2025-07-25T16:03:41.751Z"}
{"level":"warn","message":"Skipping invalid key in record: ","timestamp":"2025-07-25T16:03:41.751Z"}
{"level":"warn","message":"Invalid contact format (non-string) for record with PIP number EMEA-001903-PIP01-15-M01: [\"JVM Europe B.V\",\"E-mail: contact-us@sanofi.com\",\"Tel. +33 1 60 49 66 82\"]","timestamp":"2025-07-25T16:03:41.751Z"}
{"level":"warn","message":"Skipping invalid key in record: ","timestamp":"2025-07-25T16:03:41.751Z"}
{"level":"warn","message":"Invalid contact format (non-string) for record with PIP number EMEA-001657-PIP01-14-M01: [\"Eli Lilly & Company Limited\",\"E-mail: eu_paediatric@lilly.com\",\"Tel. +44 (0)1276 483000\"]","timestamp":"2025-07-25T16:03:41.751Z"}
{"level":"warn","message":"Skipping invalid key in record: ","timestamp":"2025-07-25T16:03:41.752Z"}
{"level":"warn","message":"Skipping invalid key in record: ","timestamp":"2025-07-25T16:03:41.752Z"}
{"level":"warn","message":"Invalid contact format (non-string) for record with PIP number EMEA-002799-PIP01-20: [\"Bilthoven Biologicals\",\"E-mail: jacqueline.middel@bbio.nl\",\"Tel: +31 308004800\"]","timestamp":"2025-07-25T16:03:41.752Z"}
{"level":"warn","message":"Skipping invalid key in record: ","timestamp":"2025-07-25T16:03:41.752Z"}
{"level":"warn","message":"Invalid contact format (non-string) for record with PIP number EMEA-002798-PIP01-20: [\"Incyte Biosciences Distribution B.V.\",\"E-mail: globalmedinfo@incyte.com\",\"Tel. +800 0002 7423\"]","timestamp":"2025-07-25T16:03:41.752Z"}
{"level":"warn","message":"Skipping invalid key in record: ","timestamp":"2025-07-25T16:03:41.752Z"}
{"level":"warn","message":"Invalid contact format (non-string) for record with PIP number EMEA-002784-PIP01-20: [\"Hutchison MediPharma Ltd\",\"E-mail: marjoh@hmplglobal.com\",\"Tel: +358 408425802\"]","timestamp":"2025-07-25T16:03:41.752Z"}
{"level":"warn","message":"Skipping invalid key in record: ","timestamp":"2025-07-25T16:03:41.752Z"}
{"level":"warn","message":"Invalid contact format (non-string) for record with PIP number EMEA-002720-PIP01-19: [\"LIB Therapeutics\",\"LLC\",\"E-mail: LIBadmin@libtherapeutics.com\",\"Tel: +1 7347301170\"]","timestamp":"2025-07-25T16:03:41.753Z"}
{"level":"warn","message":"Skipping invalid key in record: ","timestamp":"2025-07-25T16:03:41.753Z"}
{"level":"warn","message":"Invalid contact format (non-string) for record with PIP number EMEA-002065-PIP01-16-M03: [\"Pfizer Europe MA EEIG\",\"Tel. +44 (0)1304 646 607\",\"E-mail: pip_enquiries@pfizer.com\"]","timestamp":"2025-07-25T16:03:41.753Z"}
{"level":"warn","message":"Skipping invalid key in record: ","timestamp":"2025-07-25T16:03:41.753Z"}
{"level":"warn","message":"Skipping invalid key in record: ","timestamp":"2025-07-25T16:03:41.753Z"}
{"level":"warn","message":"Invalid contact format (non-string) for record with PIP number EMEA-001202-PIP02-13-M04: [\"Teva Pharmaceuticals Europe\",\"Tel. +44 (0)20 7540 7117\",\"E-mail: medinfo@tevauk.com\"]","timestamp":"2025-07-25T16:03:41.753Z"}
{"level":"warn","message":"Skipping invalid key in record: ","timestamp":"2025-07-25T16:03:41.753Z"}
{"level":"warn","message":"Invalid contact format (non-string) for record with PIP number EMEA-000332-PIP01-08-M15: [\"UCB Pharma S.A.\",\"E-mail: UCBCares.IE@ucb.com\",\"Tel. +353 1463 2371\"]","timestamp":"2025-07-25T16:03:41.753Z"}
{"level":"warn","message":"Skipping invalid key in record: ","timestamp":"2025-07-25T16:03:41.753Z"}
{"level":"warn","message":"Invalid contact format (non-string) for record with PIP number EMEA-001072-PIP01-10-M04: [\"Genzyme Europe B.V.\",\"Tel: +49 (0) 800 52 52 010\",\"E-mail: medinfo.de@sanofi.com\"]","timestamp":"2025-07-25T16:03:41.753Z"}
{"level":"warn","message":"Skipping invalid key in record: ","timestamp":"2025-07-25T16:03:41.753Z"}
{"level":"warn","message":"Skipping invalid key in record: ","timestamp":"2025-07-25T16:03:41.754Z"}
{"level":"warn","message":"Invalid contact format (non-string) for record with PIP number EMEA-002655-PIP02-20: [\"Amgen Europe BV\",\"E-mail: medinfointernational@amgen.com\",\"Tel. +44 (0)1223 420305\"]","timestamp":"2025-07-25T16:03:41.754Z"}
{"level":"warn","message":"Skipping invalid key in record: ","timestamp":"2025-07-25T16:03:41.754Z"}
{"level":"warn","message":"Invalid contact format (non-string) for record with PIP number EMEA-002554-PIP02-19: [\"Gilead Sciences International Ltd\",\"E-mail: regulatory.pip@gilead.com\",\"Tel. +44 (0)1223 897300\"]","timestamp":"2025-07-25T16:03:41.754Z"}
{"level":"warn","message":"Skipping invalid key in record: ","timestamp":"2025-07-25T16:03:41.754Z"}
{"level":"warn","message":"Invalid contact format (non-string) for record with PIP number EMEA-000420-PIP01-10: [\"Eli Lilly & Company Limited\",\"E-mail: eu_paediatric@lilly.com\",\"Tel. +44 (0)1276 483000\"]","timestamp":"2025-07-25T16:03:41.754Z"}
{"level":"warn","message":"Skipping invalid key in record: ","timestamp":"2025-07-25T16:03:41.754Z"}
{"level":"warn","message":"Invalid contact format (non-string) for record with PIP number EMEA-002817-PIP04-20: [\"Roche Registration GmbH\",\"E-mail: global.eu_regulatory_office@roche.comTel. +49 7624142892\"]","timestamp":"2025-07-25T16:03:41.754Z"}
{"level":"warn","message":"Skipping invalid key in record: ","timestamp":"2025-07-25T16:03:41.754Z"}
{"level":"warn","message":"Invalid contact format (non-string) for record with PIP number EMEA-002817-PIP03-20: [\"Roche Registration GmbH\",\"E-mail: global.eu_regulatory_office@roche.comTel. +49 7624142892\"]","timestamp":"2025-07-25T16:03:41.754Z"}
{"level":"warn","message":"Skipping invalid key in record: ","timestamp":"2025-07-25T16:03:41.754Z"}
{"level":"warn","message":"Invalid contact format (non-string) for record with PIP number EMEA-002792-PIP01-20: [\"JSC \\\"BIOCAD\\\"\",\"E-mail: paediatric@biocad.ru\",\"Tel:  +7 8123804933\"]","timestamp":"2025-07-25T16:03:41.754Z"}
{"level":"warn","message":"Skipping invalid key in record: ","timestamp":"2025-07-25T16:03:41.755Z"}
{"level":"warn","message":"Invalid contact format (non-string) for record with PIP number EMEA-002805-PIP01-20: [\"Laboratoires SMB S.A.\",\"E-mail: regulatory@smb.be\",\"Tel: +32 24114828\"]","timestamp":"2025-07-25T16:03:41.755Z"}
{"level":"warn","message":"Skipping invalid key in record: ","timestamp":"2025-07-25T16:03:41.755Z"}
{"level":"warn","message":"Invalid contact format (non-string) for record with PIP number EMEA-002797-PIP01-20: [\"Sesen Bio\",\"Inc\",\"E-mail: glen.macdonald@sesenbio.com\",\"Tel: +1 2042903131\"]","timestamp":"2025-07-25T16:03:41.755Z"}
{"level":"warn","message":"Skipping invalid key in record: ","timestamp":"2025-07-25T16:03:41.755Z"}
{"level":"warn","message":"Invalid contact format (non-string) for record with PIP number EMEA-002718-PIP02-20: [\"Polyphor Deutschland GmbH\",\"E-mail: francois.ringeisen@polyphor.com\",\"Tel. +41 615671626\"]","timestamp":"2025-07-25T16:03:41.755Z"}
{"level":"warn","message":"Skipping invalid key in record: ","timestamp":"2025-07-25T16:03:41.755Z"}
{"level":"warn","message":"Invalid contact format (non-string) for record with PIP number EMEA-002777-PIP01-20: [\"Pfizer Europe MA EEIG\",\"Tel. +44 (0)1304 646 607\",\"E-mail: pip_enquiries@pfizer.com\"]","timestamp":"2025-07-25T16:03:41.755Z"}
{"level":"warn","message":"Skipping invalid key in record: ","timestamp":"2025-07-25T16:03:41.755Z"}
{"level":"warn","message":"Invalid contact format (non-string) for record with PIP number EMEA-002789-PIP01-20: [\"Janssen Research & Development\",\"Tel. +353 857446696\",\"E-mail: nbuhl@its.jnj.com\"]","timestamp":"2025-07-25T16:03:41.755Z"}
{"level":"warn","message":"Skipping invalid key in record: ","timestamp":"2025-07-25T16:03:41.755Z"}
{"level":"warn","message":"Invalid contact format (non-string) for record with PIP number EMEA-002537-PIP02-19: [\"PharOS - Pharmaceutical Orientated Services Ltd\",\"E-mail: emakrodouli@pharosgr.gr\",\"E-mail: ngialou@pharosgr.gr\",\"Tel: +30 2106664667\"]","timestamp":"2025-07-25T16:03:41.755Z"}
{"level":"warn","message":"Skipping invalid key in record: ","timestamp":"2025-07-25T16:03:41.755Z"}
{"level":"warn","message":"Skipping invalid key in record: ","timestamp":"2025-07-25T16:03:41.755Z"}
{"level":"warn","message":"Invalid contact format (non-string) for record with PIP number EMEA-001501-PIP05-20: [\"Regeneron Ireland DAC\",\"Tel. +1 9148 475385\",\"E-mail: clinicaltrials@regeneron.com\"]","timestamp":"2025-07-25T16:03:41.756Z"}
{"level":"info","message":"CSV Headers: Decision number,PIP number,Active substance,Invented name,Therapeutic area,Pharmaceutical forms,Condition / indication,Routes of administration,Decision type,Decision date,Compliance outcome,Compliance opinion date,Compliance procedure number,Contact for public enquiries,First published date,Last updated date,PIP URL,","timestamp":"2025-07-25T16:03:41.773Z"}
{"level":"warn","message":"Skipping invalid key in record: ","timestamp":"2025-07-25T16:03:41.773Z"}
{"level":"warn","message":"Invalid contact format (non-string) for record with PIP number EMEA-001214-PIP06-20: [\"AstraZeneca AB\",\"E-mail: paediatrics@astrazeneca.com\",\"Tel.  +46 855326000\"]","timestamp":"2025-07-25T16:03:41.773Z"}
{"level":"warn","message":"Skipping invalid key in record: ","timestamp":"2025-07-25T16:03:41.773Z"}
{"level":"warn","message":"Skipping invalid key in record: ","timestamp":"2025-07-25T16:03:41.773Z"}
{"level":"warn","message":"Skipping invalid key in record: ","timestamp":"2025-07-25T16:03:41.773Z"}
{"level":"warn","message":"Skipping invalid key in record: ","timestamp":"2025-07-25T16:03:41.773Z"}
{"level":"warn","message":"Invalid contact format (non-string) for record with PIP number EMEA-002542-PIP02-19: [\"Genzyme Europe B.V.\",\"Tel. +31 (0) 20 245 3917\",\"E-mail: EUmedinfo@genzyme.com\"]","timestamp":"2025-07-25T16:03:41.773Z"}
{"level":"warn","message":"Skipping invalid key in record: ","timestamp":"2025-07-25T16:03:41.773Z"}
{"level":"warn","message":"Invalid contact format (non-string) for record with PIP number EMEA-002202-PIP02-20: [\"Krka\",\"d.d.\",\"Novo mesto\",\"Slovenia\",\"Tel. +386 73319037\",\"Fax +386 73322742\",\"E-mail: dragan.priselac@krka.biz\"]","timestamp":"2025-07-25T16:03:41.774Z"}
{"level":"warn","message":"Skipping invalid key in record: ","timestamp":"2025-07-25T16:03:41.774Z"}
{"level":"warn","message":"Invalid contact format (non-string) for record with PIP number EMEA-001964-PIP02-19: [\"GW Pharma (International) B.V.\",\"E-mail: info@gwpharm.com\",\"Tel: +44 1223266800\"]","timestamp":"2025-07-25T16:03:41.774Z"}
{"level":"warn","message":"Skipping invalid key in record: ","timestamp":"2025-07-25T16:03:41.774Z"}
{"level":"warn","message":"Skipping invalid key in record: ","timestamp":"2025-07-25T16:03:41.774Z"}
{"level":"warn","message":"Skipping invalid key in record: ","timestamp":"2025-07-25T16:03:41.774Z"}
{"level":"warn","message":"Skipping invalid key in record: ","timestamp":"2025-07-25T16:03:41.774Z"}
{"level":"warn","message":"Invalid contact format (non-string) for record with PIP number EMEA-002783-PIP01-20: [\"Pierre Fabre Médicament\",\"E-mail: medical_information@pierre-fabre.com\",\"Tel. +33 800326326\"]","timestamp":"2025-07-25T16:03:41.774Z"}
{"level":"warn","message":"Skipping invalid key in record: ","timestamp":"2025-07-25T16:03:41.774Z"}
{"level":"warn","message":"Invalid contact format (non-string) for record with PIP number EMEA-002768-PIP01-20: [\"Les Laboratoires Servier\",\"E-mail: mail.pip.enquiries@servier.com\",\"Tel. +1 55727275\"]","timestamp":"2025-07-25T16:03:41.774Z"}
{"level":"warn","message":"Skipping invalid key in record: ","timestamp":"2025-07-25T16:03:41.774Z"}
{"level":"warn","message":"Skipping invalid key in record: ","timestamp":"2025-07-25T16:03:41.774Z"}
{"level":"warn","message":"Invalid contact format (non-string) for record with PIP number EMEA-002781-PIP01-20: [\"GlaxoSmithKline (Ireland) Limited\",\"E-mail: eu.paediatric-plans@gsk.com\",\"Tel.: +44 2089903650\"]","timestamp":"2025-07-25T16:03:41.775Z"}
{"level":"warn","message":"Skipping invalid key in record: ","timestamp":"2025-07-25T16:03:41.775Z"}
{"level":"warn","message":"Invalid contact format (non-string) for record with PIP number EMEA-002623-PIP01-19: [\"Adial Pharmaceuticals\",\"E-mail: info@adialpharma.com\",\"Tel. +1 4344229800\"]","timestamp":"2025-07-25T16:03:41.775Z"}
{"level":"warn","message":"Skipping invalid key in record: ","timestamp":"2025-07-25T16:03:41.775Z"}
{"level":"warn","message":"Invalid contact format (non-string) for record with PIP number EMEA-002732-PIP02-20: [\"Adamed Pharma S.A.\",\"E-mail: joanna.bokus@adamed.com\",\"Tel. +48 513000208\"]","timestamp":"2025-07-25T16:03:41.775Z"}
{"level":"warn","message":"Skipping invalid key in record: ","timestamp":"2025-07-25T16:03:41.775Z"}
{"level":"warn","message":"Invalid contact format (non-string) for record with PIP number EMEA-002761-PIP01-20: [\"Novo Nordisk A/S\",\"E-mail: paediatrics@novonordisk.com\",\"Tel.: +45 44444848\"]","timestamp":"2025-07-25T16:03:41.775Z"}
{"level":"warn","message":"Skipping invalid key in record: ","timestamp":"2025-07-25T16:03:41.775Z"}
{"level":"warn","message":"Invalid contact format (non-string) for record with PIP number EMEA-002766-PIP01-20: [\"PhaseBio Pharmaceuticals Inc.\",\"E-mail: lauren.richardson@phasebio.com\",\"Tel. +1 6109816507\"]","timestamp":"2025-07-25T16:03:41.775Z"}
{"level":"warn","message":"Skipping invalid key in record: ","timestamp":"2025-07-25T16:03:41.775Z"}
{"level":"warn","message":"Invalid contact format (non-string) for record with PIP number EMEA-001857-PIP01-15-M01: [\"Genfit SA\",\"Tel.+33 320164000\",\"Email: contact@genfit.com\"]","timestamp":"2025-07-25T16:03:41.775Z"}
{"level":"warn","message":"Skipping invalid key in record: ","timestamp":"2025-07-25T16:03:41.775Z"}
{"level":"warn","message":"Invalid contact format (non-string) for record with PIP number EMEA-001238-PIP01-12: [\"PTC Therapeutics International Limited\",\"Tel. +353 19068700\",\"E-mail: medinfo@ptcbio.com\"]","timestamp":"2025-07-25T16:03:41.775Z"}
{"level":"warn","message":"Skipping invalid key in record: ","timestamp":"2025-07-25T16:03:41.775Z"}
{"level":"warn","message":"Skipping invalid key in record: ","timestamp":"2025-07-25T16:03:41.775Z"}
{"level":"warn","message":"Invalid contact format (non-string) for record with PIP number EMEA-000646-PIP01-09-M01: [\"Takeda Global Research & Development Centre (Europe) Ltd\",\"E-mail: medinfoEMEA@takeda.com\",\"Tel.: +44 (0)3333 000181\"]","timestamp":"2025-07-25T16:03:41.775Z"}
{"level":"warn","message":"Skipping invalid key in record: ","timestamp":"2025-07-25T16:03:41.775Z"}
{"level":"warn","message":"Skipping invalid key in record: ","timestamp":"2025-07-25T16:03:41.775Z"}
{"level":"warn","message":"Invalid contact format (non-string) for record with PIP number EMEA-001070-PIP01-10-M02: [\"Neurophyxia BV\",\"E-mail: info@neurophyxia.com\",\"Tel. +31 (0)73 6242141\"]","timestamp":"2025-07-25T16:03:41.776Z"}
{"level":"warn","message":"Skipping invalid key in record: ","timestamp":"2025-07-25T16:03:41.776Z"}
{"level":"warn","message":"Skipping invalid key in record: ","timestamp":"2025-07-25T16:03:41.776Z"}
{"level":"warn","message":"Invalid contact format (non-string) for record with PIP number EMEA-002760-PIP01-19: [\"Clovis Oncology Ireland Ltd\",\"E-mail: regulatoryUK@clovisoncology.com\",\"Tel. +44(0) 1223 645500\"]","timestamp":"2025-07-25T16:03:41.776Z"}
{"level":"warn","message":"Skipping invalid key in record: ","timestamp":"2025-07-25T16:03:41.776Z"}
{"level":"warn","message":"Invalid contact format (non-string) for record with PIP number EMEA-002753-PIP01-19: [\"Neurocrine Therapeutics Ltd\",\"E-mail: medinfo@neurocrine.com\",\"Tel. +01 8776 413461\"]","timestamp":"2025-07-25T16:03:41.776Z"}
{"level":"warn","message":"Skipping invalid key in record: ","timestamp":"2025-07-25T16:03:41.776Z"}
{"level":"warn","message":"Invalid contact format (non-string) for record with PIP number EMEA-002751-PIP01-19: [\"AstraZeneca AB\",\"E-mail: paediatrics@astrazeneca.comTel. +46 8553 27591\"]","timestamp":"2025-07-25T16:03:41.776Z"}
{"level":"warn","message":"Skipping invalid key in record: ","timestamp":"2025-07-25T16:03:41.776Z"}
{"level":"warn","message":"Invalid contact format (non-string) for record with PIP number EMEA-002748-PIP01-20: [\"Herantis Pharma Plc\",\"E-mail: antti.vuolanto@herantis.com\",\"Tel. +358 4075 17329\"]","timestamp":"2025-07-25T16:03:41.776Z"}
{"level":"warn","message":"Skipping invalid key in record: ","timestamp":"2025-07-25T16:03:41.776Z"}
{"level":"warn","message":"Invalid contact format (non-string) for record with PIP number EMEA-001988-PIP01-16-M01: [\"Aeterna Zentaris GmbH\",\"E-mail: macrilen@aezsinc.com\",\"Tel.: +49 69426023472\"]","timestamp":"2025-07-25T16:03:41.776Z"}
{"level":"warn","message":"Skipping invalid key in record: ","timestamp":"2025-07-25T16:03:41.776Z"}
{"level":"warn","message":"Invalid contact format (non-string) for record with PIP number EMEA-002664-PIP01-19: [\"ERC Belgium\",\"E-mail: lacroix@ercbelgium.eu\",\"Tel. +32 81728610\"]","timestamp":"2025-07-25T16:03:41.776Z"}
{"level":"warn","message":"Skipping invalid key in record: ","timestamp":"2025-07-25T16:03:41.776Z"}
{"level":"warn","message":"Invalid contact format (non-string) for record with PIP number EMEA-002663-PIP01-19: [\"ERC Belgium\",\"E-mail: lacroix@ercbelgium.eu\",\"Tel. +32 81728610\"]","timestamp":"2025-07-25T16:03:41.776Z"}
{"level":"warn","message":"Skipping invalid key in record: ","timestamp":"2025-07-25T16:03:41.777Z"}
{"level":"warn","message":"Invalid contact format (non-string) for record with PIP number EMEA-002662-PIP01-19: [\"ERC Belgium\",\"E-mail: lacroix@ercbelgium.eu\",\"Tel. +32 81728610\"]","timestamp":"2025-07-25T16:03:41.777Z"}
{"level":"warn","message":"Skipping invalid key in record: ","timestamp":"2025-07-25T16:03:41.777Z"}
{"level":"warn","message":"Invalid contact format (non-string) for record with PIP number EMEA-002661-PIP01-19: [\"ERC Belgium\",\"E-mail: lacroix@ercbelgium.eu\",\"Tel. +32 81728610\"]","timestamp":"2025-07-25T16:03:41.777Z"}
{"level":"warn","message":"Skipping invalid key in record: ","timestamp":"2025-07-25T16:03:41.777Z"}
{"level":"warn","message":"Invalid contact format (non-string) for record with PIP number EMEA-002652-PIP01-19: [\"Auris Medical Ltd\",\"E-mail: tm@aurismedical.com\",\"Tel. +41 6120 11350\"]","timestamp":"2025-07-25T16:03:41.777Z"}
{"level":"warn","message":"Skipping invalid key in record: ","timestamp":"2025-07-25T16:03:41.777Z"}
{"level":"warn","message":"Invalid contact format (non-string) for record with PIP number EMEA-002649-PIP02-20: [\"ELPEN Pharmaceutical Co. Inc\",\"E-mail: info@elpen.gr\",\"Tel. +30 2106039326\"]","timestamp":"2025-07-25T16:03:41.777Z"}
{"level":"warn","message":"Skipping invalid key in record: ","timestamp":"2025-07-25T16:03:41.777Z"}
{"level":"warn","message":"Invalid contact format (non-string) for record with PIP number EMEA-001441-PIP01-13-M03: [\"Novo Nordisk A/S\",\"E-mail: dtru@novonordisk.com\",\"Tel. +45 3079 0499\"]","timestamp":"2025-07-25T16:03:41.777Z"}
{"level":"warn","message":"Skipping invalid key in record: ","timestamp":"2025-07-25T16:03:41.777Z"}
{"level":"warn","message":"Invalid contact format (non-string) for record with PIP number EMEA-002739-PIP01-19: [\"Faes Farma S.A.Tel. +34 944818300E-mail: ieguidazu@faes.es\",\"mjarenal@faes.es\"]","timestamp":"2025-07-25T16:03:41.777Z"}
{"level":"warn","message":"Skipping invalid key in record: ","timestamp":"2025-07-25T16:03:41.778Z"}
{"level":"warn","message":"Invalid contact format (non-string) for record with PIP number EMEA-002743-PIP01-19: [\"Accord Healthcare S.L.U.\",\"E-mail: regulatory_EU@accord-healthcare.com\",\"Tel. +34 933010064\"]","timestamp":"2025-07-25T16:03:41.778Z"}
{"level":"warn","message":"Skipping invalid key in record: ","timestamp":"2025-07-25T16:03:41.778Z"}
{"level":"warn","message":"Invalid contact format (non-string) for record with PIP number EMEA-002745-PIP01-19: [\"Cellectar Biosciences\",\"Inc.\",\"E-mail: clinical@cellectar.com\",\"Tel. +1 6084418120\"]","timestamp":"2025-07-25T16:03:41.778Z"}
{"level":"warn","message":"Skipping invalid key in record: ","timestamp":"2025-07-25T16:03:41.778Z"}
{"level":"warn","message":"Skipping invalid key in record: ","timestamp":"2025-07-25T16:03:41.778Z"}
{"level":"warn","message":"Skipping invalid key in record: ","timestamp":"2025-07-25T16:03:41.778Z"}
{"level":"warn","message":"Invalid contact format (non-string) for record with PIP number EMEA-002601-PIP01-19: [\"Biogen Netherlands B.V.\",\"E-mail: pip.enquiries@biogen.com\",\"Tel: +44 (0)1628512586\"]","timestamp":"2025-07-25T16:03:41.778Z"}
{"level":"warn","message":"Skipping invalid key in record: ","timestamp":"2025-07-25T16:03:41.778Z"}
{"level":"warn","message":"Invalid contact format (non-string) for record with PIP number EMEA-002443-PIP02-18: [\"GlaxoSmithKline Trading Services Limited\",\"E-mail: eu.paediatric-plans@gsk.com\",\"Tel.  +1 4388998201\"]","timestamp":"2025-07-25T16:03:41.779Z"}
{"level":"warn","message":"Skipping invalid key in record: ","timestamp":"2025-07-25T16:03:41.779Z"}
{"level":"info","message":"CSV Headers: Decision number,PIP number,Active substance,Invented name,Therapeutic area,Pharmaceutical forms,Condition / indication,Routes of administration,Decision type,Decision date,Compliance outcome,Compliance opinion date,Compliance procedure number,Contact for public enquiries,First published date,Last updated date,PIP URL,","timestamp":"2025-07-25T16:03:41.779Z"}
{"level":"warn","message":"Skipping invalid key in record: ","timestamp":"2025-07-25T16:03:41.779Z"}
{"level":"warn","message":"Invalid contact format (non-string) for record with PIP number EMEA-002321-PIP01-17: [\"AlgiPharma AS\",\"E-mail: jowita.sleboda@algipharma.com\",\"Tel. +47 46694971\"]","timestamp":"2025-07-25T16:03:41.779Z"}
{"level":"warn","message":"Skipping invalid key in record: ","timestamp":"2025-07-25T16:03:41.779Z"}
{"level":"warn","message":"Invalid contact format (non-string) for record with PIP number EMEA-002714-PIP01-19: [\"Celgene Europe B.V.\",\"Tel. +41 327298500\",\"E-mail: medinfo.emea@celgene.com\"]","timestamp":"2025-07-25T16:03:41.779Z"}
{"level":"warn","message":"Skipping invalid key in record: ","timestamp":"2025-07-25T16:03:41.779Z"}
{"level":"warn","message":"Invalid contact format (non-string) for record with PIP number EMEA-002641-PIP01-19: [\"GlaxoSmithKline Biologicals SA\",\"E-mail: eu.paediatric-plans@gsk.com\",\"Tel:  +1 4388998201\"]","timestamp":"2025-07-25T16:03:41.779Z"}
{"level":"warn","message":"Skipping invalid key in record: ","timestamp":"2025-07-25T16:03:41.779Z"}
{"level":"warn","message":"Invalid contact format (non-string) for record with PIP number EMEA-002619-PIP01-19: [\"Merck\",\"Sharp & Dohme (Europe) Inc.\",\"Tel. +33 180464738\",\"E-mail: pip.information@merck.com\"]","timestamp":"2025-07-25T16:03:41.779Z"}
{"level":"warn","message":"Skipping invalid key in record: ","timestamp":"2025-07-25T16:03:41.779Z"}
{"level":"warn","message":"Skipping invalid key in record: ","timestamp":"2025-07-25T16:03:41.780Z"}
{"level":"warn","message":"Invalid contact format (non-string) for record with PIP number EMEA-002223-PIP01-19: [\"Isofol Medical AB\",\"Tel. +46 760293911\",\"E-mail: roger.tell@isofolmedical.com\"]","timestamp":"2025-07-25T16:03:41.780Z"}
{"level":"warn","message":"Skipping invalid key in record: ","timestamp":"2025-07-25T16:03:41.780Z"}
{"level":"warn","message":"Invalid contact format (non-string) for record with PIP number EMEA-002455-PIP01-18: [\"Millendo Therapeutics SAS\",\"Tel. +33 472180924\",\"E-mail: allas@millendo.com\"]","timestamp":"2025-07-25T16:03:41.780Z"}
{"level":"warn","message":"Skipping invalid key in record: ","timestamp":"2025-07-25T16:03:41.780Z"}
{"level":"warn","message":"Invalid contact format (non-string) for record with PIP number EMEA-002060-PIP02-17-M01: [\"Atlantic Healthcare Europe B.V.\",\"Tel. +44 1799513391\",\"E-mail: ann.mccormack@atlantichc.com\"]","timestamp":"2025-07-25T16:03:41.780Z"}
{"level":"warn","message":"Skipping invalid key in record: ","timestamp":"2025-07-25T16:03:41.780Z"}
{"level":"warn","message":"Invalid contact format (non-string) for record with PIP number EMEA-001768-PIP02-15-M03: [\"Tesaro Bio Netherlands B.V.\",\"Tel. +41 415880618\",\"E-mail: lenerose.x.arfelt@gsk.com\"]","timestamp":"2025-07-25T16:03:41.780Z"}
{"level":"warn","message":"Skipping invalid key in record: ","timestamp":"2025-07-25T16:03:41.781Z"}
{"level":"warn","message":"Invalid contact format (non-string) for record with PIP number EMEA-000639-PIP06-20: [\"Sintetica GmbH\",\"Tel. +41 916404250E-mail: corporate_clinical_rd@sintetica.com\"]","timestamp":"2025-07-25T16:03:41.781Z"}
{"level":"warn","message":"Skipping invalid key in record: ","timestamp":"2025-07-25T16:03:41.817Z"}
{"level":"warn","message":"Invalid contact format (non-string) for record with PIP number EMEA-000347-PIP05-20: [\"Faes Farma S.A.\",\"E-mail: ieguidazu@faes.es\",\"mjarenal@faes.es\",\"Tel. +34 944818300\"]","timestamp":"2025-07-25T16:03:41.817Z"}
{"level":"warn","message":"Skipping invalid key in record: ","timestamp":"2025-07-25T16:03:41.817Z"}
{"level":"warn","message":"Invalid contact format (non-string) for record with PIP number EMEA-002595-PIP01-19: [\"The GARDP Foundation\",\"Tel.: +41 229077623\",\"E-mail: sally.ellis@gardp.org\"]","timestamp":"2025-07-25T16:03:41.817Z"}
{"level":"warn","message":"Skipping invalid key in record: ","timestamp":"2025-07-25T16:03:41.817Z"}
{"level":"warn","message":"Invalid contact format (non-string) for record with PIP number EMEA-002567-PIP01-19: [\"Helsinn Birex Pharmaceuticals limited\",\"Tel.: +41 919852167\",\"E-mail: giuseppina.fusetti@helsinn.com\"]","timestamp":"2025-07-25T16:03:41.817Z"}
{"level":"warn","message":"Skipping invalid key in record: ","timestamp":"2025-07-25T16:03:41.817Z"}
{"level":"warn","message":"Skipping invalid key in record: ","timestamp":"2025-07-25T16:03:41.818Z"}
{"level":"warn","message":"Skipping invalid key in record: ","timestamp":"2025-07-25T16:03:41.818Z"}
{"level":"warn","message":"Invalid contact format (non-string) for record with PIP number EMEA-002511-PIP02-19: [\"ACO Hud Nordic AB\",\"Tel.: +46 732744113\",\"E-mail: tina.holm@perrigo.com\"]","timestamp":"2025-07-25T16:03:41.818Z"}
{"level":"warn","message":"Skipping invalid key in record: ","timestamp":"2025-07-25T16:03:41.818Z"}
{"level":"warn","message":"Invalid contact format (non-string) for record with PIP number EMEA-002364-PIP03-19: [\"DS Biopharma Ltd\",\"Tel.:  +353 12946383\",\"E-mail: dsbiopharma.regulatory@dsbiopharma.com\"]","timestamp":"2025-07-25T16:03:41.818Z"}
{"level":"warn","message":"Skipping invalid key in record: ","timestamp":"2025-07-25T16:03:41.818Z"}
{"level":"warn","message":"Invalid contact format (non-string) for record with PIP number EMEA-001864-PIP02-19: [\"Takeda Pharmaceuticals International AG Ireland Branch\",\"E-mail: medinfoemea@takeda.com\",\"Tel: +44 (0) 3333 000181\"]","timestamp":"2025-07-25T16:03:41.818Z"}
{"level":"warn","message":"Skipping invalid key in record: ","timestamp":"2025-07-25T16:03:41.819Z"}
{"level":"warn","message":"Skipping invalid key in record: ","timestamp":"2025-07-25T16:03:41.819Z"}
{"level":"warn","message":"Invalid contact format (non-string) for record with PIP number EMEA-002725-PIP01-19: [\"Takeda Pharma A/S\",\"Tel.: +353 857446696\",\"E-mail: nbuhl@its.jnj.com\"]","timestamp":"2025-07-25T16:03:41.819Z"}
{"level":"warn","message":"Skipping invalid key in record: ","timestamp":"2025-07-25T16:03:41.819Z"}
{"level":"warn","message":"Invalid contact format (non-string) for record with PIP number EMEA-002468-PIP04-18: [\"GlaxoSmithKline Trading Services Limited\",\"Tel. +1 438-899-8201\",\"E-mail: eu.paediatric-plans@gsk.com\"]","timestamp":"2025-07-25T16:03:41.819Z"}
{"level":"warn","message":"Skipping invalid key in record: ","timestamp":"2025-07-25T16:03:41.819Z"}
{"level":"warn","message":"Invalid contact format (non-string) for record with PIP number EMEA-002030-PIP01-16: [\"Glaxo Group Limited\",\"United Kingdom\",\"Tel. +1 4388998201\",\"E-mail: eu.paediatric-plans@gsk.com\"]","timestamp":"2025-07-25T16:03:41.819Z"}
{"level":"warn","message":"Skipping invalid key in record: ","timestamp":"2025-07-25T16:03:41.819Z"}
{"level":"warn","message":"Invalid contact format (non-string) for record with PIP number EMEA-001175-PIP01-11-M04: [\"Glaxo Group Limited\",\"E-mail: eu.paediatrics-plans@gsk.com\",\"Tel. +1 4388998201\"]","timestamp":"2025-07-25T16:03:41.820Z"}
{"level":"warn","message":"Skipping invalid key in record: ","timestamp":"2025-07-25T16:03:41.820Z"}
{"level":"warn","message":"Invalid contact format (non-string) for record with PIP number EMEA-000069-PIP02-10-M08: [\"GlaxoSmithKline Trading Services\",\"United Kingdom\",\"Tel . +1 4388998201\",\"E-mail: eu.paediatric-plans@gsk.com\"]","timestamp":"2025-07-25T16:03:41.820Z"}
{"level":"warn","message":"Skipping invalid key in record: ","timestamp":"2025-07-25T16:03:41.820Z"}
{"level":"warn","message":"Invalid contact format (non-string) for record with PIP number EMEA-002684-PIP01-19: [\"Agios Pharmaceuticals\",\"Inc.\",\"Tel.  +1 8332288474\",\"E-mail: medinfo@agios.com\"]","timestamp":"2025-07-25T16:03:41.820Z"}
{"level":"warn","message":"Skipping invalid key in record: ","timestamp":"2025-07-25T16:03:41.820Z"}
{"level":"warn","message":"Skipping invalid key in record: ","timestamp":"2025-07-25T16:03:41.820Z"}
{"level":"warn","message":"Skipping invalid key in record: ","timestamp":"2025-07-25T16:03:41.820Z"}
{"level":"warn","message":"Skipping invalid key in record: ","timestamp":"2025-07-25T16:03:41.821Z"}
{"level":"warn","message":"Skipping invalid key in record: ","timestamp":"2025-07-25T16:03:41.821Z"}
{"level":"warn","message":"Skipping invalid key in record: ","timestamp":"2025-07-25T16:03:41.821Z"}
{"level":"warn","message":"Invalid contact format (non-string) for record with PIP number EMEA-000860-PIP01-10-M01: [\"ALK Abelló A/S\",\"Tel. +45 4574 7576\",\"E-mail: alkmrp@alk.net\"]","timestamp":"2025-07-25T16:03:41.821Z"}
{"level":"warn","message":"Skipping invalid key in record: ","timestamp":"2025-07-25T16:03:41.821Z"}
{"level":"warn","message":"Invalid contact format (non-string) for record with PIP number EMEA-000857-PIP01-10-M01: [\"ALK-Abelló A/S\",\"Denmark\",\"Tel. +45 4574 78079\",\"E-mail: alkmrp@alk.net\"]","timestamp":"2025-07-25T16:03:41.821Z"}
{"level":"warn","message":"Skipping invalid key in record: ","timestamp":"2025-07-25T16:03:41.821Z"}
{"level":"warn","message":"Invalid contact format (non-string) for record with PIP number EMEA-000853-PIP01-10-M01: [\"ALK Abelló A/S\",\"Tel. +45 4574 7576\",\"E-mail: alkmrp@alk.net\"]","timestamp":"2025-07-25T16:03:41.821Z"}
{"level":"warn","message":"Skipping invalid key in record: ","timestamp":"2025-07-25T16:03:41.821Z"}
{"level":"warn","message":"Invalid contact format (non-string) for record with PIP number EMEA-000852-PIP01-10-M01: [\"ALK Abelló A/S\",\"Tel. +45 4574 7576\",\"E-mail: alkmrp@alk.net\"]","timestamp":"2025-07-25T16:03:41.821Z"}
{"level":"warn","message":"Skipping invalid key in record: ","timestamp":"2025-07-25T16:03:41.821Z"}
{"level":"warn","message":"Invalid contact format (non-string) for record with PIP number Purified antigen fractions of inactivated split virion Influenza A/Indonesia/5/05 (H5N1): [\"GlaxoSmithKline Biologicals S.A. (UK)\",\"E-mail: eu.paediatric-plans@gsk.com\",\"Tel.: +1 438 899 8201\"]","timestamp":"2025-07-25T16:03:41.821Z"}
{"level":"warn","message":"Skipping invalid key in record: ","timestamp":"2025-07-25T16:03:41.821Z"}
{"level":"warn","message":"Invalid contact format (non-string) for record with PIP number EMEA-001546-PIP01-13: [\"Bayer Pharma AG\",\"Tel. +49 3046 815333\",\"E-mail: pediatrics.medical-affairs-europe@bayer.com\"]","timestamp":"2025-07-25T16:03:41.821Z"}
{"level":"warn","message":"Skipping invalid key in record: ","timestamp":"2025-07-25T16:03:41.821Z"}
{"level":"warn","message":"Invalid contact format (non-string) for record with PIP number EMEA-001877-PIP03-17: [\"Teva GmbH\",\"Tel. +491726277979\",\"E-mail: info.era-clinical@teva.de\"]","timestamp":"2025-07-25T16:03:41.821Z"}
{"level":"warn","message":"Skipping invalid key in record: ","timestamp":"2025-07-25T16:03:41.821Z"}
{"level":"warn","message":"Invalid contact format (non-string) for record with PIP number EMEA-001255-PIP01-11-M03: [\"Navidea Biopharmaceuticals Europe Ltd.\",\"Navidea Biopharmaceuticals Europe Ltd.\",\"Tel: +1 614-973-7560\",\"Mail: safety@navidea.com\"]","timestamp":"2025-07-25T16:03:41.821Z"}
{"level":"warn","message":"Skipping invalid key in record: ","timestamp":"2025-07-25T16:03:41.821Z"}
{"level":"warn","message":"Invalid contact format (non-string) for record with PIP number EMEA-002398-PIP01-18: [\"SFL Pharmaceuticals Deutschland GmbH\",\"Tel: +49 7621 5500 250\",\"E-mail: RA@sfl-services.com\"]","timestamp":"2025-07-25T16:03:41.821Z"}
{"level":"warn","message":"Skipping invalid key in record: ","timestamp":"2025-07-25T16:03:41.822Z"}
{"level":"warn","message":"Invalid contact format (non-string) for record with PIP number EMEA-002218-PIP01-17: [\"Shire Pharmaceuticals Ireland Limited\",\"Tel. +44 (0)8008 38470\",\"E-mail: medinfoeuceemea@shire.com\"]","timestamp":"2025-07-25T16:03:41.822Z"}
{"level":"warn","message":"Skipping invalid key in record: ","timestamp":"2025-07-25T16:03:41.822Z"}
{"level":"warn","message":"Skipping invalid key in record: ","timestamp":"2025-07-25T16:03:41.822Z"}
{"level":"warn","message":"Invalid contact format (non-string) for record with PIP number EMEA-002031-PIP01-16-M03: [\"Novimmune B.V.\",\"Tel. +41 228397141\",\"E-mail: pip@novimmune.com\"]","timestamp":"2025-07-25T16:03:41.822Z"}
{"level":"warn","message":"Skipping invalid key in record: ","timestamp":"2025-07-25T16:03:41.822Z"}
{"level":"info","message":"CSV Headers: Decision number,PIP number,Active substance,Invented name,Therapeutic area,Pharmaceutical forms,Condition / indication,Routes of administration,Decision type,Decision date,Compliance outcome,Compliance opinion date,Compliance procedure number,Contact for public enquiries,First published date,Last updated date,PIP URL,","timestamp":"2025-07-25T16:03:41.822Z"}
{"level":"warn","message":"Skipping invalid key in record: ","timestamp":"2025-07-25T16:03:41.822Z"}
{"level":"warn","message":"Skipping invalid key in record: ","timestamp":"2025-07-25T16:03:41.822Z"}
{"level":"warn","message":"Invalid contact format (non-string) for record with PIP number EMEA-000880-PIP02-11-M04: [\"Sun Pharmaceutical Industries Europe B.V.\",\"E-mail: juliette.omtzigt@sunpharma.com\",\"Tel.  +31 233034307\"]","timestamp":"2025-07-25T16:03:41.822Z"}
{"level":"warn","message":"Skipping invalid key in record: ","timestamp":"2025-07-25T16:03:41.822Z"}
{"level":"warn","message":"Invalid contact format (non-string) for record with PIP number EMEA-002708-PIP01-19: [\"Biohaven Pharmaceuticals\",\"Inc.\",\"E-mail: medinfo@biohavenpharma.com\",\"Tel.: +1 203 404 0410\"]","timestamp":"2025-07-25T16:03:41.822Z"}
{"level":"warn","message":"Skipping invalid key in record: ","timestamp":"2025-07-25T16:03:41.822Z"}
{"level":"warn","message":"Invalid contact format (non-string) for record with PIP number EMEA-002698-PIP01-19: [\"Immutep SAS\",\"E-mail: christian.mueller@immutep.com\",\"Tel.: +49 3088716843\"]","timestamp":"2025-07-25T16:03:41.822Z"}
{"level":"warn","message":"Skipping invalid key in record: ","timestamp":"2025-07-25T16:03:41.822Z"}
{"level":"warn","message":"Invalid contact format (non-string) for record with PIP number EMEA-002696-PIP01-19: [\"Incyte Biosciences Distribution B.V.\",\"E-mail: globalmedinfo@incyte.com\",\"Tel. +800 0002 7423\"]","timestamp":"2025-07-25T16:03:41.822Z"}
{"level":"warn","message":"Skipping invalid key in record: ","timestamp":"2025-07-25T16:03:41.823Z"}
{"level":"warn","message":"Skipping invalid key in record: ","timestamp":"2025-07-25T16:03:41.823Z"}
{"level":"warn","message":"Skipping invalid key in record: ","timestamp":"2025-07-25T16:03:41.823Z"}
{"level":"warn","message":"Invalid contact format (non-string) for record with PIP number EMEA-002690-PIP01-19: [\"Amgen Europe B.V\",\"Tel.: +44 (0)1223 420305\",\"E-mail: medinfointernational@amgen.com\"]","timestamp":"2025-07-25T16:03:41.823Z"}
{"level":"warn","message":"Skipping invalid key in record: ","timestamp":"2025-07-25T16:03:41.823Z"}
{"level":"warn","message":"Invalid contact format (non-string) for record with PIP number EMEA-002687-PIP01-19: [\"Neuroderm Ltd\",\"E-mail: ronitm@neuroderm.com\",\"Tel.: +972 8 9462729\"]","timestamp":"2025-07-25T16:03:41.823Z"}
{"level":"warn","message":"Skipping invalid key in record: ","timestamp":"2025-07-25T16:03:41.823Z"}
{"level":"warn","message":"Skipping invalid key in record: ","timestamp":"2025-07-25T16:03:41.823Z"}
{"level":"warn","message":"Invalid contact format (non-string) for record with PIP number EMEA-002668-PIP01-19: [\"Vertanical GmbH\",\"E-mail: A.Buchner@futrue.com\",\"Tel.: +49 897879790300\"]","timestamp":"2025-07-25T16:03:41.823Z"}
{"level":"warn","message":"Skipping invalid key in record: ","timestamp":"2025-07-25T16:03:41.823Z"}
{"level":"warn","message":"Skipping invalid key in record: ","timestamp":"2025-07-25T16:03:41.823Z"}
{"level":"warn","message":"Invalid contact format (non-string) for record with PIP number EMEA-002259-PIP01-17: [\"IBSA Institut Biochimique SA\",\"Tel. +41 5836 01718\",\"E-mail: giulia.petricca@ibsa.ch\"]","timestamp":"2025-07-25T16:03:41.823Z"}
{"level":"warn","message":"Skipping invalid key in record: ","timestamp":"2025-07-25T16:03:41.823Z"}
{"level":"warn","message":"Invalid contact format (non-string) for record with PIP number EMEA-002572-PIP01-19: [\"Takeda Pharma A/S\",\"Tel. +45 4677 1111\",\"E-mail: paediatrics@tgrd.com\"]","timestamp":"2025-07-25T16:03:41.823Z"}
{"level":"warn","message":"Skipping invalid key in record: ","timestamp":"2025-07-25T16:03:41.823Z"}
{"level":"warn","message":"Invalid contact format (non-string) for record with PIP number EMEA-002562-PIP01-19: [\"Rocket Pharmaceuticals\",\"Inc.\",\"E-mail: mz@rocketpharma.com\",\"Tel.: +1 6465815229\"]","timestamp":"2025-07-25T16:03:41.823Z"}
{"level":"warn","message":"Skipping invalid key in record: ","timestamp":"2025-07-25T16:03:41.823Z"}
{"level":"warn","message":"Invalid contact format (non-string) for record with PIP number EMEA-002552-PIP01-19: [\"Pfizer Europe MA EEIG\",\"Tel. +44 (0)1304 646 607\",\"E-mail: pip_enquiries@pfizer.com\"]","timestamp":"2025-07-25T16:03:41.823Z"}
{"level":"warn","message":"Skipping invalid key in record: ","timestamp":"2025-07-25T16:03:41.823Z"}
{"level":"warn","message":"Invalid contact format (non-string) for record with PIP number EMEA-002526-PIP02-19: [\"Deciphera Pharmaceuticals\",\"E-mail: info@deciphera.com\",\"Tel.: +1 7812096400\"]","timestamp":"2025-07-25T16:03:41.823Z"}
{"level":"warn","message":"Skipping invalid key in record: ","timestamp":"2025-07-25T16:03:41.824Z"}
{"level":"warn","message":"Skipping invalid key in record: ","timestamp":"2025-07-25T16:03:41.824Z"}
{"level":"warn","message":"Invalid contact format (non-string) for record with PIP number EMEA-002430-PIP01-18: [\"Nightstar Europa Limited\",\"E-mail: enquiries@nightstartx.com\",\"Tel.:  +44 1628512604\"]","timestamp":"2025-07-25T16:03:41.824Z"}
{"level":"warn","message":"Skipping invalid key in record: ","timestamp":"2025-07-25T16:03:41.824Z"}
{"level":"warn","message":"Invalid contact format (non-string) for record with PIP number EMEA-002358-PIP03-19: [\"Blueprint Medicines (Netherlands) B.V.\",\"E-mail: medinfo@blueprintmedicines.com\",\"Tel. +31 858880230\"]","timestamp":"2025-07-25T16:03:41.824Z"}
{"level":"warn","message":"Skipping invalid key in record: ","timestamp":"2025-07-25T16:03:41.824Z"}
{"level":"warn","message":"Invalid contact format (non-string) for record with PIP number EMEA-002267-PIP03-19: [\"Merck\",\"Sharp & Dohme (Europe) Inc.\",\"Tel. +33 180464738\",\"E-mail: pip.information@merck.com\"]","timestamp":"2025-07-25T16:03:41.824Z"}
{"level":"warn","message":"Skipping invalid key in record: ","timestamp":"2025-07-25T16:03:41.824Z"}
{"level":"warn","message":"Invalid contact format (non-string) for record with PIP number EMEA-002257-PIP02-19: [\"ELPEN Pharmaceutical Co. Inc\",\"Tel. +30 2106 039326\",\"E-mail: info@elpen.gr\"]","timestamp":"2025-07-25T16:03:41.824Z"}
{"level":"warn","message":"Skipping invalid key in record: ","timestamp":"2025-07-25T16:03:41.824Z"}
{"level":"warn","message":"Invalid contact format (non-string) for record with PIP number EMEA-002152-PIP03-19: [\"Janssen-Cilag International N.V.\",\"E-mail: nreymond@its.jnj.com\",\"Tel.: +31 14641125\"]","timestamp":"2025-07-25T16:03:41.824Z"}
{"level":"warn","message":"Skipping invalid key in record: ","timestamp":"2025-07-25T16:03:41.824Z"}
{"level":"warn","message":"Invalid contact format (non-string) for record with PIP number EMEA-001913-PIP02-18: [\"Gamida Cell Ltd\",\"E-mail: nelly@gamida-cell.com\",\"Tel.: +972 26595570\"]","timestamp":"2025-07-25T16:03:41.825Z"}
{"level":"warn","message":"Skipping invalid key in record: ","timestamp":"2025-07-25T16:03:41.825Z"}
{"level":"warn","message":"Invalid contact format (non-string) for record with PIP number EMEA-001624-PIP02-19: [\"Galderma International S.A.\",\"Tel.: +41 219249046\",\"E-mail: christophe.piketty@galderma.com\"]","timestamp":"2025-07-25T16:03:41.825Z"}
{"level":"warn","message":"Skipping invalid key in record: ","timestamp":"2025-07-25T16:03:41.825Z"}
{"level":"warn","message":"Skipping invalid key in record: ","timestamp":"2025-07-25T16:03:41.825Z"}
{"level":"warn","message":"Invalid contact format (non-string) for record with PIP number EMEA-002164-PIP01-17-M02: [\"Pharnext SA\",\"Tel. +33 1 41 09 22 59\",\"E-mail: sdorn@pharnext.com\"]","timestamp":"2025-07-25T16:03:41.825Z"}
{"level":"warn","message":"Skipping invalid key in record: ","timestamp":"2025-07-25T16:03:41.825Z"}
{"level":"warn","message":"Invalid contact format (non-string) for record with PIP number EMEA-001613-PIP01-14-M04: [\"AstraZeneca AB (Sweden)\",\"Tel.  +46 855326000\",\"E-mail: paediatrics@astrazeneca.com\"]","timestamp":"2025-07-25T16:03:41.825Z"}
{"level":"warn","message":"Skipping invalid key in record: ","timestamp":"2025-07-25T16:03:41.825Z"}
{"level":"warn","message":"Invalid contact format (non-string) for record with PIP number EMEA-001349-PIP01-12-M03: [\"Biogen Idec Ltd\",\"E-mail: pip.enquiries@biogen.com\",\"Tel. +44 (0)1628 501014\"]","timestamp":"2025-07-25T16:03:41.825Z"}
{"level":"warn","message":"Skipping invalid key in record: ","timestamp":"2025-07-25T16:03:41.825Z"}
{"level":"warn","message":"Invalid contact format (non-string) for record with PIP number EMEA-001563-PIP02-15-M01: [\"Savara ApS\",\"E-mail: mette.vinge@savarapharma.com\",\"Tel. +45 2488 5979\"]","timestamp":"2025-07-25T16:03:41.825Z"}
{"level":"warn","message":"Skipping invalid key in record: ","timestamp":"2025-07-25T16:03:41.826Z"}
{"level":"warn","message":"Invalid contact format (non-string) for record with PIP number EMEA-002682-PIP01-19: [\"Crinetics Pharmaceuticals Inc\",\"E-mail: clinicaltrials@crinetics.com\",\"Tel. +1 8338279714\"]","timestamp":"2025-07-25T16:03:41.826Z"}
{"level":"warn","message":"Skipping invalid key in record: ","timestamp":"2025-07-25T16:03:41.826Z"}
{"level":"warn","message":"Invalid contact format (non-string) for record with PIP number EMEA-002679-PIP01-19: [\"SOTIO a.s.\",\"E-mail: clinicaltrial@sotio.com\",\"Tel. +42 0224175498\"]","timestamp":"2025-07-25T16:03:41.826Z"}
{"level":"warn","message":"Skipping invalid key in record: ","timestamp":"2025-07-25T16:03:41.826Z"}
{"level":"warn","message":"Invalid contact format (non-string) for record with PIP number EMEA-002678-PIP01-19: [\"Defence Science and Technology Laboratory\",\"E-mail: centralenquiries@dstl.gov.uk\",\"Tel. +44 1980950000\"]","timestamp":"2025-07-25T16:03:41.826Z"}
{"level":"warn","message":"Skipping invalid key in record: ","timestamp":"2025-07-25T16:03:41.826Z"}
{"level":"warn","message":"Invalid contact format (non-string) for record with PIP number EMEA-002676-PIP01-19: [\"Kowa Pharmaceutical Europe Co. Ltd\",\"Tel. +44 (0)1189229000\",\"E-mail: regulatory@kowa.co.uk\"]","timestamp":"2025-07-25T16:03:41.826Z"}
{"level":"warn","message":"Skipping invalid key in record: ","timestamp":"2025-07-25T16:03:41.826Z"}
{"level":"warn","message":"Invalid contact format (non-string) for record with PIP number EMEA-002672-PIP01-19: [\"Ablative Solutions Inc.\",\"E-mail: taf@ablativesolutions.com\",\"nharatani@ablativesolutions.com\",\"Tel. +1 4084212496\"]","timestamp":"2025-07-25T16:03:41.826Z"}
{"level":"warn","message":"Skipping invalid key in record: ","timestamp":"2025-07-25T16:03:41.826Z"}
{"level":"warn","message":"Invalid contact format (non-string) for record with PIP number EMEA-002658-PIP01-19: [\"Aura Biosciences Inc.\",\"E-mail: paediatrics@aurabiosciences.com\",\"Tel. +1 6175008864\"]","timestamp":"2025-07-25T16:03:41.826Z"}
{"level":"warn","message":"Skipping invalid key in record: ","timestamp":"2025-07-25T16:03:41.826Z"}
{"level":"warn","message":"Invalid contact format (non-string) for record with PIP number EMEA-002657-PIP01-19: [\"Blue Earth Diagnostics Ltd\",\"E-mail: contact@blueearthdx.com\",\"Tel. +44 1865784186\"]","timestamp":"2025-07-25T16:03:41.826Z"}
{"level":"warn","message":"Skipping invalid key in record: ","timestamp":"2025-07-25T16:03:41.826Z"}
{"level":"warn","message":"Invalid contact format (non-string) for record with PIP number EMEA-002654-PIP02-19: [\"Johnson and Johnson\",\"E-mail: rokeeff2@its.jnj.com\",\"Tel: +1 628827192\"]","timestamp":"2025-07-25T16:03:41.826Z"}
{"level":"warn","message":"Skipping invalid key in record: ","timestamp":"2025-07-25T16:03:41.826Z"}
{"level":"warn","message":"Invalid contact format (non-string) for record with PIP number EMEA-002650-PIP01-19: [\"Janssen-Cilag International N.V.\",\"E-mail: nbuhl@its.jnj.com\",\"Tel. +353 8574 46696\"]","timestamp":"2025-07-25T16:03:41.826Z"}
{"level":"warn","message":"Skipping invalid key in record: ","timestamp":"2025-07-25T16:03:41.827Z"}
{"level":"warn","message":"Skipping invalid key in record: ","timestamp":"2025-07-25T16:03:41.827Z"}
{"level":"warn","message":"Invalid contact format (non-string) for record with PIP number EMEA-002647-PIP01-19: [\"Taiho Pharma Europe Ltd.\",\"Tel. +1 609 250 7336\",\"E-mail: clinicaltrialinfo@taihooncology.com\"]","timestamp":"2025-07-25T16:03:41.827Z"}
{"level":"warn","message":"Skipping invalid key in record: ","timestamp":"2025-07-25T16:03:41.827Z"}
{"level":"warn","message":"Invalid contact format (non-string) for record with PIP number EMEA-002646-PIP01-19: [\"Abbott Laboratories Limited\",\"Tel.  +44 1628644132\",\"E-mail: abbott-EPD-GRA@abbott.com\"]","timestamp":"2025-07-25T16:03:41.827Z"}
{"level":"warn","message":"Skipping invalid key in record: ","timestamp":"2025-07-25T16:03:41.827Z"}
{"level":"warn","message":"Invalid contact format (non-string) for record with PIP number EMEA-002645-PIP01-19: [\"Immunomedics GmbH\",\"Tel. +1 8622603582\",\"E-mail: dwhiteley@immunomedics.com\"]","timestamp":"2025-07-25T16:03:41.827Z"}
{"level":"warn","message":"Skipping invalid key in record: ","timestamp":"2025-07-25T16:03:41.827Z"}
{"level":"warn","message":"Invalid contact format (non-string) for record with PIP number EMEA-002636-PIP01-19: [\"Celgene Europe B.V.\",\"Tel. +41 327298500\",\"E-mail: medinfo.emea@celgene.com\"]","timestamp":"2025-07-25T16:03:41.827Z"}
{"level":"info","message":"CSV Headers: Decision number,PIP number,Active substance,Invented name,Therapeutic area,Pharmaceutical forms,Condition / indication,Routes of administration,Decision type,Decision date,Compliance outcome,Compliance opinion date,Compliance procedure number,Contact for public enquiries,First published date,Last updated date,PIP URL,","timestamp":"2025-07-25T16:03:41.827Z"}
{"level":"warn","message":"Skipping invalid key in record: ","timestamp":"2025-07-25T16:03:41.827Z"}
{"level":"warn","message":"Invalid contact format (non-string) for record with PIP number EMEA-002606-PIP02-19: [\"Amgen Europe B.V\",\"Tel.: +44 (0)1223 420305\",\"E-mail: medinfointernational@amgen.com\"]","timestamp":"2025-07-25T16:03:41.827Z"}
{"level":"warn","message":"Skipping invalid key in record: ","timestamp":"2025-07-25T16:03:41.827Z"}
{"level":"warn","message":"Invalid contact format (non-string) for record with PIP number EMEA-002568-PIP01-19: [\"Bond Avillion 2 Development LP\",\"Tel. +44 2037649536\",\"E-mail: alun@avillionllp.com\"]","timestamp":"2025-07-25T16:03:41.827Z"}
{"level":"warn","message":"Skipping invalid key in record: ","timestamp":"2025-07-25T16:03:41.827Z"}
{"level":"warn","message":"Invalid contact format (non-string) for record with PIP number EMEA-002500-PIP01-18: [\"Calliditas Therapeutics AB\",\"Tel. +46 703119960\",\"E-mail: mikael.widell@calliditas.com\"]","timestamp":"2025-07-25T16:03:41.827Z"}
{"level":"warn","message":"Skipping invalid key in record: ","timestamp":"2025-07-25T16:03:41.828Z"}
{"level":"warn","message":"Invalid contact format (non-string) for record with PIP number EMEA-002484-PIP01-18: [\"GB001\",\"Inc.\",\"Tel. +1 8586841327\",\"E-mail: jspinella@gossamerbio.com\"]","timestamp":"2025-07-25T16:03:41.828Z"}
{"level":"warn","message":"Skipping invalid key in record: ","timestamp":"2025-07-25T16:03:41.828Z"}
{"level":"warn","message":"Skipping invalid key in record: ","timestamp":"2025-07-25T16:03:41.828Z"}
{"level":"warn","message":"Invalid contact format (non-string) for record with PIP number EMEA-001266-PIP04-19: [\"AB Science\",\"France\",\"a.moussy@ab-science.com\",\"+33 147200014\",\"+33 147202411\"]","timestamp":"2025-07-25T16:03:41.828Z"}
{"level":"warn","message":"Skipping invalid key in record: ","timestamp":"2025-07-25T16:03:41.828Z"}
{"level":"warn","message":"Skipping invalid key in record: ","timestamp":"2025-07-25T16:03:41.828Z"}
{"level":"warn","message":"Invalid contact format (non-string) for record with PIP number EMEA-000639-PIP05-19: [\"Sintetica GmbH\",\"Tel. +41 916404250E-mail: corporate_clinical_rd@sintetica.com\"]","timestamp":"2025-07-25T16:03:41.828Z"}
{"level":"warn","message":"Skipping invalid key in record: ","timestamp":"2025-07-25T16:03:41.828Z"}
{"level":"warn","message":"Invalid contact format (non-string) for record with PIP number EMEA-000639-PIP04-19: [\"Sintetica GmbH\",\"Tel. +41 916404250E-mail: corporate_clinical_rd@sintetica.com\"]","timestamp":"2025-07-25T16:03:41.828Z"}
{"level":"warn","message":"Skipping invalid key in record: ","timestamp":"2025-07-25T16:03:41.828Z"}
{"level":"warn","message":"Skipping invalid key in record: ","timestamp":"2025-07-25T16:03:41.828Z"}
{"level":"warn","message":"Skipping invalid key in record: ","timestamp":"2025-07-25T16:03:41.828Z"}
{"level":"warn","message":"Invalid contact format (non-string) for record with PIP number EMEA-002649-PIP01-19: [\"ELPEN Pharmaceutical Co. Inc\",\"E-mail: info@elpen.gr\",\"Tel. +30 2106039326\"]","timestamp":"2025-07-25T16:03:41.828Z"}
{"level":"warn","message":"Skipping invalid key in record: ","timestamp":"2025-07-25T16:03:41.829Z"}
{"level":"warn","message":"Invalid contact format (non-string) for record with PIP number EMEA-002633-PIP01-19: [\"Mirati Therapeutics\",\"Inc.\",\"E-mail: cheni@mirati.com\",\"Tel.  +1 8583323428\"]","timestamp":"2025-07-25T16:03:41.829Z"}
{"level":"warn","message":"Skipping invalid key in record: ","timestamp":"2025-07-25T16:03:41.829Z"}
{"level":"warn","message":"Invalid contact format (non-string) for record with PIP number EMEA-002629-PIP01-19: [\"Ipsen Pharma\",\"E-mail: caroline.pallardy@ipsen.com\",\"Tel. +33 671197553\"]","timestamp":"2025-07-25T16:03:41.829Z"}
{"level":"warn","message":"Skipping record with missing or invalid Active substance: {\"Decision number\":\"P/0392/2019\",\"PIP number\":\"EMEA-002629-PIP01-19\",\"Active substance\":null,\"Invented name\":null,\"Therapeutic area\":\"Oncology\",\"Pharmaceutical forms\":\"Solution for infusion\",\"Condition / indication\":[\"Treatment of breast cancer\",\"Treatment of lung cancer\",\"Treatment of neuroendocrine tumours (excluding neuroblastoma)\"],\"Routes of administration\":\"Intravenous use\",\"Decision type\":\"W: decision granting a waiver in all age groups for all conditions or indications\",\"Decision date\":\"2019-12-04T00:00:00.000Z\",\"Compliance outcome\":null,\"Compliance opinion date\":null,\"Compliance procedure number\":null,\"Contact for public enquiries\":{\"company\":null,\"email\":null,\"phone\":null},\"First published date\":\"2020-04-06T00:00:00.000Z\",\"Last updated date\":null,\"PIP URL\":\"https://www.ema.europa.eu/en/medicines/human/paediatric-investigation-plans/emea-002629-pip01-19\"}","timestamp":"2025-07-25T16:03:41.829Z"}
{"level":"warn","message":"Skipping invalid key in record: ","timestamp":"2025-07-25T16:03:41.829Z"}
{"level":"warn","message":"Invalid contact format (non-string) for record with PIP number EMEA-002632-PIP01-19: [\"Ipsen Pharma\",\"E-mail: caroline.pallardy@ipsen.com\",\"Tel. +33 671197553\"]","timestamp":"2025-07-25T16:03:41.829Z"}
{"level":"warn","message":"Skipping invalid key in record: ","timestamp":"2025-07-25T16:03:41.829Z"}
{"level":"warn","message":"Invalid contact format (non-string) for record with PIP number EMEA-002627-PIP01-19: [\"AstraZeneca AB\",\"E-mail: paediatrics@astrazeneca.com\"]","timestamp":"2025-07-25T16:03:41.829Z"}
{"level":"warn","message":"Skipping invalid key in record: ","timestamp":"2025-07-25T16:03:41.829Z"}
{"level":"warn","message":"Invalid contact format (non-string) for record with PIP number EMEA-002626-PIP01-19: [\"Lead Chemical Co. Ltd\",\"E-mail: a-numa@lead-chemical.co.jp\",\"Tel.  +81 764645710\"]","timestamp":"2025-07-25T16:03:41.829Z"}
{"level":"warn","message":"Skipping invalid key in record: ","timestamp":"2025-07-25T16:03:41.829Z"}
{"level":"warn","message":"Invalid contact format (non-string) for record with PIP number EMEA-002622-PIP01-19: [\"Advanced Nuclear Medicine Ingredients (ANMI)\",\"E-mail: fbruyere@anmi.be\",\"Tel. +32 43663701\"]","timestamp":"2025-07-25T16:03:41.829Z"}
{"level":"warn","message":"Skipping invalid key in record: ","timestamp":"2025-07-25T16:03:41.829Z"}
{"level":"warn","message":"Invalid contact format (non-string) for record with PIP number EMEA-002615-PIP01-19: [\"Janssen-Cilag International N.V.\",\"E-mail: nbuhl@its.jnj.com\",\"Tel. +353 8574 46696\"]","timestamp":"2025-07-25T16:03:41.829Z"}
{"level":"warn","message":"Skipping invalid key in record: ","timestamp":"2025-07-25T16:03:41.829Z"}
{"level":"warn","message":"Invalid contact format (non-string) for record with PIP number EMEA-002587-PIP01-19: [\"Verastem\",\"Inc.\",\"E-mail: va@eraconsulting.com\",\"Tel. +49 516198900\"]","timestamp":"2025-07-25T16:03:41.830Z"}
{"level":"warn","message":"Skipping invalid key in record: ","timestamp":"2025-07-25T16:03:41.830Z"}
{"level":"warn","message":"Invalid contact format (non-string) for record with PIP number EMEA-002580-PIP01-19: [\"Win Medica S.A.\",\"E-mail: info@winmedica.gr\",\"Tel. +30 2107488821\"]","timestamp":"2025-07-25T16:03:41.830Z"}
{"level":"warn","message":"Skipping invalid key in record: ","timestamp":"2025-07-25T16:03:41.830Z"}
{"level":"warn","message":"Invalid contact format (non-string) for record with PIP number EMEA-002452-PIP01-18: [\"Celgene Europe B.V.\",\"Tel. +41 327298500\",\"E-mail: medinfo.emea@celgene.com\"]","timestamp":"2025-07-25T16:03:41.830Z"}
{"level":"warn","message":"Skipping invalid key in record: ","timestamp":"2025-07-25T16:03:41.830Z"}
{"level":"warn","message":"Skipping record with missing or invalid Active substance: {\"Decision number\":\"P/0420/2019\",\"PIP number\":\"EMEA-002391-PIP02-19\",\"Active substance\":null,\"Invented name\":null,\"Therapeutic area\":\"Infectious diseases\",\"Pharmaceutical forms\":\"Concentrate for solution for infusion\",\"Condition / indication\":\"Treatment of acute bacterial skin and skin structure infections\",\"Routes of administration\":\"Intravenous use\",\"Decision type\":\"P: decision agreeing on a investigation plan, with or without partial waiver(s) and or deferral(s)\",\"Decision date\":\"2019-12-04T00:00:00.000Z\",\"Compliance outcome\":null,\"Compliance opinion date\":null,\"Compliance procedure number\":null,\"Contact for public enquiries\":null,\"First published date\":\"2020-04-03T00:00:00.000Z\",\"Last updated date\":null,\"PIP URL\":\"https://www.ema.europa.eu/en/medicines/human/paediatric-investigation-plans/emea-002391-pip02-19\"}","timestamp":"2025-07-25T16:03:41.830Z"}
{"level":"warn","message":"Skipping invalid key in record: ","timestamp":"2025-07-25T16:03:41.830Z"}
{"level":"warn","message":"Invalid contact format (non-string) for record with PIP number EMEA-002402-PIP02-18: [\"ACE Pharmaceuticals B.V.\",\"Tel. +31 365227201\",\"E-mail: ace@ace-pharm.nl\"]","timestamp":"2025-07-25T16:03:41.830Z"}
{"level":"warn","message":"Skipping invalid key in record: ","timestamp":"2025-07-25T16:03:41.830Z"}
{"level":"warn","message":"Skipping invalid key in record: ","timestamp":"2025-07-25T16:03:41.830Z"}
{"level":"warn","message":"Skipping invalid key in record: ","timestamp":"2025-07-25T16:03:41.830Z"}
{"level":"warn","message":"Invalid contact format (non-string) for record with PIP number EMEA-002178-PIP01-17-M01: [\"Incyte Biosciences Distribution B.V.\",\"E-mail: globalmedinfo@incyte.com\",\"Tel. +800 0002 7423\"]","timestamp":"2025-07-25T16:03:41.830Z"}
{"level":"warn","message":"Skipping invalid key in record: ","timestamp":"2025-07-25T16:03:41.830Z"}
{"level":"warn","message":"Invalid contact format (non-string) for record with PIP number EMEA-001066-PIP02-11-M03: [\"Vectans Pharma\",\"Tel. +33 631268926\",\"E-mail: christiane.bober@vectans.com\"]","timestamp":"2025-07-25T16:03:41.831Z"}
{"level":"warn","message":"Skipping invalid key in record: ","timestamp":"2025-07-25T16:03:41.831Z"}
{"level":"warn","message":"Invalid contact format (non-string) for record with PIP number EMEA-001976-PIP02-18: [\"AstraZeneca AB\",\"E-mail: paediatrics@astrazeneca.com\",\"Tel.  +46 855326000\"]","timestamp":"2025-07-25T16:03:41.831Z"}
{"level":"warn","message":"Skipping invalid key in record: ","timestamp":"2025-07-25T16:03:41.831Z"}
{"level":"warn","message":"Invalid contact format (non-string) for record with PIP number EMEA-001862-PIP02-19: [\"Kite Pharma EU B.V.\",\"Tel. +1 4242091332\",\"E-mail: regulatory@kitepharma.com\"]","timestamp":"2025-07-25T16:03:41.831Z"}
{"level":"warn","message":"Skipping invalid key in record: ","timestamp":"2025-07-25T16:03:41.831Z"}
{"level":"warn","message":"Invalid contact format (non-string) for record with PIP number EMEA-001518-PIP03-19: [\"Cancer Prevention Pharma (Ireland) Limited\",\"E-mail: cbrannen@canprevent.com\",\"Tel.  +1 5209087774\"]","timestamp":"2025-07-25T16:03:41.831Z"}
{"level":"warn","message":"Skipping invalid key in record: ","timestamp":"2025-07-25T16:03:41.831Z"}
{"level":"warn","message":"Invalid contact format (non-string) for record with PIP number EMEA-001894-PIP01-15-M01: [\"Seqirus GmbH\",\"Tel. +39 3462545935\",\"E-mail: dalila.dolfi@seqirus.com\"]","timestamp":"2025-07-25T16:03:41.831Z"}
{"level":"warn","message":"Skipping invalid key in record: ","timestamp":"2025-07-25T16:03:41.832Z"}
{"level":"warn","message":"Skipping invalid key in record: ","timestamp":"2025-07-25T16:03:41.832Z"}
{"level":"warn","message":"Invalid contact format (non-string) for record with PIP number EMEA-000434-PIP01-08-M09: [\"Glaxo Group Limited\",\"Tel. +1 4388998201\",\"E-mail: eu.paediatric-plans@gsk.com\"]","timestamp":"2025-07-25T16:03:41.832Z"}
{"level":"warn","message":"Skipping invalid key in record: ","timestamp":"2025-07-25T16:03:41.832Z"}
{"level":"warn","message":"Skipping invalid key in record: ","timestamp":"2025-07-25T16:03:41.832Z"}
{"level":"warn","message":"Invalid contact format (non-string) for record with PIP number EMEA-002027-PIP02-17-M01: [\"Adimmune Corporation (Taiwan)\",\"Tel.: +886 425381220 ext.1809\",\"E-mail: wendy_tsen@adimmune.com.tw\"]","timestamp":"2025-07-25T16:03:41.832Z"}
{"level":"warn","message":"Skipping invalid key in record: ","timestamp":"2025-07-25T16:03:41.832Z"}
{"level":"warn","message":"Invalid contact format (non-string) for record with PIP number EMEA-001866-PIP01-15-M04: [\"Mandos\",\"LLC\",\"Tel. (323)747-7472\",\"E-mail: support@mandoshealth.com\"]","timestamp":"2025-07-25T16:03:41.832Z"}
{"level":"warn","message":"Skipping invalid key in record: ","timestamp":"2025-07-25T16:03:41.832Z"}
{"level":"warn","message":"Invalid contact format (non-string) for record with PIP number EMEA-000139-PIP01-07-M03: [\"GSK Vaccines S.r.l.\",\"Tel. +1 438 899 8201\",\"Email: eu.paediatric-plans@gsk.com\"]","timestamp":"2025-07-25T16:03:41.832Z"}
{"level":"warn","message":"Skipping invalid key in record: ","timestamp":"2025-07-25T16:03:41.832Z"}
{"level":"warn","message":"Invalid contact format (non-string) for record with PIP number EMEA-002608-PIP01-19: [\"Curium Netherlands B.V.\",\"E-mail: regulatory.cyclopharma@curiumpharma.com\",\"Tel. +33 473632713\"]","timestamp":"2025-07-25T16:03:41.832Z"}
{"level":"warn","message":"Skipping invalid key in record: ","timestamp":"2025-07-25T16:03:41.832Z"}
{"level":"warn","message":"Invalid contact format (non-string) for record with PIP number EMEA-002585-PIP01-19: [\"Janssen-Cilag International N.V\",\"Tel.: +353 857446696\",\"E-mail: nbuhl@ITS.JNJ.com\"]","timestamp":"2025-07-25T16:03:41.832Z"}
{"level":"warn","message":"Skipping invalid key in record: ","timestamp":"2025-07-25T16:03:41.832Z"}
{"level":"warn","message":"Skipping record with missing or invalid Active substance: {\"Decision number\":\"P/0355/2019\",\"PIP number\":\"EMEA-002583-PIP01-19\",\"Active substance\":null,\"Invented name\":null,\"Therapeutic area\":\"Ophthalmology\",\"Pharmaceutical forms\":null,\"Condition / indication\":[\"Treatment of glaucoma\",\"Treatment of ocular hypertension\"],\"Routes of administration\":\"Ocular use\",\"Decision type\":\"W: decision granting a waiver in all age groups for all conditions or indications\",\"Decision date\":\"2019-10-04T00:00:00.000Z\",\"Compliance outcome\":null,\"Compliance opinion date\":null,\"Compliance procedure number\":null,\"Contact for public enquiries\":null,\"First published date\":\"2020-03-25T00:00:00.000Z\",\"Last updated date\":null,\"PIP URL\":\"https://www.ema.europa.eu/en/medicines/human/paediatric-investigation-plans/emea-002583-pip01-19\"}","timestamp":"2025-07-25T16:03:41.833Z"}
{"level":"warn","message":"Skipping invalid key in record: ","timestamp":"2025-07-25T16:03:41.833Z"}
{"level":"warn","message":"Invalid contact format (non-string) for record with PIP number EMEA-002564-PIP01-19: [\"Emalex Biosciences\",\"Inc.\",\"E-mail: fda_emalex@emalexbiosciences.com\",\"Tel. +1 3127773741\"]","timestamp":"2025-07-25T16:03:41.833Z"}
{"level":"warn","message":"Skipping invalid key in record: ","timestamp":"2025-07-25T16:03:41.833Z"}
{"level":"warn","message":"Invalid contact format (non-string) for record with PIP number EMEA-002628-PIP01-19: [\"Allergan Pharmaceuticals International Limited\",\"E-mail: ml-eu_reg_affairs@allergan.com\",\"Tel. +44 (0)1628 4944444\"]","timestamp":"2025-07-25T16:03:41.833Z"}
{"level":"warn","message":"Skipping invalid key in record: ","timestamp":"2025-07-25T16:03:41.833Z"}
{"level":"warn","message":"Invalid contact format (non-string) for record with PIP number EMEA-002424-PIP02-19: [\"Eisai Ltd\",\"E-mail: lmedInfo@eisai.net\",\"Tel. +44 2086001400\"]","timestamp":"2025-07-25T16:03:41.833Z"}
{"level":"info","message":"CSV Headers: Decision number,PIP number,Active substance,Invented name,Therapeutic area,Pharmaceutical forms,Condition / indication,Routes of administration,Decision type,Decision date,Compliance outcome,Compliance opinion date,Compliance procedure number,Contact for public enquiries,First published date,Last updated date,PIP URL,","timestamp":"2025-07-25T16:03:41.833Z"}
{"level":"warn","message":"Skipping invalid key in record: ","timestamp":"2025-07-25T16:03:41.833Z"}
{"level":"warn","message":"Skipping invalid key in record: ","timestamp":"2025-07-25T16:03:41.833Z"}
{"level":"warn","message":"Invalid contact format (non-string) for record with PIP number EMEA-002594-PIP01-19: [\"QED Therapeutics\",\"Tel. +1 6502314088\",\"E-mail: susan.moran@qedtx.com\"]","timestamp":"2025-07-25T16:03:41.833Z"}
{"level":"warn","message":"Skipping invalid key in record: ","timestamp":"2025-07-25T16:03:41.833Z"}
{"level":"warn","message":"Invalid contact format (non-string) for record with PIP number EMEA-002598-PIP01-19: [\"FGK Representative Service GmbH\",\"E-mail: info@nymox.com\",\"Tel. +1 8009369669\"]","timestamp":"2025-07-25T16:03:41.833Z"}
{"level":"warn","message":"Skipping invalid key in record: ","timestamp":"2025-07-25T16:03:41.833Z"}
{"level":"warn","message":"Invalid contact format (non-string) for record with PIP number EMEA-002593-PIP01-19: [\"Menarini Ricerche S.p.A.\",\"E-mail: prijli@menarini.it\",\"Tel. + 39 0555680633\"]","timestamp":"2025-07-25T16:03:41.833Z"}
{"level":"warn","message":"Skipping invalid key in record: ","timestamp":"2025-07-25T16:03:41.834Z"}
{"level":"warn","message":"Invalid contact format (non-string) for record with PIP number EMEA-002570-PIP01-19: [\"Emergent Netherlands B.V.\",\"Tel.: +1 2406313200\",\"E-mail: productinquiries@ebsi.com\"]","timestamp":"2025-07-25T16:03:41.834Z"}
{"level":"warn","message":"Skipping invalid key in record: ","timestamp":"2025-07-25T16:03:41.834Z"}
{"level":"warn","message":"Invalid contact format (non-string) for record with PIP number EMEA-001931-PIP02-19: [\"Biotest AG\",\"Tel. + 49 6103 801497E-mail: clinical.trials@biotest.com\"]","timestamp":"2025-07-25T16:03:41.834Z"}
{"level":"warn","message":"Skipping invalid key in record: ","timestamp":"2025-07-25T16:03:41.834Z"}
{"level":"warn","message":"Invalid contact format (non-string) for record with PIP number EMEA-002569-PIP04-19: [\"EGIS Pharmaceuticals PLC\",\"Tel. +36 18032414\",\"E-mail: registry@registry.hu\"]","timestamp":"2025-07-25T16:03:41.834Z"}
{"level":"warn","message":"Skipping invalid key in record: ","timestamp":"2025-07-25T16:03:41.834Z"}
{"level":"warn","message":"Invalid contact format (non-string) for record with PIP number EMEA-002569-PIP04-19: [\"EGIS Pharmaceuticals PLC\",\"Tel. +36 18032414\",\"E-mail: registry@registry.hu\"]","timestamp":"2025-07-25T16:03:41.834Z"}
{"level":"warn","message":"Skipping invalid key in record: ","timestamp":"2025-07-25T16:03:41.834Z"}
{"level":"warn","message":"Skipping invalid key in record: ","timestamp":"2025-07-25T16:03:41.834Z"}
{"level":"warn","message":"Invalid contact format (non-string) for record with PIP number EMEA-002157-PIP01-17: [\"VBI Vaccines Inc.\",\"Tel. +1 6137494200 ext.151\",\"E-mail: byassin-rajkumar@vbivaccines.com\"]","timestamp":"2025-07-25T16:03:41.834Z"}
{"level":"warn","message":"Skipping invalid key in record: ","timestamp":"2025-07-25T16:03:41.834Z"}
{"level":"warn","message":"Invalid contact format (non-string) for record with PIP number EMEA-001883-PIP03-17: [\"Halozyme Inc.\",\"Tel. +1 8448554256\",\"E-mail: medinfo@halozyme.com\"]","timestamp":"2025-07-25T16:03:41.834Z"}
{"level":"warn","message":"Skipping invalid key in record: ","timestamp":"2025-07-25T16:03:41.834Z"}
{"level":"warn","message":"Invalid contact format (non-string) for record with PIP number EMEA-002036-PIP01-16: [\"Retrophin Europe Limited\",\"Tel. +1 7602608600\",\"E-mail: info@retrophin.com\"]","timestamp":"2025-07-25T16:03:41.834Z"}
{"level":"warn","message":"Skipping invalid key in record: ","timestamp":"2025-07-25T16:03:41.834Z"}
{"level":"warn","message":"Invalid contact format (non-string) for record with PIP number EMEA-001492-PIP02-18: [\"Premier Research Group SLU\",\"Tel. +61 386147707\",\"E-mail: Niall.Morrissey@maynepharma.com\"]","timestamp":"2025-07-25T16:03:41.835Z"}
{"level":"warn","message":"Skipping invalid key in record: ","timestamp":"2025-07-25T16:03:41.835Z"}
{"level":"warn","message":"Invalid contact format (non-string) for record with PIP number EMEA-002547-PIP01-19: [\"Regulis Consulting Europe Ltd\",\"E-mail: regulatory@regulis.com\",\"Tel. +44(0) 1442 890909\"]","timestamp":"2025-07-25T16:03:41.835Z"}
{"level":"warn","message":"Skipping invalid key in record: ","timestamp":"2025-07-25T16:03:41.835Z"}
{"level":"warn","message":"Invalid contact format (non-string) for record with PIP number EMEA-002540-PIP01-18: [\"Kyowa Kirin Limited\",\"E-mail: kkd.6002@kyowakirin.com\",\"Tel. +1 6099 191100\"]","timestamp":"2025-07-25T16:03:41.835Z"}
{"level":"warn","message":"Skipping invalid key in record: ","timestamp":"2025-07-25T16:03:41.835Z"}
{"level":"warn","message":"Invalid contact format (non-string) for record with PIP number EMEA-002521-PIP01-18: [\"Allergan Pharmaceuticals International Limited\",\"E-mail: ml-eu_reg_affairs@allergan.com\",\"Tel. +44 (0)1628 4944444\"]","timestamp":"2025-07-25T16:03:41.835Z"}
{"level":"warn","message":"Skipping invalid key in record: ","timestamp":"2025-07-25T16:03:41.835Z"}
{"level":"warn","message":"Invalid contact format (non-string) for record with PIP number EMEA-001722-PIP01-14-M02: [\"Sarepta Therapeutics Ireland Limited\",\"E-mail: ekelly@sarepta.com\",\"Tel. +353 868792759\"]","timestamp":"2025-07-25T16:03:41.835Z"}
{"level":"warn","message":"Skipping invalid key in record: ","timestamp":"2025-07-25T16:03:41.835Z"}
{"level":"warn","message":"Invalid contact format (non-string) for record with PIP number EMEA-001858-PIP02-16-M03: [\"Jazz Pharmaceuticals Ireland Limited\",\"E-mail: michael.chiarella@jazzpharma.com\",\"Tel. +1 6092436211\"]","timestamp":"2025-07-25T16:03:41.835Z"}
{"level":"warn","message":"Skipping invalid key in record: ","timestamp":"2025-07-25T16:03:41.836Z"}
{"level":"warn","message":"Invalid contact format (non-string) for record with PIP number EMEA-002499-PIP02-19: [\"Incyte Biosciences Distribution B.V.\",\"E-mail: globalmedinfo@incyte.com\",\"Tel. +800 0002 7423\"]","timestamp":"2025-07-25T16:03:41.836Z"}
{"level":"warn","message":"Skipping invalid key in record: ","timestamp":"2025-07-25T16:03:41.836Z"}
{"level":"warn","message":"Invalid contact format (non-string) for record with PIP number EMEA-002491-PIP02-19: [\"Sun Pharmaceutical Industries Europe BV\",\"E-mail: juliette.omtzigt@sunpharma.com\",\"Tel. +31 2356 85502\"]","timestamp":"2025-07-25T16:03:41.836Z"}
{"level":"warn","message":"Skipping invalid key in record: ","timestamp":"2025-07-25T16:03:41.836Z"}
{"level":"warn","message":"Invalid contact format (non-string) for record with PIP number EMEA-002577-PIP01-19: [\"Endocyte\",\"Inc.\",\"E-mail: cjordan@endocyte.com\",\"Tel. +1 7654 637175\"]","timestamp":"2025-07-25T16:03:41.836Z"}
{"level":"warn","message":"Skipping invalid key in record: ","timestamp":"2025-07-25T16:03:41.836Z"}
{"level":"warn","message":"Invalid contact format (non-string) for record with PIP number EMEA-002573-PIP01-19: [\"Janssen-Cilag International NV\",\"Ireland\",\"Tel. +353 857446696\",\"E-mail: nbuhl@its.jnj.com\"]","timestamp":"2025-07-25T16:03:41.836Z"}
{"level":"warn","message":"Skipping invalid key in record: ","timestamp":"2025-07-25T16:03:41.836Z"}
{"level":"warn","message":"Invalid contact format (non-string) for record with PIP number EMEA-002428-PIP02-18: [\"Myovant Sciences Ireland Limited\",\"Tel.+1 6502380250\",\"E-mail: PIPrelugolix@myovant.com\"]","timestamp":"2025-07-25T16:03:41.836Z"}
{"level":"warn","message":"Skipping invalid key in record: ","timestamp":"2025-07-25T16:03:41.837Z"}
{"level":"warn","message":"Invalid contact format (non-string) for record with PIP number EMEA-001437-PIP02-19: [\"Laboratorios Litaphar S.L.\",\"E-mail: eencinas@dynakin.com\",\"Tel. +34 9440 45504\"]","timestamp":"2025-07-25T16:03:41.837Z"}
{"level":"warn","message":"Skipping invalid key in record: ","timestamp":"2025-07-25T16:03:41.837Z"}
{"level":"warn","message":"Skipping invalid key in record: ","timestamp":"2025-07-25T16:03:41.837Z"}
{"level":"warn","message":"Invalid contact format (non-string) for record with PIP number EMEA-001509-PIP01-13-M02: [\"Incline Therapeutics Europe Ltd\",\"Tel. +1 973 290 6000\",\"E-mail: medical.information@themedco.com\"]","timestamp":"2025-07-25T16:03:41.837Z"}
{"level":"warn","message":"Skipping invalid key in record: ","timestamp":"2025-07-25T16:03:41.837Z"}
{"level":"warn","message":"Invalid contact format (non-string) for record with PIP number EMEA-000815-PIP01-09-M01: [\"Allergy Therapeutics (UK) Ltd\",\"Tel. +44(0)1903 844 700\",\"E-mail: infoservices@allergytherapeutics.com\"]","timestamp":"2025-07-25T16:03:41.837Z"}
{"level":"warn","message":"Skipping invalid key in record: ","timestamp":"2025-07-25T16:03:41.837Z"}
{"level":"warn","message":"Invalid contact format (non-string) for record with PIP number EMEA-000808-PIP01-09-M01: [\"Allergy Therapeutics (UK) Ltd\",\"Tel. +44(0)1903 844 700\",\"E-mail: infoservices@allergytherapeutics.com\"]","timestamp":"2025-07-25T16:03:41.837Z"}
{"level":"warn","message":"Skipping invalid key in record: ","timestamp":"2025-07-25T16:03:41.837Z"}
{"level":"warn","message":"Invalid contact format (non-string) for record with PIP number EMEA-002560-PIP01-19: [\"Neopharmed Gentili S.r.l\",\"Tel. +39 06 77209020\",\"E-mail: direnzo@direnzo.biz\"]","timestamp":"2025-07-25T16:03:41.837Z"}
{"level":"warn","message":"Skipping invalid key in record: ","timestamp":"2025-07-25T16:03:41.837Z"}
{"level":"warn","message":"Invalid contact format (non-string) for record with PIP number EMEA-002575-PIP01-19: [\"Blueprint Medicines (Netherlands) B.V.\",\"E-mail: medinfo@blueprintmedicines.com\",\"Tel. +31 858880230\"]","timestamp":"2025-07-25T16:03:41.838Z"}
{"level":"warn","message":"Skipping invalid key in record: ","timestamp":"2025-07-25T16:03:41.838Z"}
{"level":"warn","message":"Invalid contact format (non-string) for record with PIP number EMEA-002558-PIP01-19: [\"Bausch Health Ireland Limited\",\"Tel. +48 22 203 90 45\",\"E-mail: EMEA.Regulatory@bauschhealth.com\"]","timestamp":"2025-07-25T16:03:41.838Z"}
{"level":"warn","message":"Skipping invalid key in record: ","timestamp":"2025-07-25T16:03:41.838Z"}
{"level":"warn","message":"Invalid contact format (non-string) for record with PIP number EMEA-002557-PIP01-19: [\"B. Braun Melsungen AG\",\"Tel. ++49 6172 76464 - 18\",\"E-mail: caren.martini@pharmalex.com\"]","timestamp":"2025-07-25T16:03:41.838Z"}
{"level":"warn","message":"Skipping invalid key in record: ","timestamp":"2025-07-25T16:03:41.838Z"}
{"level":"warn","message":"Invalid contact format (non-string) for record with PIP number EMEA-002541-PIP01-18: [\"Abbott Laboratories Limited\",\"Tel.  +44 (0) 1628 644513\",\"E-mail: robyn.hall@abbott.com\"]","timestamp":"2025-07-25T16:03:41.838Z"}
{"level":"warn","message":"Skipping invalid key in record: ","timestamp":"2025-07-25T16:03:41.838Z"}
{"level":"warn","message":"Invalid contact format (non-string) for record with PIP number EMEA-002525-PIP01-18: [\"AstraZeneca AB\",\"E-mail: paediatrics@astrazeneca.com\"]","timestamp":"2025-07-25T16:03:41.838Z"}
{"level":"warn","message":"Skipping invalid key in record: ","timestamp":"2025-07-25T16:03:41.839Z"}
{"level":"warn","message":"Invalid contact format (non-string) for record with PIP number EMEA-002472-PIP02-19: [\"Krystal Biotech\",\"Inc.\",\"Tel. +434 409 0176\",\"E-mail: svinzant@krystalbio.com\"]","timestamp":"2025-07-25T16:03:41.839Z"}
{"level":"warn","message":"Skipping invalid key in record: ","timestamp":"2025-07-25T16:03:41.839Z"}
{"level":"warn","message":"Skipping invalid key in record: ","timestamp":"2025-07-25T16:03:41.839Z"}
{"level":"warn","message":"Invalid contact format (non-string) for record with PIP number EMEA-002457-PIP01-18: [\"Conatus Pharmaceuticals\",\"Inc.\",\"16745 West Bernardo Drive\",\"San Diego\",\"California 92127\",\"U.S.A.\",\"E-mail: aspada@conatuspharma.com\",\"Tel.: +1 858-376-2623\"]","timestamp":"2025-07-25T16:03:41.839Z"}
{"level":"warn","message":"Skipping invalid key in record: ","timestamp":"2025-07-25T16:03:41.839Z"}
{"level":"warn","message":"Invalid contact format (non-string) for record with PIP number EMEA-002401-PIP01-18: [\"Five Prime Therapeutics\",\"Inc.\",\"Tel. +001 415 365 5600\",\"E-mail: Carmen.Ladner@fiveprime.com\"]","timestamp":"2025-07-25T16:03:41.839Z"}
{"level":"warn","message":"Skipping invalid key in record: ","timestamp":"2025-07-25T16:03:41.839Z"}
{"level":"warn","message":"Invalid contact format (non-string) for record with PIP number EMEA-002375-PIP02-18: [\"NTC srl\",\"Tel.  +39 024385041\",\"E-mail: federico.bertocchi@ntcpharma.com\"]","timestamp":"2025-07-25T16:03:41.839Z"}
{"level":"warn","message":"Skipping invalid key in record: ","timestamp":"2025-07-25T16:03:41.839Z"}
{"level":"warn","message":"Invalid contact format (non-string) for record with PIP number EMEA-002343-PIP01-18: [\"Vakzine Projekt Management GmbH\",\"Tel.+4951116990819\",\"E-mail: info@vakzine-manager.de\"]","timestamp":"2025-07-25T16:03:41.839Z"}
{"level":"warn","message":"Skipping invalid key in record: ","timestamp":"2025-07-25T16:03:41.839Z"}
{"level":"warn","message":"Invalid contact format (non-string) for record with PIP number EMEA-002200-PIP02-19: [\"Esperion Therapeutics\",\"Inc.\",\"E-mail: ahall@esperion.com\",\"Tel.: +1 7346346816\"]","timestamp":"2025-07-25T16:03:41.839Z"}
{"level":"warn","message":"Skipping invalid key in record: ","timestamp":"2025-07-25T16:03:41.839Z"}
{"level":"warn","message":"Invalid contact format (non-string) for record with PIP number EMEA-001884-PIP03-18: [\"Aclaris Therapeutics\",\"Inc.\",\"Tel. +1 484 540 6264\",\"E-mail: cmatkowski@aclaristx.com\"]","timestamp":"2025-07-25T16:03:41.839Z"}
{"level":"warn","message":"Skipping invalid key in record: ","timestamp":"2025-07-25T16:03:41.839Z"}
{"level":"warn","message":"Invalid contact format (non-string) for record with PIP number EMEA-001872-PIP02-19: [\"Esperion Therapeutics\",\"Inc.\",\"Tel. +1 7346346816\",\"E-mail: ahall@esperion.com\"]","timestamp":"2025-07-25T16:03:41.839Z"}
{"level":"warn","message":"Skipping invalid key in record: ","timestamp":"2025-07-25T16:03:41.840Z"}
{"level":"warn","message":"Invalid contact format (non-string) for record with PIP number EMEA-002152-PIP02-17-M01: [\"Janssen-Cilag International N.V.\",\"E-mail: nbuhl@its.jnj.com\",\"Tel. +353 8574 46696\"]","timestamp":"2025-07-25T16:03:41.840Z"}
{"level":"info","message":"CSV Headers: Decision number,PIP number,Active substance,Invented name,Therapeutic area,Pharmaceutical forms,Condition / indication,Routes of administration,Decision type,Decision date,Compliance outcome,Compliance opinion date,Compliance procedure number,Contact for public enquiries,First published date,Last updated date,PIP URL,","timestamp":"2025-07-25T16:03:41.840Z"}
{"level":"warn","message":"Skipping invalid key in record: ","timestamp":"2025-07-25T16:03:41.840Z"}
{"level":"warn","message":"Invalid contact format (non-string) for record with PIP number EMEA-001441-PIP02-15-M02: [\"Novo Nordisk\",\"Tel. +45 44448888\",\"E-mail: paediatrics@novonordisk.com\"]","timestamp":"2025-07-25T16:03:41.840Z"}
{"level":"warn","message":"Skipping invalid key in record: ","timestamp":"2025-07-25T16:03:41.840Z"}
{"level":"warn","message":"Invalid contact format (non-string) for record with PIP number EMEA-002551-PIP01-18: [\"AstraZeneca AB (UK)\",\"Tel.: +44 7384522139\",\"E-mail: lee.anderson2@astrazeneca.com\"]","timestamp":"2025-07-25T16:03:41.840Z"}
{"level":"warn","message":"Skipping invalid key in record: ","timestamp":"2025-07-25T16:03:41.840Z"}
{"level":"warn","message":"Invalid contact format (non-string) for record with PIP number EMEA-002542-PIP01-18: [\"Bioverativ USA\",\"Inc.\",\"a Sanofi Company\",\"Tel.: +31 202453917\",\"E-mail: eumedinfo.gz@sanofi.com\"]","timestamp":"2025-07-25T16:03:41.840Z"}
{"level":"warn","message":"Skipping invalid key in record: ","timestamp":"2025-07-25T16:03:41.840Z"}
{"level":"warn","message":"Invalid contact format (non-string) for record with PIP number EMEA-002539-PIP01-18: [\"Pluristem Ltd.\",\"Tel.: +972 7747108624\",\"E-mail: iris@pluristem.com\"]","timestamp":"2025-07-25T16:03:41.840Z"}
{"level":"warn","message":"Skipping invalid key in record: ","timestamp":"2025-07-25T16:03:41.840Z"}
{"level":"warn","message":"Invalid contact format (non-string) for record with PIP number EMEA-002531-PIP01-18: [\"Midas Pharma GmbH\",\"E-mail: info@midas-pharma.com\",\"Tel. +49 6132 990583\"]","timestamp":"2025-07-25T16:03:41.840Z"}
{"level":"warn","message":"Skipping invalid key in record: ","timestamp":"2025-07-25T16:03:41.840Z"}
{"level":"warn","message":"Invalid contact format (non-string) for record with PIP number EMEA-002522-PIP01-18: [\"Genmab A/S\",\"Tel.: +45 70202728\",\"E-mail: clinicaltrials@genmab.com\"]","timestamp":"2025-07-25T16:03:41.840Z"}
{"level":"warn","message":"Skipping invalid key in record: ","timestamp":"2025-07-25T16:03:41.840Z"}
{"level":"warn","message":"Invalid contact format (non-string) for record with PIP number EMEA-002519-PIP02-18: [\"Newron Pharmaceuticals SpA\",\"E-mail: ravi@anand.ch\",\"Tel. +41 793741364\"]","timestamp":"2025-07-25T16:03:41.840Z"}
{"level":"warn","message":"Skipping invalid key in record: ","timestamp":"2025-07-25T16:03:41.841Z"}
{"level":"warn","message":"Invalid contact format (non-string) for record with PIP number EMEA-002503-PIP01-18: [\"Trasis S.A.\",\"Tel.: +32 4988780\",\"E-mail: philippart@trasis.com\"]","timestamp":"2025-07-25T16:03:41.841Z"}
{"level":"warn","message":"Skipping invalid key in record: ","timestamp":"2025-07-25T16:03:41.841Z"}
{"level":"warn","message":"Invalid contact format (non-string) for record with PIP number EMEA-002423-PIP01-18: [\"Ocular Therapeutix Inc.\",\"Tel.: +44 1865670864\",\"E-mail: carole.pugh@eudrac.com\"]","timestamp":"2025-07-25T16:03:41.841Z"}
{"level":"warn","message":"Skipping invalid key in record: ","timestamp":"2025-07-25T16:03:41.841Z"}
{"level":"warn","message":"Invalid contact format (non-string) for record with PIP number EMEA-002407-PIP01-18: [\"Sanofi-Aventis Recherche & Développement (France)\",\"Tel.: +31 202454000\",\"E-mail: eumedinfo.gz@sanofi.com\"]","timestamp":"2025-07-25T16:03:41.841Z"}
{"level":"warn","message":"Skipping invalid key in record: ","timestamp":"2025-07-25T16:03:41.841Z"}
{"level":"warn","message":"Invalid contact format (non-string) for record with PIP number EMEA-002342-PIP03-18: [\"Eli Lilly and Company Limited (US)\",\"Tel.: +1 31 75448941\",\"E-mail: wagle_asvari@lilly.com\"]","timestamp":"2025-07-25T16:03:41.841Z"}
{"level":"warn","message":"Skipping invalid key in record: ","timestamp":"2025-07-25T16:03:41.841Z"}
{"level":"warn","message":"Invalid contact format (non-string) for record with PIP number EMEA-002318-PIP03-19: [\"Idera Pharmaceuticals Inc.\",\"Tel.: +1 4843481600\",\"E-mail: info@iderpharma.com\"]","timestamp":"2025-07-25T16:03:41.841Z"}
{"level":"warn","message":"Skipping invalid key in record: ","timestamp":"2025-07-25T16:03:41.841Z"}
{"level":"warn","message":"Invalid contact format (non-string) for record with PIP number EMEA-001126-PIP01-10-M03: [\"Consorzio per Valutazioni Biologiche e Farmacologiche\",\"Tel. + 39 08225075\",\"E-mail: deep@cvbf.net\"]","timestamp":"2025-07-25T16:03:41.841Z"}
{"level":"warn","message":"Skipping invalid key in record: ","timestamp":"2025-07-25T16:03:41.841Z"}
{"level":"warn","message":"Invalid contact format (non-string) for record with PIP number EMEA-002553-PIP01-19: [\"Pharma Patent Kft.\",\"E-mail: info@pharmapatent.hu\",\"Tel. +36 16306182\"]","timestamp":"2025-07-25T16:03:41.841Z"}
{"level":"warn","message":"Skipping invalid key in record: ","timestamp":"2025-07-25T16:03:41.841Z"}
{"level":"warn","message":"Invalid contact format (non-string) for record with PIP number EMEA-002548-PIP01-19: [\"Micro Labs GmbH\",\"Tel.:  +91 8025731936 / 37 Ext.302\",\"E-mail: microeu@microlabs.in\"]","timestamp":"2025-07-25T16:03:41.841Z"}
{"level":"warn","message":"Skipping invalid key in record: ","timestamp":"2025-07-25T16:03:41.841Z"}
{"level":"warn","message":"Invalid contact format (non-string) for record with PIP number EMEA-002549-PIP01-19: [\"Micro Labs GmbH\",\"Tel.:  +91 8025731936 / 37 Ext.302\",\"E-mail: microeu@microlabs.in\"]","timestamp":"2025-07-25T16:03:41.841Z"}
{"level":"warn","message":"Skipping invalid key in record: ","timestamp":"2025-07-25T16:03:41.842Z"}
{"level":"warn","message":"Invalid contact format (non-string) for record with PIP number EMEA-002527-PIP01-18: [\"CymaBay Ireland Limited\",\"Tel.: +1 5102938800\",\"E-mail: cbueno@cymabay.com\"]","timestamp":"2025-07-25T16:03:41.842Z"}
{"level":"warn","message":"Skipping invalid key in record: ","timestamp":"2025-07-25T16:03:41.842Z"}
{"level":"warn","message":"Invalid contact format (non-string) for record with PIP number EMEA-002533-PIP01-18: [\"AstraZeneca AB (UK)\",\"Tel. +44 2037496236\",\"E-mail: paediatrics@astrazeneca.com\"]","timestamp":"2025-07-25T16:03:41.842Z"}
{"level":"warn","message":"Skipping invalid key in record: ","timestamp":"2025-07-25T16:03:41.842Z"}
{"level":"warn","message":"Invalid contact format (non-string) for record with PIP number EMEA-002520-PIP01-18: [\"Midas Pharma GmbH\",\"E-mail: pv@midas-pharma.com\",\"Tel. +49 6132 990583\"]","timestamp":"2025-07-25T16:03:41.842Z"}
{"level":"warn","message":"Skipping invalid key in record: ","timestamp":"2025-07-25T16:03:41.842Z"}
{"level":"warn","message":"Invalid contact format (non-string) for record with PIP number EMEA-002512-PIP01-18: [\"Micro Labs GmbH\",\"Tel.:  +91 8025731936 / 37 Ext.302\",\"E-mail: microeu@microlabs.in\"]","timestamp":"2025-07-25T16:03:41.842Z"}
{"level":"warn","message":"Skipping invalid key in record: ","timestamp":"2025-07-25T16:03:41.842Z"}
{"level":"warn","message":"Invalid contact format (non-string) for record with PIP number EMEA-002497-PIP01-18: [\"AstraZeneca AB (Sweden)\",\"Tel.: +46 8553260000\",\"E-mail: kontakt@astrazeneca.com\"]","timestamp":"2025-07-25T16:03:41.842Z"}
{"level":"warn","message":"Skipping invalid key in record: ","timestamp":"2025-07-25T16:03:41.843Z"}
{"level":"warn","message":"Invalid contact format (non-string) for record with PIP number EMEA-002468-PIP02-18: [\"GlaxoSmithKline Trading Services Limited\",\"Tel. +1 4388998201\",\"E-mail: eu.paediatric-plans@gsk.com\"]","timestamp":"2025-07-25T16:03:41.843Z"}
{"level":"warn","message":"Skipping invalid key in record: ","timestamp":"2025-07-25T16:03:41.843Z"}
{"level":"warn","message":"Invalid contact format (non-string) for record with PIP number EMEA-002331-PIP01-18: [\"Pharma Patent Kft.\",\"E-mail: info@pharmapatent.hu\",\"Tel. +36 16306182\"]","timestamp":"2025-07-25T16:03:41.843Z"}
{"level":"warn","message":"Skipping invalid key in record: ","timestamp":"2025-07-25T16:03:41.843Z"}
{"level":"warn","message":"Invalid contact format (non-string) for record with PIP number EMEA-002306-PIP02-18: [\"Soligenix UK Limited\",\"Tel.: +1 609 538 8200\",\"E-mail: arumage@soligenix.com\"]","timestamp":"2025-07-25T16:03:41.843Z"}
{"level":"warn","message":"Skipping invalid key in record: ","timestamp":"2025-07-25T16:03:41.843Z"}
{"level":"warn","message":"Invalid contact format (non-string) for record with PIP number EMEA-002268-PIP03-18: [\"Janssen Research & Development\",\"Tel. +353 857446696\",\"E-mail: nbuhl@its.jnj.com\"]","timestamp":"2025-07-25T16:03:41.843Z"}
{"level":"warn","message":"Skipping invalid key in record: ","timestamp":"2025-07-25T16:03:41.843Z"}
{"level":"warn","message":"Invalid contact format (non-string) for record with PIP number EMEA-000311-PIP06-18: [\"Janssen Cilag International NV\",\"Tel. +3214602111\",\"E-mail: contact@Janssen-emea.com\"]","timestamp":"2025-07-25T16:03:41.843Z"}
{"level":"warn","message":"Skipping invalid key in record: ","timestamp":"2025-07-25T16:03:41.843Z"}
{"level":"warn","message":"Invalid contact format (non-string) for record with PIP number EMEA-001806-PIP03-18: [\"Amgen Europe B.V\",\"Tel.: +44 (0)1223 420305\",\"E-mail: medinfointernational@amgen.com\"]","timestamp":"2025-07-25T16:03:41.843Z"}
{"level":"warn","message":"Skipping invalid key in record: ","timestamp":"2025-07-25T16:03:41.843Z"}
{"level":"warn","message":"Skipping invalid key in record: ","timestamp":"2025-07-25T16:03:41.844Z"}
{"level":"warn","message":"Invalid contact format (non-string) for record with PIP number EMEA-001936-PIP01-16-M01: [\"Shire Pharmaceuticals Ireland Ltd\",\"E-mail: medinfoEMEA@shire.com\",\"Tel.: +43 1 20 1002473461\"]","timestamp":"2025-07-25T16:03:41.844Z"}
{"level":"warn","message":"Skipping invalid key in record: ","timestamp":"2025-07-25T16:03:41.844Z"}
{"level":"warn","message":"Skipping invalid key in record: ","timestamp":"2025-07-25T16:03:41.844Z"}
{"level":"warn","message":"Invalid contact format (non-string) for record with PIP number EMEA-001834-PIP02-16-M01: [\"Portola Pharma UK Limited\",\"E-mail: info@portola.com\",\"Tel. +1 6502 467000\"]","timestamp":"2025-07-25T16:03:41.844Z"}
{"level":"warn","message":"Skipping invalid key in record: ","timestamp":"2025-07-25T16:03:41.844Z"}
{"level":"warn","message":"Invalid contact format (non-string) for record with PIP number EMEA-000731-PIP01-09-M03: [\"Novo Nordisk A/S\",\"E-mail: paediatrics@novonordisk.com\",\"Tel. +45 4444 8888\"]","timestamp":"2025-07-25T16:03:41.844Z"}
{"level":"warn","message":"Skipping invalid key in record: ","timestamp":"2025-07-25T16:03:41.844Z"}
{"level":"warn","message":"Invalid contact format (non-string) for record with PIP number EMEA-002138-PIP01-17-M01: [\"TRACON Pharma Limited\",\"Tel. +1 8585500780\",\"E-mail: pbitar@traconpharma.com\",\"sbenedict@traconpharma.com\",\"ppathak@traconpharma.com\"]","timestamp":"2025-07-25T16:03:41.844Z"}
{"level":"warn","message":"Skipping invalid key in record: ","timestamp":"2025-07-25T16:03:41.844Z"}
{"level":"warn","message":"Invalid contact format (non-string) for record with PIP number EMEA-001729-PIP02-18: [\"Dompé farmaceutici S.p.A.\",\"E-mail: annabella.amatulli@dompe.com\",\"Tel. +39 2583 83230\"]","timestamp":"2025-07-25T16:03:41.845Z"}
{"level":"warn","message":"Skipping invalid key in record: ","timestamp":"2025-07-25T16:03:41.845Z"}
{"level":"warn","message":"Invalid contact format (non-string) for record with PIP number EMEA-001037-PIP02-11-M05: [\"Pfizer Europe MA EEIG\",\"Tel. +44 (0)1304 646 607\",\"E-mail: pip_enquiries@pfizer.com\"]","timestamp":"2025-07-25T16:03:41.845Z"}
{"level":"warn","message":"Skipping invalid key in record: ","timestamp":"2025-07-25T16:03:41.845Z"}
{"level":"warn","message":"Invalid contact format (non-string) for record with PIP number EMEA-002419-PIP02-18: [\"Succurro Clinical Research Limited\",\"Tel. +1 3176080769\",\"E-Mail: cjordan@endocyte.com\"]","timestamp":"2025-07-25T16:03:41.845Z"}
{"level":"warn","message":"Skipping invalid key in record: ","timestamp":"2025-07-25T16:03:41.845Z"}
{"level":"warn","message":"Skipping invalid key in record: ","timestamp":"2025-07-25T16:03:41.845Z"}
{"level":"warn","message":"Invalid contact format (non-string) for record with PIP number EMEA-002365-PIP01-18: [\"TLC Biopharmaceuticals B.V.\",\"Tel.  +886 226557377\",\"E-mail: carlb@tlcbio.com\"]","timestamp":"2025-07-25T16:03:41.845Z"}
{"level":"warn","message":"Skipping invalid key in record: ","timestamp":"2025-07-25T16:03:41.845Z"}
{"level":"warn","message":"Invalid contact format (non-string) for record with PIP number EMEA-002510-PIP01-18: [\"NeRRe Therapeutics Ltd\",\"Tel.  +44 1438906960\",\"E-mail: steve.pawsey@nerretherapeutics.com\"]","timestamp":"2025-07-25T16:03:41.845Z"}
{"level":"warn","message":"Skipping invalid key in record: ","timestamp":"2025-07-25T16:03:41.845Z"}
{"level":"warn","message":"Invalid contact format (non-string) for record with PIP number EMEA-002509-PIP01-18: [\"Mylan Healthcare GmbH\",\"Tel.  +49 51167502400\",\"E-mail: mylan.healthcare@mylan.com\"]","timestamp":"2025-07-25T16:03:41.845Z"}
{"level":"warn","message":"Skipping invalid key in record: ","timestamp":"2025-07-25T16:03:41.845Z"}
{"level":"warn","message":"Invalid contact format (non-string) for record with PIP number EMEA-002504-PIP01-18: [\"Sanofi-Aventis Recherche & Développement\",\"Tel. +33 169745695\",\"E-mail: contact-us@sanofi.com\"]","timestamp":"2025-07-25T16:03:41.845Z"}
{"level":"warn","message":"Skipping invalid key in record: ","timestamp":"2025-07-25T16:03:41.845Z"}
{"level":"warn","message":"Invalid contact format (non-string) for record with PIP number EMEA-002374-PIP01-18: [\"Boston Pharmaceuticals\",\"Inc.\",\"Tel. +1 6175884844\",\"E-mail: richard@bostonpharmaceuticals.com\"]","timestamp":"2025-07-25T16:03:41.845Z"}
{"level":"warn","message":"Skipping invalid key in record: ","timestamp":"2025-07-25T16:03:41.845Z"}
{"level":"warn","message":"Invalid contact format (non-string) for record with PIP number EMEA-002496-PIP01-18: [\"Menlo Therapeutics Inc.\",\"Tel.  +1 6504861416\",\"E-mail: info@menlotx.com\"]","timestamp":"2025-07-25T16:03:41.845Z"}
{"level":"warn","message":"Skipping invalid key in record: ","timestamp":"2025-07-25T16:03:41.845Z"}
{"level":"warn","message":"Invalid contact format (non-string) for record with PIP number EMEA- 002191-PIP02-17: [\"Vertex Pharmaceuticals (Europe) Ltd.\",\"Tel. +1 8776348789\",\"E-mail: medicalinfo@vrtx.com\"]","timestamp":"2025-07-25T16:03:41.845Z"}
{"level":"info","message":"CSV Headers: Decision number,PIP number,Active substance,Invented name,Therapeutic area,Pharmaceutical forms,Condition / indication,Routes of administration,Decision type,Decision date,Compliance outcome,Compliance opinion date,Compliance procedure number,Contact for public enquiries,First published date,Last updated date,PIP URL,","timestamp":"2025-07-25T16:03:41.846Z"}
{"level":"warn","message":"Skipping invalid key in record: ","timestamp":"2025-07-25T16:03:41.846Z"}
{"level":"warn","message":"Invalid contact format (non-string) for record with PIP number EMEA-002489-PIP01-18: [\"Elevar Therapeutics Limited\",\"Tel. +1 (801) 833 1227\",\"E-mail: garomin@elevartherapeutics.com\"]","timestamp":"2025-07-25T16:03:41.846Z"}
{"level":"warn","message":"Skipping invalid key in record: ","timestamp":"2025-07-25T16:03:41.846Z"}
{"level":"warn","message":"Invalid contact format (non-string) for record with PIP number EMEA-002165-PIP02-18: [\"Sensorion SA\",\"E-mail: contact@sensorion-pharma.com\",\"Tel.  +33  4672 07730\"]","timestamp":"2025-07-25T16:03:41.846Z"}
{"level":"warn","message":"Skipping invalid key in record: ","timestamp":"2025-07-25T16:03:41.846Z"}
{"level":"warn","message":"Invalid contact format (non-string) for record with PIP number EMEA-002470-PIP01-18: [\"Almirall S.A.\",\"Tel.  +34 932912958\",\"E-mail: sonia.barange@almirall.com\"]","timestamp":"2025-07-25T16:03:41.846Z"}
{"level":"warn","message":"Skipping invalid key in record: ","timestamp":"2025-07-25T16:03:41.846Z"}
{"level":"warn","message":"Invalid contact format (non-string) for record with PIP number EMEA-002364-PIP02-18: [\"DS Biopharma Ltd\",\"Tel. +353 12998381\",\"E-mail: dsbiopharmaregulatory@dsbiopharma.com\"]","timestamp":"2025-07-25T16:03:41.846Z"}
{"level":"warn","message":"Skipping invalid key in record: ","timestamp":"2025-07-25T16:03:41.846Z"}
{"level":"warn","message":"Skipping invalid key in record: ","timestamp":"2025-07-25T16:03:41.846Z"}
{"level":"warn","message":"Skipping invalid key in record: ","timestamp":"2025-07-25T16:03:41.846Z"}
{"level":"warn","message":"Invalid contact format (non-string) for record with PIP number EMEA-002069-PIP02-17: [\"Corbus Pharmaceuticals Holdings Inc\",\"E-mail: bwhite@corbuspharma.com\",\"Tel. +1 9195 997426\"]","timestamp":"2025-07-25T16:03:41.846Z"}
{"level":"warn","message":"Skipping invalid key in record: ","timestamp":"2025-07-25T16:03:41.846Z"}
{"level":"warn","message":"Invalid contact format (non-string) for record with PIP number EMEA-002456-PIP01-18: [\"Abbott Laboratories Limited\",\"Tel.  +44 1628644132\",\"E-mail: abbott-EPD-GRA@abbott.com\"]","timestamp":"2025-07-25T16:03:41.846Z"}
{"level":"warn","message":"Skipping invalid key in record: ","timestamp":"2025-07-25T16:03:41.846Z"}
{"level":"warn","message":"Invalid contact format (non-string) for record with PIP number EMEA-002442-PIP01-18: [\"SymbioVaccin GmbH\",\"Tel. +49 2772981354\",\"E-mail: ina.pieter@symbio.de\"]","timestamp":"2025-07-25T16:03:41.846Z"}
{"level":"warn","message":"Skipping invalid key in record: ","timestamp":"2025-07-25T16:03:41.847Z"}
{"level":"warn","message":"Skipping invalid key in record: ","timestamp":"2025-07-25T16:03:41.847Z"}
{"level":"warn","message":"Invalid contact format (non-string) for record with PIP number EMEA-002439-PIP01-18: [\"Bayer AG\",\"Tel. +49 3046815333\",\"E-mail: pediatrics.medical-affairs-europe@bayer.com\"]","timestamp":"2025-07-25T16:03:41.847Z"}
{"level":"warn","message":"Skipping invalid key in record: ","timestamp":"2025-07-25T16:03:41.847Z"}
{"level":"warn","message":"Invalid contact format (non-string) for record with PIP number EMEA-002428-PIP01-18: [\"Myovant Sciences Ireland Limited\",\"Tel.+1 6502380250\",\"E-mail: PIPrelugolix@myovant.com\"]","timestamp":"2025-07-25T16:03:41.847Z"}
{"level":"warn","message":"Skipping invalid key in record: ","timestamp":"2025-07-25T16:03:41.847Z"}
{"level":"warn","message":"Invalid contact format (non-string) for record with PIP number EMEA-000222-PIP01-08-M09: [\"Janssen-Cilag International NV\",\"Tel. +32 1460 2111\",\"E-mail: contact@janssen-emea.com\"]","timestamp":"2025-07-25T16:03:41.847Z"}
{"level":"warn","message":"Skipping invalid key in record: ","timestamp":"2025-07-25T16:03:41.847Z"}
{"level":"warn","message":"Skipping invalid key in record: ","timestamp":"2025-07-25T16:03:41.847Z"}
{"level":"warn","message":"Invalid contact format (non-string) for record with PIP number EMEA-001080-PIP03-18: [\"A.Menarini - IndustrieFarmaceutiche Riunite - s.r.I.\",\"E-mail: prijli@menarini.it\",\"Tel. +39 0555 680633\"]","timestamp":"2025-07-25T16:03:41.847Z"}
{"level":"warn","message":"Skipping invalid key in record: ","timestamp":"2025-07-25T16:03:41.847Z"}
{"level":"warn","message":"Skipping invalid key in record: ","timestamp":"2025-07-25T16:03:41.847Z"}
{"level":"warn","message":"Skipping invalid key in record: ","timestamp":"2025-07-25T16:03:41.847Z"}
{"level":"warn","message":"Invalid contact format (non-string) for record with PIP number EMEA-000341-PIP03-18: [\"Erytech pharma S.A.\",\"Tel. +33 4787 44438\",\"E-mail: vsemareg@erytech.com\"]","timestamp":"2025-07-25T16:03:41.847Z"}
{"level":"warn","message":"Skipping invalid key in record: ","timestamp":"2025-07-25T16:03:41.848Z"}
{"level":"warn","message":"Invalid contact format (non-string) for record with PIP number EMEA-002477-PIP01-18: [\"Neurotech Pharmaceuticals Inc\",\"Tel.  +1 6784272334\",\"E-mail: k.mandell@neurotechusa.com\"]","timestamp":"2025-07-25T16:03:41.848Z"}
{"level":"warn","message":"Skipping invalid key in record: ","timestamp":"2025-07-25T16:03:41.848Z"}
{"level":"warn","message":"Skipping invalid key in record: ","timestamp":"2025-07-25T16:03:41.848Z"}
{"level":"warn","message":"Invalid contact format (non-string) for record with PIP number EMEA-002462-PIP01-18: [\"PRO.MED.CS a.s.\",\"Tel.  +420 241013111\",\"E-mail: promed@promedcs.com\"]","timestamp":"2025-07-25T16:03:41.848Z"}
{"level":"warn","message":"Skipping invalid key in record: ","timestamp":"2025-07-25T16:03:41.848Z"}
{"level":"warn","message":"Invalid contact format (non-string) for record with PIP number EMEA-002460-PIP01-18: [\"Adamas Pharmaceuticals LLC\",\"Tel.  +1 5104503500\",\"E-mail: https://www.adamaspharma.com/contact-us/\"]","timestamp":"2025-07-25T16:03:41.848Z"}
{"level":"warn","message":"Skipping invalid key in record: ","timestamp":"2025-07-25T16:03:41.848Z"}
{"level":"warn","message":"Invalid contact format (non-string) for record with PIP number EMEA-002450-PIP01-18: [\"CRINOS S.P.A.\",\"Tel. +39 0289421721\",\"E-mail: regulatory.affairs@eglab.it\"]","timestamp":"2025-07-25T16:03:41.848Z"}
{"level":"warn","message":"Skipping invalid key in record: ","timestamp":"2025-07-25T16:03:41.848Z"}
{"level":"warn","message":"Invalid contact format (non-string) for record with PIP number EMEA-002441-PIP01-18: [\"ROTOP Pharmaka GmbH\",\"Tel.  +49 35126310251\",\"E-mail: reg-affairs@rotop-pharmaka.de\"]","timestamp":"2025-07-25T16:03:41.848Z"}
{"level":"warn","message":"Skipping invalid key in record: ","timestamp":"2025-07-25T16:03:41.848Z"}
{"level":"warn","message":"Invalid contact format (non-string) for record with PIP number EMEA-002425-PIP01-18: [\"Alnylam Netherlands BV\",\"E-mail: clinicaltrials@alnylam.com\",\"Tel. +1 8663 300326\"]","timestamp":"2025-07-25T16:03:41.848Z"}
{"level":"warn","message":"Skipping invalid key in record: ","timestamp":"2025-07-25T16:03:41.848Z"}
{"level":"warn","message":"Invalid contact format (non-string) for record with PIP number EMEA-002421-PIP01-18: [\"LobSor Pharmaceuticals AB\",\"E-mail: info@lobsor.com\",\"Tel. +46 7222 24408\"]","timestamp":"2025-07-25T16:03:41.848Z"}
{"level":"warn","message":"Skipping invalid key in record: ","timestamp":"2025-07-25T16:03:41.849Z"}
{"level":"warn","message":"Skipping invalid key in record: ","timestamp":"2025-07-25T16:03:41.849Z"}
{"level":"warn","message":"Invalid contact format (non-string) for record with PIP number EMEA-002416-PIP01-18: [\"Midas Pharma GmbH\",\"E-mail: info@midas-pharma.com\",\"Tel. +49 6132 990583\"]","timestamp":"2025-07-25T16:03:41.849Z"}
{"level":"warn","message":"Skipping invalid key in record: ","timestamp":"2025-07-25T16:03:41.849Z"}
{"level":"warn","message":"Invalid contact format (non-string) for record with PIP number EMEA-002438-PIP01-18: [\"Principia Biopharma\",\"Inc.\",\"Tel.  +1 6504167700\",\"E-mail: info@principiabio.com\"]","timestamp":"2025-07-25T16:03:41.849Z"}
{"level":"warn","message":"Skipping invalid key in record: ","timestamp":"2025-07-25T16:03:41.849Z"}
{"level":"warn","message":"Invalid contact format (non-string) for record with PIP number EMEA-002436-PIP01-18: [\"ITM Medical Isotopes GmbH\",\"E-mail: info-medical-isotopes@itm.ag\",\"Tel. +49 89 329 8986 600\"]","timestamp":"2025-07-25T16:03:41.849Z"}
{"level":"warn","message":"Skipping invalid key in record: ","timestamp":"2025-07-25T16:03:41.849Z"}
{"level":"warn","message":"Skipping invalid key in record: ","timestamp":"2025-07-25T16:03:41.849Z"}
{"level":"warn","message":"Invalid contact format (non-string) for record with PIP number EMEA-002146-PIP02-18: [\"Pfizer Europe MA EEIG\",\"Tel. +44 (0)1304 646 607\",\"E-mail: pip_enquiries@pfizer.com\"]","timestamp":"2025-07-25T16:03:41.849Z"}
{"level":"warn","message":"Skipping invalid key in record: ","timestamp":"2025-07-25T16:03:41.850Z"}
{"level":"warn","message":"Invalid contact format (non-string) for record with PIP number EMEA-002048-PIP02-18: [\"Alnylam UK Limited\",\"Tel. +1  8663300326\",\"E-mail: clinicaltrials@alnylam.com\"]","timestamp":"2025-07-25T16:03:41.850Z"}
{"level":"warn","message":"Skipping invalid key in record: ","timestamp":"2025-07-25T16:03:41.850Z"}
{"level":"warn","message":"Invalid contact format (non-string) for record with PIP number EMEA-001939-PIP03-16: [\"Daiichi Sankyo Inc\",\"Tel. +49 8978080\",\"E-mail: service@daiichi-sankyo.eu\"]","timestamp":"2025-07-25T16:03:41.850Z"}
{"level":"warn","message":"Skipping invalid key in record: ","timestamp":"2025-07-25T16:03:41.850Z"}
{"level":"warn","message":"Invalid contact format (non-string) for record with PIP number EMEA-001588-PIP03-18: [\"Pierre Fabre Médicament\",\"Tel. +33 800326326\",\"E-mail: medical_information@pierre-fabre.com\"]","timestamp":"2025-07-25T16:03:41.850Z"}
{"level":"warn","message":"Skipping invalid key in record: ","timestamp":"2025-07-25T16:03:41.850Z"}
{"level":"warn","message":"Invalid contact format (non-string) for record with PIP number EMEA-001454-PIP05-18: [\"Pierre Fabre Médicament\",\"Tel. +33 800326326\",\"E-mail: medical_information@pierre-fabre.com\"]","timestamp":"2025-07-25T16:03:41.850Z"}
{"level":"warn","message":"Skipping invalid key in record: ","timestamp":"2025-07-25T16:03:41.850Z"}
{"level":"warn","message":"Invalid contact format (non-string) for record with PIP number EMEA-001174-PIP03-18: [\"Novo Nordisk A/S\",\"Denmark\",\"Tel. +45 44448888\",\"E-mail: paediatrics@novonordisk.com\"]","timestamp":"2025-07-25T16:03:41.850Z"}
{"level":"warn","message":"Skipping invalid key in record: ","timestamp":"2025-07-25T16:03:41.850Z"}
{"level":"warn","message":"Invalid contact format (non-string) for record with PIP number EMEA-000809-PIP01-09-M01: [\"Allergy Therapeutics (UK) Ltd\",\"Tel. +44(0)1903 844 700\",\"E-mail: infoservices@allergytherapeutics.com\"]","timestamp":"2025-07-25T16:03:41.850Z"}
{"level":"warn","message":"Skipping invalid key in record: ","timestamp":"2025-07-25T16:03:41.850Z"}
{"level":"warn","message":"Invalid contact format (non-string) for record with PIP number EMEA-000275-PIP01-08: [\"Merck Sharp & Dohme (Europe)\",\"Inc.\",\"E-mail: axel_breitstadt@merck.com\",\"Country: Belgium\",\"Phone: +32 27766045\",\"Fax: +32 27766288\"]","timestamp":"2025-07-25T16:03:41.850Z"}
{"level":"warn","message":"Skipping invalid key in record: ","timestamp":"2025-07-25T16:03:41.850Z"}
{"level":"warn","message":"Skipping invalid key in record: ","timestamp":"2025-07-25T16:03:41.850Z"}
{"level":"warn","message":"Invalid contact format (non-string) for record with PIP number EMEA-001213-PIP02-12-M02: [\"Akebia Therapeutics\",\"Tel. +1 617-844-8676\",\"E-mail: sbrady@akebia.com\"]","timestamp":"2025-07-25T16:03:41.851Z"}
{"level":"warn","message":"Skipping invalid key in record: ","timestamp":"2025-07-25T16:03:41.851Z"}
{"level":"warn","message":"Invalid contact format (non-string) for record with PIP number EMEA-001763-PIP01-15-M01: [\"Pfizer Europe MA EEIG\",\"Tel. +44 (0)1304 646 607\",\"E-mail: pip_enquiries@pfizer.com\"]","timestamp":"2025-07-25T16:03:41.851Z"}
{"level":"warn","message":"Skipping invalid key in record: ","timestamp":"2025-07-25T16:03:41.851Z"}
{"level":"warn","message":"Skipping invalid key in record: ","timestamp":"2025-07-25T16:03:41.851Z"}
{"level":"warn","message":"Invalid contact format (non-string) for record with PIP number EMEA-000149-PIP01-07-M02: [\"Novartis Vaccines and Diagnostics S.r.l.\",\"Tel. +39 0577 243046\",\"E-mail: pip.seq@seqirus.com\"]","timestamp":"2025-07-25T16:03:41.851Z"}
{"level":"info","message":"CSV Headers: Decision number,PIP number,Active substance,Invented name,Therapeutic area,Pharmaceutical forms,Condition / indication,Routes of administration,Decision type,Decision date,Compliance outcome,Compliance opinion date,Compliance procedure number,Contact for public enquiries,First published date,Last updated date,PIP URL,","timestamp":"2025-07-25T16:03:41.852Z"}
{"level":"warn","message":"Skipping invalid key in record: ","timestamp":"2025-07-25T16:03:41.852Z"}
{"level":"warn","message":"Invalid contact format (non-string) for record with PIP number EMEA-000124-PIP01-07-M02: [\"Novartis Vaccines & Diagnostics GmbH & Co. KG\",\"E-mail: pip.seq@seqirus.com\"]","timestamp":"2025-07-25T16:03:41.852Z"}
{"level":"warn","message":"Skipping invalid key in record: ","timestamp":"2025-07-25T16:03:41.852Z"}
{"level":"warn","message":"Skipping invalid key in record: ","timestamp":"2025-07-25T16:03:41.852Z"}
{"level":"warn","message":"Invalid contact format (non-string) for record with PIP number EMEA-001045-PIP04-18: [\"Sanofi-aventis recherche et développement\",\"Tel. +33 169745695\",\"E-mail: contact-us@sanofi.com\"]","timestamp":"2025-07-25T16:03:41.852Z"}
{"level":"warn","message":"Skipping invalid key in record: ","timestamp":"2025-07-25T16:03:41.852Z"}
{"level":"warn","message":"Invalid contact format (non-string) for record with PIP number EMEA-000694-PIP04-18: [\"AstraZeneca AB (UK)\",\"Tel. +44 2037496236\",\"E-mail: paediatrics@astrazeneca.com\"]","timestamp":"2025-07-25T16:03:41.852Z"}
{"level":"warn","message":"Skipping invalid key in record: ","timestamp":"2025-07-25T16:03:41.852Z"}
{"level":"warn","message":"Invalid contact format (non-string) for record with PIP number EMEA-001493-PIP02-18: [\"Pfizer Europe MA EEIG\",\"Tel. +44 (0)1304 646 607\",\"E-mail: pip_enquiries@pfizer.com\"]","timestamp":"2025-07-25T16:03:41.852Z"}
{"level":"warn","message":"Skipping invalid key in record: ","timestamp":"2025-07-25T16:03:41.852Z"}
{"level":"warn","message":"Invalid contact format (non-string) for record with PIP number EMEA-001256-PIP02-12-M02: [\"Omeros Corporation\",\"E-mail: swhitaker@omeros.com\",\"Tel. +11 2066 765000\"]","timestamp":"2025-07-25T16:03:41.852Z"}
{"level":"warn","message":"Skipping invalid key in record: ","timestamp":"2025-07-25T16:03:41.852Z"}
{"level":"warn","message":"Invalid contact format (non-string) for record with PIP number EMEA-001357-PIP01-12-M02: [\"Advicenne Pharma\",\"E-mail: contact@advicenne.com\",\"Tel. +33 4660 55420\"]","timestamp":"2025-07-25T16:03:41.852Z"}
{"level":"warn","message":"Skipping invalid key in record: ","timestamp":"2025-07-25T16:03:41.852Z"}
{"level":"warn","message":"Invalid contact format (non-string) for record with PIP number EMEA-001071-PIP03-14-M01: [\"UCB Pharma S.A.\",\"E-mail: ucbcares.uk@ucb.com\",\"Tel.  +44 175777100\"]","timestamp":"2025-07-25T16:03:41.852Z"}
{"level":"warn","message":"Skipping invalid key in record: ","timestamp":"2025-07-25T16:03:41.853Z"}
{"level":"warn","message":"Invalid contact format (non-string) for record with PIP number EMEA-002284-PIP01-17: [\"Merck KGaA\",\"Tel. +49 6151 725200\",\"E-mail: service@merckgroup.com\"]","timestamp":"2025-07-25T16:03:41.853Z"}
{"level":"warn","message":"Skipping invalid key in record: ","timestamp":"2025-07-25T16:03:41.853Z"}
{"level":"warn","message":"Invalid contact format (non-string) for record with PIP number EMEA-002370-PIP01-18: [\"Incyte Biosciences Distribution B.V.\",\"E-mail: globalmedinfo@incyte.com\",\"Tel. +800 0002 7423\"]","timestamp":"2025-07-25T16:03:41.853Z"}
{"level":"warn","message":"Skipping invalid key in record: ","timestamp":"2025-07-25T16:03:41.853Z"}
{"level":"warn","message":"Skipping invalid key in record: ","timestamp":"2025-07-25T16:03:41.853Z"}
{"level":"warn","message":"Invalid contact format (non-string) for record with PIP number EMEA-002413-PIP01-18: [\"GE Healthcare Inc.\",\"Tel. +44 1494543483\",\"E-mail: Gabriel.Brooks@ge.com\"]","timestamp":"2025-07-25T16:03:41.853Z"}
{"level":"warn","message":"Skipping invalid key in record: ","timestamp":"2025-07-25T16:03:41.853Z"}
{"level":"warn","message":"Invalid contact format (non-string) for record with PIP number EMEA-002410-PIP01-18: [\"QualipharmaCon Kft.\",\"Tel. +36 302110337\",\"E-mail: turjanyi@qualipharmacon.hu\"]","timestamp":"2025-07-25T16:03:41.853Z"}
{"level":"warn","message":"Skipping invalid key in record: ","timestamp":"2025-07-25T16:03:41.853Z"}
{"level":"warn","message":"Skipping invalid key in record: ","timestamp":"2025-07-25T16:03:41.854Z"}
{"level":"warn","message":"Invalid contact format (non-string) for record with PIP number EMEA-002406-PIP01-18: [\"GlaxoSmithKline Trading Services Limited\",\"Tel. +1 4388998201\",\"E-mail: eu.paediatric-plans@gsk.com\"]","timestamp":"2025-07-25T16:03:41.854Z"}
{"level":"warn","message":"Skipping invalid key in record: ","timestamp":"2025-07-25T16:03:41.854Z"}
{"level":"warn","message":"Skipping invalid key in record: ","timestamp":"2025-07-25T16:03:41.854Z"}
{"level":"warn","message":"Invalid contact format (non-string) for record with PIP number EMEA-002400-PIP01-18: [\"Medherant Ltd\",\"Tel. +44 2476323060\",\"E-mail: info@medherant.co.uk\"]","timestamp":"2025-07-25T16:03:41.854Z"}
{"level":"warn","message":"Skipping invalid key in record: ","timestamp":"2025-07-25T16:03:41.854Z"}
{"level":"warn","message":"Invalid contact format (non-string) for record with PIP number EMEA-002387-PIP01-18: [\"Karyopharm Europe GmbH\",\"Tel. +1 6176580551\",\"E-mail: kmalobisky@karyopharm.com\"]","timestamp":"2025-07-25T16:03:41.854Z"}
{"level":"warn","message":"Skipping invalid key in record: ","timestamp":"2025-07-25T16:03:41.854Z"}
{"level":"warn","message":"Invalid contact format (non-string) for record with PIP number EMEA-002375-PIP01-18: [\"NTC srl\",\"Tel.  +39 024385041\",\"E-mail: federico.bertocchi@ntcpharma.com\"]","timestamp":"2025-07-25T16:03:41.854Z"}
{"level":"warn","message":"Skipping invalid key in record: ","timestamp":"2025-07-25T16:03:41.854Z"}
{"level":"warn","message":"Invalid contact format (non-string) for record with PIP number EMEA-000774-PIP01-09-M03: [\"Gilead Sciences International Ltd\",\"E-mail: regulatory.pip@gilead.com\",\"Tel. +44 (0)1223 897300\"]","timestamp":"2025-07-25T16:03:41.854Z"}
{"level":"warn","message":"Skipping invalid key in record: ","timestamp":"2025-07-25T16:03:41.854Z"}
{"level":"warn","message":"Invalid contact format (non-string) for record with PIP number EMEA-000625-PIP01-09-M03: [\"Janssen-Cilag International NV\",\"Tel. +32 1460 2111\",\"E-mail: contact@janssen-emea.com\"]","timestamp":"2025-07-25T16:03:41.854Z"}
{"level":"warn","message":"Skipping invalid key in record: ","timestamp":"2025-07-25T16:03:41.854Z"}
{"level":"warn","message":"Invalid contact format (non-string) for record with PIP number EMEA-000560-PIP03-15-M01: [\"Paratek UK Limited\",\"E-mail: info@paratekpharma.com\",\"Tel. +1 6178 076600\"]","timestamp":"2025-07-25T16:03:41.854Z"}
{"level":"warn","message":"Skipping invalid key in record: ","timestamp":"2025-07-25T16:03:41.854Z"}
{"level":"warn","message":"Invalid contact format (non-string) for record with PIP number EMEA-000116-PIP01-07-M09: [\"Glaxo Group Limited\",\"E-mail: eu.paediatric-plans@gsk.com\",\"Tel. +44 (0)20 8990 3650\"]","timestamp":"2025-07-25T16:03:41.854Z"}
{"level":"warn","message":"Skipping invalid key in record: ","timestamp":"2025-07-25T16:03:41.855Z"}
{"level":"warn","message":"Invalid contact format (non-string) for record with PIP number EMEA-000315-PIP02-15-M03: [\"Recordati Rare Diseases SARL\",\"Email: RRDDPTPharmaceuticalAffairs@recordati.com\",\"Tel:  +33 170824420\"]","timestamp":"2025-07-25T16:03:41.855Z"}
{"level":"warn","message":"Skipping invalid key in record: ","timestamp":"2025-07-25T16:03:41.855Z"}
{"level":"warn","message":"Skipping invalid key in record: ","timestamp":"2025-07-25T16:03:41.855Z"}
{"level":"warn","message":"Invalid contact format (non-string) for record with PIP number EMEA-002403-PIP01-18: [\"Biogen Idec Ltd\",\"Tel. +44 (0)1628 512749\",\"E-mail: pip.enquiries@biogenidec.com\"]","timestamp":"2025-07-25T16:03:41.855Z"}
{"level":"warn","message":"Skipping invalid key in record: ","timestamp":"2025-07-25T16:03:41.855Z"}
{"level":"warn","message":"Invalid contact format (non-string) for record with PIP number EMEA-002199-PIP01-17: [\"Pfizer Limited\",\"Tel. + 44 1304646607\",\"E-mail: pip_enquiries@pfizer.com\"]","timestamp":"2025-07-25T16:03:41.855Z"}
{"level":"warn","message":"Skipping invalid key in record: ","timestamp":"2025-07-25T16:03:41.855Z"}
{"level":"warn","message":"Invalid contact format (non-string) for record with PIP number EMEA-002185-PIP02-17: [\"Taiga Biotechnologies\",\"Inc\",\"E-mail: refaeli@taigabiotech.com\",\"Tel. +1 7208593547\"]","timestamp":"2025-07-25T16:03:41.855Z"}
{"level":"warn","message":"Skipping invalid key in record: ","timestamp":"2025-07-25T16:03:41.855Z"}
{"level":"warn","message":"Invalid contact format (non-string) for record with PIP number EMEA-001808-PIP03-17: [\"Newron Pharmaceuticals SpA\",\"E-mail: ravi@anand.ch\",\"Tel. +41 793741364\"]","timestamp":"2025-07-25T16:03:41.855Z"}
{"level":"warn","message":"Skipping invalid key in record: ","timestamp":"2025-07-25T16:03:41.855Z"}
{"level":"warn","message":"Invalid contact format (non-string) for record with PIP number EMEA-002059-PIP01-16: [\"Regeneron Ireland U.C.\",\"Tel.  +1 9148475385\",\"E-mail: clinicaltrials@regeneron.com\"]","timestamp":"2025-07-25T16:03:41.855Z"}
{"level":"warn","message":"Skipping invalid key in record: ","timestamp":"2025-07-25T16:03:41.855Z"}
{"level":"warn","message":"Invalid contact format (non-string) for record with PIP number EMEA-001748-PIP02-18: [\"Orphazyme A/S\",\"Tel. +45 20727120\",\"E-mail: alk@orphazyme.com\"]","timestamp":"2025-07-25T16:03:41.855Z"}
{"level":"warn","message":"Skipping invalid key in record: ","timestamp":"2025-07-25T16:03:41.856Z"}
{"level":"warn","message":"Invalid contact format (non-string) for record with PIP number EMEA-001716-PIP03-18: [\"Genzyme Europe B.V.\",\"E-mail: eumedinfo.gz@sanofi.com\",\"Tel. +31 3569 91499\"]","timestamp":"2025-07-25T16:03:41.856Z"}
{"level":"warn","message":"Skipping invalid key in record: ","timestamp":"2025-07-25T16:03:41.856Z"}
{"level":"warn","message":"Invalid contact format (non-string) for record with PIP number EMEA-001662-PIP03-17: [\"Clementia Pharmaceuticals Inc.\",\"Clementia Pharmaceuticals Inc.\",\"Tel: +33(0)158335427\",\"Email: abdelali.majdi@ipsen.com\"]","timestamp":"2025-07-25T16:03:41.856Z"}
{"level":"warn","message":"Skipping invalid key in record: ","timestamp":"2025-07-25T16:03:41.856Z"}
{"level":"warn","message":"Invalid contact format (non-string) for record with PIP number EMEA-001350-PIP02-13-M04: [\"Gilead Sciences International Limited\",\"Tel. +44 (0)1223 897300\",\"E-mail: regulatory.pip@gilead.com\"]","timestamp":"2025-07-25T16:03:41.856Z"}
{"level":"warn","message":"Skipping invalid key in record: ","timestamp":"2025-07-25T16:03:41.856Z"}
{"level":"warn","message":"Invalid contact format (non-string) for record with PIP number EMEA-002393-PIP01-18: [\"Laves-Arzneimittel GmbH\",\"Tel. +49 511438740\",\"E-mail: info@laves-pharma.de\"]","timestamp":"2025-07-25T16:03:41.856Z"}
{"level":"warn","message":"Skipping invalid key in record: ","timestamp":"2025-07-25T16:03:41.857Z"}
{"level":"warn","message":"Invalid contact format (non-string) for record with PIP number EMEA-002389-PIP01-18: [\"BeiGene\",\"Ltd.\",\"Tel.  +1 8312328117\",\"E-mail: patty.carlos@beigene.com\"]","timestamp":"2025-07-25T16:03:41.857Z"}
{"level":"warn","message":"Skipping invalid key in record: ","timestamp":"2025-07-25T16:03:41.857Z"}
{"level":"warn","message":"Invalid contact format (non-string) for record with PIP number EMEA-002385-PIP01-18: [\"Spectrum Pharmaceuticals\",\"Inc.\",\"Tel.  +1 9497439228\",\"E-mail: anil.hiteshi@sppirx.com\"]","timestamp":"2025-07-25T16:03:41.857Z"}
{"level":"warn","message":"Skipping invalid key in record: ","timestamp":"2025-07-25T16:03:41.857Z"}
{"level":"warn","message":"Invalid contact format (non-string) for record with PIP number EMEA-002384-PIP01-18: [\"Kuhnil Pharm. CO.\",\"Ltd.\",\"Tel.  +82 221759756\",\"E-mail: jypark3@kuhnil.com\",\"anna.alonen@medfiles.fi\"]","timestamp":"2025-07-25T16:03:41.857Z"}
{"level":"warn","message":"Skipping invalid key in record: ","timestamp":"2025-07-25T16:03:41.857Z"}
{"level":"warn","message":"Skipping invalid key in record: ","timestamp":"2025-07-25T16:03:41.857Z"}
{"level":"warn","message":"Skipping invalid key in record: ","timestamp":"2025-07-25T16:03:41.857Z"}
{"level":"warn","message":"Invalid contact format (non-string) for record with PIP number EMEA-002376-PIP01-18: [\"Trizell Ltd.\",\"Tel. +44 1844355625\"]","timestamp":"2025-07-25T16:03:41.857Z"}
{"level":"warn","message":"Skipping invalid key in record: ","timestamp":"2025-07-25T16:03:41.858Z"}
{"level":"warn","message":"Skipping invalid key in record: ","timestamp":"2025-07-25T16:03:41.858Z"}
{"level":"warn","message":"Invalid contact format (non-string) for record with PIP number EMEA-002366-PIP01-18: [\"SmartGenRx Pty Ltd\",\"Tel.  +61 (2)80524375\",\"E-mail: arodgers@georgeinstitute.org\"]","timestamp":"2025-07-25T16:03:41.858Z"}
{"level":"warn","message":"Skipping invalid key in record: ","timestamp":"2025-07-25T16:03:41.858Z"}
{"level":"warn","message":"Invalid contact format (non-string) for record with PIP number EMEA-002363-PIP01-18: [\"Eidos Therapeutics\",\"Inc.\",\"Tel.  +1415 887 1471\",\"E-mail: info@eidostx.com\"]","timestamp":"2025-07-25T16:03:41.858Z"}
{"level":"warn","message":"Skipping invalid key in record: ","timestamp":"2025-07-25T16:03:41.858Z"}
{"level":"info","message":"CSV Headers: Decision number,PIP number,Active substance,Invented name,Therapeutic area,Pharmaceutical forms,Condition / indication,Routes of administration,Decision type,Decision date,Compliance outcome,Compliance opinion date,Compliance procedure number,Contact for public enquiries,First published date,Last updated date,PIP URL,","timestamp":"2025-07-25T16:03:41.858Z"}
{"level":"warn","message":"Skipping invalid key in record: ","timestamp":"2025-07-25T16:03:41.858Z"}
{"level":"warn","message":"Invalid contact format (non-string) for record with PIP number EMEA-002352-PIP01-18: [\"Sanofi- Aventis Research & Development\",\"Tel.  +33 169745695\",\"E-mail: contact-us@sanofi.com\"]","timestamp":"2025-07-25T16:03:41.858Z"}
{"level":"warn","message":"Skipping invalid key in record: ","timestamp":"2025-07-25T16:03:41.858Z"}
{"level":"warn","message":"Invalid contact format (non-string) for record with PIP number EMEA-002345-PIP01-18: [\"Merck KGaA\",\"Tel. +49 6151 725200\",\"E-mail: service@merckgroup.com\"]","timestamp":"2025-07-25T16:03:41.858Z"}
{"level":"info","message":"Processed 2000 records (inserted: 999, updated: 1, skipped: 7)","timestamp":"2025-07-25T16:03:41.858Z"}
{"level":"warn","message":"Skipping invalid key in record: ","timestamp":"2025-07-25T16:03:41.858Z"}
{"level":"warn","message":"Skipping invalid key in record: ","timestamp":"2025-07-25T16:03:41.858Z"}
{"level":"warn","message":"Invalid contact format (non-string) for record with PIP number EMEA-002335-PIP01-18: [\"Kite Pharma EU B.V.\",\"Tel. +1 4242091332\",\"E-mail: regulatory@kitepharma.com\"]","timestamp":"2025-07-25T16:03:41.858Z"}
{"level":"warn","message":"Skipping invalid key in record: ","timestamp":"2025-07-25T16:03:41.859Z"}
{"level":"warn","message":"Invalid contact format (non-string) for record with PIP number EMEA-002261-PIP01-17: [\"Rockwell Medical\",\"Inc.\",\"Tel.  +1 2489609009\",\"E-mail: rpratt@rockwellmed.com\"]","timestamp":"2025-07-25T16:03:41.859Z"}
{"level":"warn","message":"Skipping invalid key in record: ","timestamp":"2025-07-25T16:03:41.859Z"}
{"level":"warn","message":"Invalid contact format (non-string) for record with PIP number EMEA-002244-PIP02-18: [\"Stemline Therapeutics\",\"Inc.\",\"Tel.  +1 6465022310\",\"E-mail: info@stemline.com\"]","timestamp":"2025-07-25T16:03:41.859Z"}
{"level":"warn","message":"Skipping invalid key in record: ","timestamp":"2025-07-25T16:03:41.859Z"}
{"level":"warn","message":"Invalid contact format (non-string) for record with PIP number EMEA-001521-PIP02-18: [\"Bristol-Myers Squibb Pharma EEIG\",\"Tel. +41 327298500\",\"E-mail: medinfo.intl@celgene.com\"]","timestamp":"2025-07-25T16:03:41.860Z"}
{"level":"warn","message":"Skipping invalid key in record: ","timestamp":"2025-07-25T16:03:41.860Z"}
{"level":"warn","message":"Invalid contact format (non-string) for record with PIP number EMEA-001384-PIP02-17: [\"Schülke & Mayr GmbH\",\"Tel.  +49 4052100666\",\"E-mail: info@schuelke.com\"]","timestamp":"2025-07-25T16:03:41.860Z"}
{"level":"warn","message":"Skipping invalid key in record: ","timestamp":"2025-07-25T16:03:41.860Z"}
{"level":"warn","message":"Invalid contact format (non-string) for record with PIP number EMEA-001045-PIP02-18: [\"Sanofi-aventis recherche et développement\",\"Tel. +33 169745695\",\"E-mail: contact-us@sanofi.com\"]","timestamp":"2025-07-25T16:03:41.860Z"}
{"level":"info","message":"Processed batch: inserted 995, updated 5","timestamp":"2025-07-25T16:03:47.016Z"}
{"level":"warn","message":"Skipping invalid key in record: ","timestamp":"2025-07-25T16:03:47.016Z"}
{"level":"warn","message":"Invalid contact format (non-string) for record with PIP number EMEA-001039-PIP03-17: [\"Merz Pharmaceuticals GmbH\",\"Tel.: +49 6915031\",\"E-mail: contact@merz.de\"]","timestamp":"2025-07-25T16:03:47.016Z"}
{"level":"warn","message":"Skipping invalid key in record: ","timestamp":"2025-07-25T16:03:47.016Z"}
{"level":"warn","message":"Invalid contact format (non-string) for record with PIP number EMEA-000980-PIP04-18: [\"Takeda Pharma A/S\",\"Tel. +44 2031168000\",\"E-mail: paediatrics@tgrd.com\"]","timestamp":"2025-07-25T16:03:47.017Z"}
{"level":"warn","message":"Skipping invalid key in record: ","timestamp":"2025-07-25T16:03:47.017Z"}
{"level":"warn","message":"Skipping invalid key in record: ","timestamp":"2025-07-25T16:03:47.017Z"}
{"level":"warn","message":"Skipping invalid key in record: ","timestamp":"2025-07-25T16:03:47.017Z"}
{"level":"warn","message":"Skipping invalid key in record: ","timestamp":"2025-07-25T16:03:47.017Z"}
{"level":"warn","message":"Invalid contact format (non-string) for record with PIP number EMEA-001771-PIP01-15: [\"Krka\",\"d.d.\",\"Novo mesto\",\"E-mail: dragan.priselac@krka.biz\",\"Tel. +386 7331 9037\"]","timestamp":"2025-07-25T16:03:47.017Z"}
{"level":"warn","message":"Skipping invalid key in record: ","timestamp":"2025-07-25T16:03:47.018Z"}
{"level":"warn","message":"Skipping invalid key in record: ","timestamp":"2025-07-25T16:03:47.018Z"}
{"level":"warn","message":"Invalid contact format (non-string) for record with PIP number EMEA-000769-PIP01-09-M08: [\"Pfizer Limited\",\"Tel. + 44 1304646607\",\"E-mail: pip_enquiries@pfizer.com\"]","timestamp":"2025-07-25T16:03:47.018Z"}
{"level":"warn","message":"Skipping invalid key in record: ","timestamp":"2025-07-25T16:03:47.018Z"}
{"level":"warn","message":"Invalid contact format (non-string) for record with PIP number EMEA-000713-PIP02-10-M05: [\"CTI Life Sciences Limited\",\"Tel. +1 2062724260\",\"E-mail: bseeley@ctibiopharma.com\"]","timestamp":"2025-07-25T16:03:47.018Z"}
{"level":"warn","message":"Skipping invalid key in record: ","timestamp":"2025-07-25T16:03:47.018Z"}
{"level":"warn","message":"Invalid contact format (non-string) for record with PIP number EMEA-002274-PIP01-17: [\"Abbott Laboratories Limited\",\"Tel.  +44 (0) 1628 644513\",\"E-mail: robyn.hall@abbott.com\"]","timestamp":"2025-07-25T16:03:47.019Z"}
{"level":"warn","message":"Skipping invalid key in record: ","timestamp":"2025-07-25T16:03:47.019Z"}
{"level":"warn","message":"Invalid contact format (non-string) for record with PIP number EMEA-002275-PIP01-17: [\"Abbott Laboratories Limited\",\"Tel.  +44 (0) 1628 644513\",\"E-mail: robyn.hall@abbott.com\"]","timestamp":"2025-07-25T16:03:47.019Z"}
{"level":"warn","message":"Skipping invalid key in record: ","timestamp":"2025-07-25T16:03:47.019Z"}
{"level":"warn","message":"Invalid contact format (non-string) for record with PIP number EMEA-002276-PIP01-17: [\"Abbott Laboratories Limited\",\"Tel.  +44 (0) 1628 644513\",\"E-mail: robyn.hall@abbott.com\"]","timestamp":"2025-07-25T16:03:47.019Z"}
{"level":"warn","message":"Skipping invalid key in record: ","timestamp":"2025-07-25T16:03:47.019Z"}
{"level":"warn","message":"Invalid contact format (non-string) for record with PIP number EMEA-002291-PIP01-17: [\"Shire Pharmaceuticals Ireland Limited\",\"Tel. +44 (0)8008 38470\",\"E-mail: medinfoeuceemea@shire.com\"]","timestamp":"2025-07-25T16:03:47.019Z"}
{"level":"warn","message":"Skipping invalid key in record: ","timestamp":"2025-07-25T16:03:47.020Z"}
{"level":"warn","message":"Invalid contact format (non-string) for record with PIP number EMEA-002304-PIP01-17: [\"Gilead Sciences International Ltd\",\"E-mail: regulatory.pip@gilead.com\",\"Tel. +44 (0)1223 897300\"]","timestamp":"2025-07-25T16:03:47.020Z"}
{"level":"warn","message":"Skipping invalid key in record: ","timestamp":"2025-07-25T16:03:47.020Z"}
{"level":"warn","message":"Invalid contact format (non-string) for record with PIP number EMEA-002309-PIP01-17: [\"Alfred E. Tiefenbacher (GmbH & Co. KG)\",\"Tel. +49 404418090\",\"E-mail: regaffairs@aet.eu\"]","timestamp":"2025-07-25T16:03:47.020Z"}
{"level":"warn","message":"Skipping invalid key in record: ","timestamp":"2025-07-25T16:03:47.020Z"}
{"level":"warn","message":"Invalid contact format (non-string) for record with PIP number EMEA-002322-PIP01-17: [\"Pellepharm\",\"Inc\",\"Tel.  +33 182731004\",\"E-mail: leclere.marie-caroline@blue-reg.com\"]","timestamp":"2025-07-25T16:03:47.020Z"}
{"level":"warn","message":"Skipping invalid key in record: ","timestamp":"2025-07-25T16:03:47.020Z"}
{"level":"warn","message":"Invalid contact format (non-string) for record with PIP number EMEA-001748-PIP01-15-M01: [\"Orphazyme A/S\",\"E-mail: amh@orphazyme.com\",\"Tel. +45 2898 9056\"]","timestamp":"2025-07-25T16:03:47.020Z"}
{"level":"warn","message":"Skipping invalid key in record: ","timestamp":"2025-07-25T16:03:47.020Z"}
{"level":"warn","message":"Invalid contact format (non-string) for record with PIP number EMEA-002340-PIP01-18: [\"Società Italiana Carburo Ossigeno Spa SICO\",\"Tel. +39 0382530059\",\"E-mail: regulatory@gbpharma.it\",\"cvino@gbpharma.it\"]","timestamp":"2025-07-25T16:03:47.020Z"}
{"level":"warn","message":"Skipping invalid key in record: ","timestamp":"2025-07-25T16:03:47.021Z"}
{"level":"warn","message":"Invalid contact format (non-string) for record with PIP number EMEA-002344-PIP01-18: [\"Zambon SpA\",\"Tel.  +49 8990414910\",\"E-mail: contact@breath-therapeutics.com\"]","timestamp":"2025-07-25T16:03:47.021Z"}
{"level":"warn","message":"Skipping invalid key in record: ","timestamp":"2025-07-25T16:03:47.021Z"}
{"level":"warn","message":"Invalid contact format (non-string) for record with PIP number EMEA-000297-PIP02-12-M02: [\"Horizon Pharma Ireland Limited\",\"E-mail: regulatory-eu@horizonpharma.com\",\"Tel.  +353 1772 2100\"]","timestamp":"2025-07-25T16:03:47.021Z"}
{"level":"warn","message":"Skipping invalid key in record: ","timestamp":"2025-07-25T16:03:47.021Z"}
{"level":"warn","message":"Invalid contact format (non-string) for record with PIP number EMEA-001531-PIP01-13-M04: [\"Vanda Pharmaceuticals Ltd\",\"E-mail: gunther.birznieks@vandapharma.com\",\"Tel. +1 2027 343416\"]","timestamp":"2025-07-25T16:03:47.021Z"}
{"level":"warn","message":"Skipping invalid key in record: ","timestamp":"2025-07-25T16:03:47.021Z"}
{"level":"warn","message":"Invalid contact format (non-string) for record with PIP number EMEA-001535-PIP01-13-M01: [\"Advicenne\",\"E-mail: infomed@advicenne.com\",\"Tel. +33 4660 55420\"]","timestamp":"2025-07-25T16:03:47.021Z"}
{"level":"warn","message":"Skipping invalid key in record: ","timestamp":"2025-07-25T16:03:47.022Z"}
{"level":"warn","message":"Invalid contact format (non-string) for record with PIP number EMEA-002353-PIP01-18: [\"Sanofi pasteur\",\"Email: piplan@sanofipasteur.com\",\"Tel. +33 4373 75038\"]","timestamp":"2025-07-25T16:03:47.022Z"}
{"level":"warn","message":"Skipping invalid key in record: ","timestamp":"2025-07-25T16:03:47.022Z"}
{"level":"warn","message":"Invalid contact format (non-string) for record with PIP number EMEA-002192-PIP02-17: [\"Win Medica S.A.\",\"E-mail: info@winmedica.gr\",\"Tel. +30 2107488821\"]","timestamp":"2025-07-25T16:03:47.022Z"}
{"level":"warn","message":"Skipping invalid key in record: ","timestamp":"2025-07-25T16:03:47.022Z"}
{"level":"warn","message":"Invalid contact format (non-string) for record with PIP number EMEA-002002-PIP02-17: [\"Farmalider\",\"S.A\",\"E-mail: carloscalandria@farmalider.com\",\"Tel. +34 9166 12335\"]","timestamp":"2025-07-25T16:03:47.022Z"}
{"level":"warn","message":"Skipping invalid key in record: ","timestamp":"2025-07-25T16:03:47.022Z"}
{"level":"warn","message":"Invalid contact format (non-string) for record with PIP number EMEA-001469-PIP02-17: [\"Novo Nordisk A/S\",\"E-mail: paediatrics@novonordisk.com\",\"Tel. +45 4444 8888\"]","timestamp":"2025-07-25T16:03:47.023Z"}
{"level":"warn","message":"Skipping invalid key in record: ","timestamp":"2025-07-25T16:03:47.023Z"}
{"level":"warn","message":"Skipping invalid key in record: ","timestamp":"2025-07-25T16:03:47.023Z"}
{"level":"warn","message":"Invalid contact format (non-string) for record with PIP number EMEA-000694-PIP03-17: [\"AstraZeneca AB (UK)\",\"Tel. +44 2037496236\",\"E-mail: paediatrics@astrazeneca.com\"]","timestamp":"2025-07-25T16:03:47.023Z"}
{"level":"warn","message":"Skipping invalid key in record: ","timestamp":"2025-07-25T16:03:47.023Z"}
{"level":"warn","message":"Invalid contact format (non-string) for record with PIP number EMEA-001080-PIP01-10: [\"A.Menarini - IndustrieFarmaceutiche Riunite - s.r.I.\",\"E-mail: prijli@menarini.it\",\"Tel. +39 0555 680633\"]","timestamp":"2025-07-25T16:03:47.023Z"}
{"level":"warn","message":"Skipping invalid key in record: ","timestamp":"2025-07-25T16:03:47.023Z"}
{"level":"warn","message":"Invalid contact format (non-string) for record with PIP number EMEA-001196-PIP02-17: [\"Rigel Pharmaceuticals Ltd\",\"E-mail: dvance@rigel.com\",\"Tel. +44 (0)1603 693204\"]","timestamp":"2025-07-25T16:03:47.023Z"}
{"level":"warn","message":"Skipping invalid key in record: ","timestamp":"2025-07-25T16:03:47.024Z"}
{"level":"warn","message":"Invalid contact format (non-string) for record with PIP number EMEA-000342-PIP01-08-M07: [\"Pfizer Limited\",\"Tel. + 44 1304646607\",\"E-mail: pip_enquiries@pfizer.com\"]","timestamp":"2025-07-25T16:03:47.024Z"}
{"level":"warn","message":"Skipping invalid key in record: ","timestamp":"2025-07-25T16:03:47.024Z"}
{"level":"warn","message":"Invalid contact format (non-string) for record with PIP number EMEA-001426-PIP01-13-M02: [\"GlaxoSmithKline Biologicals S.A.\",\"E-mail: eu.paediatric-plans@gsk.com\",\"Tel.: +1 438 899 8201\"]","timestamp":"2025-07-25T16:03:47.024Z"}
{"level":"warn","message":"Skipping invalid key in record: ","timestamp":"2025-07-25T16:03:47.024Z"}
{"level":"warn","message":"Invalid contact format (non-string) for record with PIP number EMEA-001417-PIP01-12-M04: [\"Menarini International Operations Luxembourg S.A.\",\"E-mail: prijli@menarini.it\",\"Tel. +39 0555 680633\"]","timestamp":"2025-07-25T16:03:47.024Z"}
{"level":"warn","message":"Skipping invalid key in record: ","timestamp":"2025-07-25T16:03:47.025Z"}
{"level":"warn","message":"Skipping invalid key in record: ","timestamp":"2025-07-25T16:03:47.025Z"}
{"level":"warn","message":"Invalid contact format (non-string) for record with PIP number EMEA-000347-PIP03-18: [\"Faes Farma S.A.\",\"E-mail: ieguidazu@faes.es\",\"mjarenal@faes.es\",\"Tel. +34 944818300\"]","timestamp":"2025-07-25T16:03:47.025Z"}
{"level":"info","message":"CSV Headers: Decision number,PIP number,Active substance,Invented name,Therapeutic area,Pharmaceutical forms,Condition / indication,Routes of administration,Decision type,Decision date,Compliance outcome,Compliance opinion date,Compliance procedure number,Contact for public enquiries,First published date,Last updated date,PIP URL,","timestamp":"2025-07-25T16:03:47.031Z"}
{"level":"warn","message":"Skipping invalid key in record: ","timestamp":"2025-07-25T16:03:47.032Z"}
{"level":"warn","message":"Skipping invalid key in record: ","timestamp":"2025-07-25T16:03:47.033Z"}
{"level":"warn","message":"Invalid contact format (non-string) for record with PIP number EMEA-000982-PIP01-10: [\"KidzPharma Inc.\",\"United Kingdom\",\"george.overend@orsoxford.co.uk\",\"+44 1844279600\",\"+44 1844279602\"]","timestamp":"2025-07-25T16:03:47.033Z"}
{"level":"warn","message":"Skipping invalid key in record: ","timestamp":"2025-07-25T16:03:47.034Z"}
{"level":"warn","message":"Skipping invalid key in record: ","timestamp":"2025-07-25T16:03:47.034Z"}
{"level":"warn","message":"Invalid contact format (non-string) for record with PIP number EMEA-001039-PIP03-17: [\"Merz Pharmaceuticals GmbH\",\"Tel.: +49 6915031\",\"E-mail: contact@merz.de\"]","timestamp":"2025-07-25T16:03:47.034Z"}
{"level":"warn","message":"Skipping invalid key in record: ","timestamp":"2025-07-25T16:03:47.034Z"}
{"level":"warn","message":"Invalid contact format (non-string) for record with PIP number EMEA-001344-PIP02-17: [\"Zentiva\",\"k.s.\",\"Czech Republic\",\"blanka.zoubkova@zentiva.com\",\"Tel. +42 0267243574\"]","timestamp":"2025-07-25T16:03:47.034Z"}
{"level":"warn","message":"Skipping invalid key in record: ","timestamp":"2025-07-25T16:03:47.034Z"}
{"level":"warn","message":"Invalid contact format (non-string) for record with PIP number EMEA-002220-PIP01-17: [\"Medicago Inc.\",\"Tel.: +418 6589393 ext 156\",\"E-mail: martrejl@medicago.com\"]","timestamp":"2025-07-25T16:03:47.034Z"}
{"level":"warn","message":"Skipping invalid key in record: ","timestamp":"2025-07-25T16:03:47.034Z"}
{"level":"warn","message":"Invalid contact format (non-string) for record with PIP number EMEA-002255-PIP01-17: [\"Roche Registration Limited\",\"Tel. +41 616879411\",\"E-mail: global.paediatrics@roche.com\"]","timestamp":"2025-07-25T16:03:47.035Z"}
{"level":"warn","message":"Skipping invalid key in record: ","timestamp":"2025-07-25T16:03:47.035Z"}
{"level":"warn","message":"Skipping invalid key in record: ","timestamp":"2025-07-25T16:03:47.035Z"}
{"level":"warn","message":"Invalid contact format (non-string) for record with PIP number EMEA-002293-PIP01-17: [\"PledPharma AB\",\"Tel.: +46 708368702\",\"E-mail: malin.nittve@pledpharma.se\"]","timestamp":"2025-07-25T16:03:47.035Z"}
{"level":"warn","message":"Skipping invalid key in record: ","timestamp":"2025-07-25T16:03:47.035Z"}
{"level":"warn","message":"Skipping invalid key in record: ","timestamp":"2025-07-25T16:03:47.035Z"}
{"level":"warn","message":"Invalid contact format (non-string) for record with PIP number EMEA-001304-PIP03-17: [\"Intercept Pharma Ltd.\",\"Tel.: +1 6195417227\",\"E-mail: reginfo@interceptpharma.com\"]","timestamp":"2025-07-25T16:03:47.035Z"}
{"level":"warn","message":"Skipping invalid key in record: ","timestamp":"2025-07-25T16:03:47.035Z"}
{"level":"warn","message":"Invalid contact format (non-string) for record with PIP number EMEA-001523-PIP02-14-M03: [\"Janssen Cilag International NV\",\"Tel. +3214602111\",\"E-mail: contact@Janssen-emea.com\"]","timestamp":"2025-07-25T16:03:47.036Z"}
{"level":"warn","message":"Skipping invalid key in record: ","timestamp":"2025-07-25T16:03:47.036Z"}
{"level":"warn","message":"Invalid contact format (non-string) for record with PIP number EMEA-001448-PIP01-13-M03: [\"Biogen Idec Ltd\",\"Tel. +44 1628501014\",\"E-mail: pip.enquiries@biogenidec.com\"]","timestamp":"2025-07-25T16:03:47.036Z"}
{"level":"warn","message":"Skipping invalid key in record: ","timestamp":"2025-07-25T16:03:47.036Z"}
{"level":"warn","message":"Invalid contact format (non-string) for record with PIP number EMEA-000362-PIP01-08-M04: [\"Novartis Europharm Ltd\",\"E-mail: marine.lafargue@iqvia.com\",\"Tel. +33 1748 82008\"]","timestamp":"2025-07-25T16:03:47.036Z"}
{"level":"warn","message":"Skipping invalid key in record: ","timestamp":"2025-07-25T16:03:47.036Z"}
{"level":"warn","message":"Invalid contact format (non-string) for record with PIP number Thrombin alfa: [\"Bayer HealthCare AG\",\"Tel. +49 30346815333\",\"Fax +49 3046895333\",\"E-mail: pediatrics.medical-affairs-europe@bayerhealthcare.com\"]","timestamp":"2025-07-25T16:03:47.036Z"}
{"level":"warn","message":"Skipping invalid key in record: ","timestamp":"2025-07-25T16:03:47.037Z"}
{"level":"warn","message":"Invalid contact format (non-string) for record with PIP number EMEA-001965-PIP01-16: [\"Boehringer Ingelheim International GmbH\",\"Tel. +49 6132 778271\",\"Email: Paediatrics@boehringer-ingelheim.com\"]","timestamp":"2025-07-25T16:03:47.037Z"}
{"level":"warn","message":"Skipping invalid key in record: ","timestamp":"2025-07-25T16:03:47.037Z"}
{"level":"warn","message":"Invalid contact format (non-string) for record with PIP number EMEA-002263-PIP01-17: [\"Aziende Chimiche Riunite Angelini Francesco - A.C.R.A.F. - S.p.A.\",\"Tel. +39 0691045249\",\"E-mail: m.gatto@angelini.it\"]","timestamp":"2025-07-25T16:03:47.037Z"}
{"level":"warn","message":"Skipping invalid key in record: ","timestamp":"2025-07-25T16:03:47.037Z"}
{"level":"warn","message":"Skipping invalid key in record: ","timestamp":"2025-07-25T16:03:47.037Z"}
{"level":"warn","message":"Invalid contact format (non-string) for record with PIP number EMEA-001151-PIP02-17: [\"AstraZeneca AB (UK)\",\"Tel. +44 1625230700\",\"E-mail: paediatrics@astrazeneca.com\"]","timestamp":"2025-07-25T16:03:47.037Z"}
{"level":"warn","message":"Skipping invalid key in record: ","timestamp":"2025-07-25T16:03:47.037Z"}
{"level":"warn","message":"Invalid contact format (non-string) for record with PIP number EMEA-002302-PIP01-17: [\"Farmalíder\",\"S.A.\",\"Tel. +34 916612335\",\"E-mail: carloscalandria@farmalider.com\"]","timestamp":"2025-07-25T16:03:47.037Z"}
{"level":"warn","message":"Skipping invalid key in record: ","timestamp":"2025-07-25T16:03:47.038Z"}
{"level":"warn","message":"Invalid contact format (non-string) for record with PIP number EMEA-002248-PIP01-17: [\"Midas Pharma GmbH\",\"E-mail: ra@midas-pharma.com\",\"Tel. +49 6132 9900\"]","timestamp":"2025-07-25T16:03:47.038Z"}
{"level":"warn","message":"Skipping invalid key in record: ","timestamp":"2025-07-25T16:03:47.038Z"}
{"level":"warn","message":"Invalid contact format (non-string) for record with PIP number EMEA-002272-PIP01-17: [\"Syndax Pharmaceuticals\",\"Inc.\",\"Tel. +44(0) 7723045990\"]","timestamp":"2025-07-25T16:03:47.038Z"}
{"level":"warn","message":"Skipping invalid key in record: ","timestamp":"2025-07-25T16:03:47.038Z"}
{"level":"warn","message":"Invalid contact format (non-string) for record with PIP number EMEA-001716-PIP02-17: [\"Genzyme Europe B.V.\",\"Tel. +31 356991499\",\"E-mail: eumedinfo.gz@sanofi.com\"]","timestamp":"2025-07-25T16:03:47.038Z"}
{"level":"warn","message":"Skipping invalid key in record: ","timestamp":"2025-07-25T16:03:47.038Z"}
{"level":"warn","message":"Invalid contact format (non-string) for record with PIP number EMEA-002252-PIP01-17: [\"Roche Registration Limited\",\"Tel. +41 616879411\",\"E-mail: global.paediatrics@roche.com\"]","timestamp":"2025-07-25T16:03:47.039Z"}
{"level":"warn","message":"Skipping invalid key in record: ","timestamp":"2025-07-25T16:03:47.039Z"}
{"level":"warn","message":"Invalid contact format (non-string) for record with PIP number EMEA-002254-PIP01-17: [\"SciPharm Sàrl\",\"Tel. +352 271127017\",\"E-mail: office@scipharm.eu\"]","timestamp":"2025-07-25T16:03:47.039Z"}
{"level":"warn","message":"Skipping invalid key in record: ","timestamp":"2025-07-25T16:03:47.039Z"}
{"level":"warn","message":"Invalid contact format (non-string) for record with PIP number EMEA-002268-PIP01-17: [\"Janssen Research & Development\",\"Tel. +353 857446696\",\"E-mail: nbuhl@its.jnj.com\"]","timestamp":"2025-07-25T16:03:47.039Z"}
{"level":"warn","message":"Skipping invalid key in record: ","timestamp":"2025-07-25T16:03:47.039Z"}
{"level":"warn","message":"Invalid contact format (non-string) for record with PIP number EMEA-002257-PIP01-17: [\"ELPEN Pharmaceutical Co. Inc\",\"E-mail: info@elpen.gr\",\"Tel. +30 2106039326\"]","timestamp":"2025-07-25T16:03:47.039Z"}
{"level":"warn","message":"Skipping invalid key in record: ","timestamp":"2025-07-25T16:03:47.039Z"}
{"level":"warn","message":"Invalid contact format (non-string) for record with PIP number EMEA-001573-PIP02-17: [\"Kowa Research Europe Ltd\",\"Tel. +44 01189229000\",\"E-mail: regulatory@kowa.co.uk\"]","timestamp":"2025-07-25T16:03:47.039Z"}
{"level":"warn","message":"Skipping invalid key in record: ","timestamp":"2025-07-25T16:03:47.039Z"}
{"level":"warn","message":"Invalid contact format (non-string) for record with PIP number EMEA-001639-PIP02-17: [\"Achaogen\",\"Inc.\",\"Tel. +1 6502661120\",\"E-mail: info@achaogen.com\"]","timestamp":"2025-07-25T16:03:47.039Z"}
{"level":"warn","message":"Skipping invalid key in record: ","timestamp":"2025-07-25T16:03:47.039Z"}
{"level":"warn","message":"Invalid contact format (non-string) for record with PIP number EMEA-002155-PIP01-17: [\"SymbioPharm GmbH\",\"Tel. +41 613120510\",\"E-mail: klaus.rose@klausrose.net\"]","timestamp":"2025-07-25T16:03:47.039Z"}
{"level":"warn","message":"Skipping invalid key in record: ","timestamp":"2025-07-25T16:03:47.040Z"}
{"level":"warn","message":"Invalid contact format (non-string) for record with PIP number EMEA-002249-PIP01-17: [\"AstraZeneca AB (Sweden)\",\"Tel. +46 8 5532791\",\"E-mail: paediatrics@astrazeneca.com\"]","timestamp":"2025-07-25T16:03:47.040Z"}
{"level":"warn","message":"Skipping invalid key in record: ","timestamp":"2025-07-25T16:03:47.040Z"}
{"level":"warn","message":"Skipping invalid key in record: ","timestamp":"2025-07-25T16:03:47.040Z"}
{"level":"warn","message":"Skipping invalid key in record: ","timestamp":"2025-07-25T16:03:47.040Z"}
{"level":"warn","message":"Invalid contact format (non-string) for record with PIP number EMEA-000848-PIP01-10-M02: [\"ALK-Abelló A/S\",\"Denmark\",\"Tel +45 4574 7976\",\"E-mail: alkmrp@alk.net\"]","timestamp":"2025-07-25T16:03:47.040Z"}
{"level":"warn","message":"Skipping invalid key in record: ","timestamp":"2025-07-25T16:03:47.040Z"}
{"level":"warn","message":"Invalid contact format (non-string) for record with PIP number EMEA-000845-PIP01-10-M02: [\"ALK-Abelló A/S\",\"Denmark\",\"Tel +45 4574 7976\",\"E-mail: alkmrp@alk.net\"]","timestamp":"2025-07-25T16:03:47.040Z"}
{"level":"warn","message":"Skipping invalid key in record: ","timestamp":"2025-07-25T16:03:47.040Z"}
{"level":"warn","message":"Invalid contact format (non-string) for record with PIP number EMEA-000846-PIP01-10-M01: [\"ALK-Abelló A/S\",\"Denmark\",\"Tel +45 4574 7976\",\"E-mail: alkmrp@alk.net\"]","timestamp":"2025-07-25T16:03:47.040Z"}
{"level":"warn","message":"Skipping invalid key in record: ","timestamp":"2025-07-25T16:03:47.041Z"}
{"level":"warn","message":"Invalid contact format (non-string) for record with PIP number EMEA-000847-PIP01-10-M01: [\"ALK-Abelló A/S\",\"Denmark\",\"Tel +45 4574 7976\",\"E-mail: alkmrp@alk.net\"]","timestamp":"2025-07-25T16:03:47.041Z"}
{"level":"warn","message":"Skipping invalid key in record: ","timestamp":"2025-07-25T16:03:47.041Z"}
{"level":"warn","message":"Invalid contact format (non-string) for record with PIP number EMEA-000849-PIP01-10-M01: [\"ALK-Abelló A/S\",\"Denmark\",\"Tel +45 4574 7976\",\"E-mail: alkmrp@alk.net\"]","timestamp":"2025-07-25T16:03:47.041Z"}
{"level":"warn","message":"Skipping invalid key in record: ","timestamp":"2025-07-25T16:03:47.041Z"}
{"level":"warn","message":"Skipping invalid key in record: ","timestamp":"2025-07-25T16:03:47.041Z"}
{"level":"warn","message":"Skipping invalid key in record: ","timestamp":"2025-07-25T16:03:47.041Z"}
{"level":"warn","message":"Invalid contact format (non-string) for record with PIP number EMEA-000876-PIP06-15: [\"Alexion Europe SAS\",\"France\",\"E-mail: pip.enquiries.eu@alxn.com\",\"Tel. +33 1 47 10 06 06\",\"Fax +33 1 47 10 06 11\"]","timestamp":"2025-07-25T16:03:47.041Z"}
{"level":"warn","message":"Skipping invalid key in record: ","timestamp":"2025-07-25T16:03:47.041Z"}
{"level":"warn","message":"Invalid contact format (non-string) for record with PIP number EMEA-001133-PIP01-11: [\"Protein Sciences Europa\",\"manon.cox@proteinsciences.com\",\"ldunkle@proteinsciences.com\",\"dadams@proteinsciences.com\",\"The Netherlands\",\"+31 2036860800\",\"+31 2036860268\"]","timestamp":"2025-07-25T16:03:47.042Z"}
{"level":"warn","message":"Skipping invalid key in record: ","timestamp":"2025-07-25T16:03:47.042Z"}
{"level":"warn","message":"Invalid contact format (non-string) for record with PIP number EMEA-001581-PIP01-13-M03: [\"Triskel EU Services\",\"Ltd\",\"United States\",\"Tel. +1 9195762306\",\"E-mail: ghorwith@cempra.com\"]","timestamp":"2025-07-25T16:03:47.042Z"}
{"level":"info","message":"CSV Headers: Decision number,PIP number,Active substance,Invented name,Therapeutic area,Pharmaceutical forms,Condition / indication,Routes of administration,Decision type,Decision date,Compliance outcome,Compliance opinion date,Compliance procedure number,Contact for public enquiries,First published date,Last updated date,PIP URL,","timestamp":"2025-07-25T16:03:47.048Z"}
{"level":"warn","message":"Skipping invalid key in record: ","timestamp":"2025-07-25T16:03:47.049Z"}
{"level":"warn","message":"Invalid contact format (non-string) for record with PIP number EMEA-001581-PIP02-16: [\"Triskel EU Services\",\"United Kingdom\",\"Tel. +1 9195762306\",\"E-mail: ghorwith@cempra.com\"]","timestamp":"2025-07-25T16:03:47.049Z"}
{"level":"warn","message":"Skipping invalid key in record: ","timestamp":"2025-07-25T16:03:47.049Z"}
{"level":"warn","message":"Invalid contact format (non-string) for record with PIP number EMEA-001797-PIP01-15-M01: [\"Octapharma Pharmazeutika Produktionsges.m.b.H\",\"Tel. +43 1610 321201\",\"E-mail: wolfgang.frenzel@octapharma.com\"]","timestamp":"2025-07-25T16:03:47.049Z"}
{"level":"warn","message":"Skipping invalid key in record: ","timestamp":"2025-07-25T16:03:47.049Z"}
{"level":"warn","message":"Skipping invalid key in record: ","timestamp":"2025-07-25T16:03:47.050Z"}
{"level":"warn","message":"Invalid contact format (non-string) for record with PIP number EMEA-002239-PIP01-17: [\"Adamed Sp. z o.o.\",\"Tel. +48227327736\",\"E-mail: joanna.pawlak@adamed.com.pl\"]","timestamp":"2025-07-25T16:03:47.050Z"}
{"level":"warn","message":"Skipping invalid key in record: ","timestamp":"2025-07-25T16:03:47.050Z"}
{"level":"warn","message":"Invalid contact format (non-string) for record with PIP number EMEA-002242-PIP01-17: [\"Cascadian Therapeutics Luxembourg S.A.R.L.\",\"Tel. +1 2068012100\",\"E-mail: HER2CLIMBinquiries@cascadianrx.com\"]","timestamp":"2025-07-25T16:03:47.050Z"}
{"level":"warn","message":"Skipping invalid key in record: ","timestamp":"2025-07-25T16:03:47.050Z"}
{"level":"warn","message":"Invalid contact format (non-string) for record with PIP number EMEA-002258-PIP01-17: [\"Praxis Pharmaceuticals S.A\",\"Tel. +436643564874\",\"E-mail: j.rogan@inphares.net\"]","timestamp":"2025-07-25T16:03:47.050Z"}
{"level":"warn","message":"Skipping invalid key in record: ","timestamp":"2025-07-25T16:03:47.050Z"}
{"level":"warn","message":"Invalid contact format (non-string) for record with PIP number EMEA-002129-PIP02-17: [\"UJV Rez\",\"a. s.\",\"Tel. +420266172269\",\"E-mail: lukas.pech@ujv.cz\"]","timestamp":"2025-07-25T16:03:47.051Z"}
{"level":"warn","message":"Skipping invalid key in record: ","timestamp":"2025-07-25T16:03:47.051Z"}
{"level":"warn","message":"Invalid contact format (non-string) for record with PIP number EMEA-002109-PIP01-16: [\"Gilead Sciences International Ltd.\",\"Tel. +44 1223897300\",\"E-mail: regulatory.pip@gilead.com\"]","timestamp":"2025-07-25T16:03:47.051Z"}
{"level":"warn","message":"Skipping invalid key in record: ","timestamp":"2025-07-25T16:03:47.051Z"}
{"level":"warn","message":"Invalid contact format (non-string) for record with PIP number EMEA-000979-PIP01-10-M02: [\"Vericel Denmark ApS\",\"Tel. +1 6175885661\",\"E-mail: maguilera@vcel.com\"]","timestamp":"2025-07-25T16:03:47.051Z"}
{"level":"warn","message":"Skipping invalid key in record: ","timestamp":"2025-07-25T16:03:47.051Z"}
{"level":"warn","message":"Invalid contact format (non-string) for record with PIP number EMEA-000402-PIP02-11-M05: [\"UCB Pharma S.A.\",\"Tel. +44 1753677251\",\"E-mail: kenneth.johnson@ucb.com\"]","timestamp":"2025-07-25T16:03:47.052Z"}
{"level":"warn","message":"Skipping invalid key in record: ","timestamp":"2025-07-25T16:03:47.052Z"}
{"level":"warn","message":"Invalid contact format (non-string) for record with PIP number EMEA-000341-PIP02-09-M05: [\"Erytech pharma S.A.\",\"Tel. +33 4787 44438\",\"E-mail: vsemareg@erytech.com\"]","timestamp":"2025-07-25T16:03:47.052Z"}
{"level":"warn","message":"Skipping invalid key in record: ","timestamp":"2025-07-25T16:03:47.052Z"}
{"level":"warn","message":"Invalid contact format (non-string) for record with PIP number EMEA-000153-PIP01-07-M05: [\"Alfasigma SpA\",\"Tel. +39 0691393657\",\"E-mail: giulia.bruno@alfasigma.com\"]","timestamp":"2025-07-25T16:03:47.052Z"}
{"level":"warn","message":"Skipping invalid key in record: ","timestamp":"2025-07-25T16:03:47.052Z"}
{"level":"warn","message":"Invalid contact format (non-string) for record with PIP number EMEA-002144-PIP01-17: [\"SFL Pharmaceuticals Deutschland GmbH\",\"Tel. +49 7621 5500 250\",\"E-mail: RA@sfl-services.com\"]","timestamp":"2025-07-25T16:03:47.052Z"}
{"level":"warn","message":"Skipping invalid key in record: ","timestamp":"2025-07-25T16:03:47.052Z"}
{"level":"warn","message":"Invalid contact format (non-string) for record with PIP number EMEA-001395-PIP01-12: [\"Roche Registration Limited\",\"United Kingdom\",\"Tel. +41 6168 79411\",\"E-mail: info.paediatrics@roche.com\"]","timestamp":"2025-07-25T16:03:47.052Z"}
{"level":"warn","message":"Skipping invalid key in record: ","timestamp":"2025-07-25T16:03:47.052Z"}
{"level":"warn","message":"Invalid contact format (non-string) for record with PIP number EMEA-002224-PIP01-17: [\"Quark Pharmaceuticals\",\"Inc.\",\"Tel. +1 5103645121\",\"E-mail: DCafaro@quarkpharma.com\"]","timestamp":"2025-07-25T16:03:47.052Z"}
{"level":"warn","message":"Skipping invalid key in record: ","timestamp":"2025-07-25T16:03:47.053Z"}
{"level":"warn","message":"Invalid contact format (non-string) for record with PIP number EMEA-002213-PIP01-17: [\"Vascular Therapies\",\"Inc.\",\"Tel. +1 2012668310\",\"E-mail: david@vasculartx.com\"]","timestamp":"2025-07-25T16:03:47.053Z"}
{"level":"warn","message":"Skipping invalid key in record: ","timestamp":"2025-07-25T16:03:47.053Z"}
{"level":"warn","message":"Skipping invalid key in record: ","timestamp":"2025-07-25T16:03:47.053Z"}
{"level":"warn","message":"Skipping invalid key in record: ","timestamp":"2025-07-25T16:03:47.053Z"}
{"level":"warn","message":"Invalid contact format (non-string) for record with PIP number EMEA-002197-PIP01-17: [\"Immunocore Ltd\",\"Tel. +1 2153139618\",\"E-mail: Chris.Coughlin@immunocore.com\"]","timestamp":"2025-07-25T16:03:47.053Z"}
{"level":"warn","message":"Skipping invalid key in record: ","timestamp":"2025-07-25T16:03:47.053Z"}
{"level":"warn","message":"Invalid contact format (non-string) for record with PIP number EMEA-002195-PIP01-17: [\"Proteon Therapeutics Limited\",\"Tel. +44 1635576298\",\"E-mail: info@proteontx.com\"]","timestamp":"2025-07-25T16:03:47.053Z"}
{"level":"warn","message":"Skipping invalid key in record: ","timestamp":"2025-07-25T16:03:47.053Z"}
{"level":"warn","message":"Invalid contact format (non-string) for record with PIP number EMEA-002196-PIP01-17: [\"Chiesi Farmaceutici S.p.A\",\"Tel. +39 05212791\",\"E-mail: info@chiesi.com\"]","timestamp":"2025-07-25T16:03:47.053Z"}
{"level":"warn","message":"Skipping invalid key in record: ","timestamp":"2025-07-25T16:03:47.053Z"}
{"level":"warn","message":"Invalid contact format (non-string) for record with PIP number EMEA-001831-PIP01-15: [\"Roche Products Limited\",\"Switzerland\",\"Tel. +41 6168 79411\",\"E-mail: info.paediatrics@roche.com\"]","timestamp":"2025-07-25T16:03:47.053Z"}
{"level":"warn","message":"Skipping invalid key in record: ","timestamp":"2025-07-25T16:03:47.053Z"}
{"level":"warn","message":"Invalid contact format (non-string) for record with PIP number EMEA-001340-PIP01-12-M03: [\"Mallinckrodt Pharmaceuticals Ireland Ltd\",\"Tel. +49 173 2393159\",\"E-mail: markus.rothenburger@mallinckrodt.com\"]","timestamp":"2025-07-25T16:03:47.053Z"}
{"level":"warn","message":"Skipping invalid key in record: ","timestamp":"2025-07-25T16:03:47.054Z"}
{"level":"warn","message":"Invalid contact format (non-string) for record with PIP number EMEA-000018-PIP01-07-M14: [\"Grünenthal GmbH\",\"Tel.: +49 2415690\",\"E-mail: pediatrics@grunenthal.com\"]","timestamp":"2025-07-25T16:03:47.054Z"}
{"level":"warn","message":"Skipping invalid key in record: ","timestamp":"2025-07-25T16:03:47.054Z"}
{"level":"warn","message":"Invalid contact format (non-string) for record with PIP number EMEA-000971-PIP01-10-M03: [\"Bio Products Laboratory Limited\",\"Tel. +44 2089572200\",\"E-mail: medinfo@bpl.co.uk\"]","timestamp":"2025-07-25T16:03:47.054Z"}
{"level":"warn","message":"Skipping invalid key in record: ","timestamp":"2025-07-25T16:03:47.054Z"}
{"level":"warn","message":"Invalid contact format (non-string) for record with PIP number EMEA-000794-PIP01-09-M01: [\"LETI Pharma GmbH\",\"Tel. +49 89121400290\",\"E-mail: paediatrics@leti.de\"]","timestamp":"2025-07-25T16:03:47.054Z"}
{"level":"warn","message":"Skipping invalid key in record: ","timestamp":"2025-07-25T16:03:47.054Z"}
{"level":"warn","message":"Invalid contact format (non-string) for record with PIP number EMEA-000792-PIP01-09-M01: [\"LETI Pharma GmbH\",\"Tel. +49 89121400290\",\"E-mail: paediatrics@leti.de\"]","timestamp":"2025-07-25T16:03:47.054Z"}
{"level":"warn","message":"Skipping invalid key in record: ","timestamp":"2025-07-25T16:03:47.054Z"}
{"level":"warn","message":"Invalid contact format (non-string) for record with PIP number EMEA-000795-PIP01-09-M01: [\"LETI Pharma GmbH\",\"Tel. +49 89121400290\",\"E-mail: paediatrics@leti.de\"]","timestamp":"2025-07-25T16:03:47.054Z"}
{"level":"warn","message":"Skipping invalid key in record: ","timestamp":"2025-07-25T16:03:47.054Z"}
{"level":"warn","message":"Invalid contact format (non-string) for record with PIP number EMEA-000239-PIP01-08-M03: [\"Theravance Biopharma Ireland Ltd.\",\"Tel. +33 174882008\",\"E-mail: marine.lafargue@quintilesims.com\"]","timestamp":"2025-07-25T16:03:47.054Z"}
{"level":"warn","message":"Skipping invalid key in record: ","timestamp":"2025-07-25T16:03:47.054Z"}
{"level":"warn","message":"Skipping invalid key in record: ","timestamp":"2025-07-25T16:03:47.054Z"}
{"level":"warn","message":"Invalid contact format (non-string) for record with PIP number EMEA-002170-PIP01-17: [\"Cumdente GmbH\",\"Tel. +49 70719755721\",\"E-mail: info@cumdente.de\"]","timestamp":"2025-07-25T16:03:47.055Z"}
{"level":"warn","message":"Skipping invalid key in record: ","timestamp":"2025-07-25T16:03:47.055Z"}
{"level":"warn","message":"Invalid contact format (non-string) for record with PIP number EMEA-002142-PIP01-17: [\"Aziende Chimiche Riunite Angelini Francesco - A.C.R.A.F - S.p.A\",\"Tel. +39 0691045249\",\"E-mail: m.gatto@angelini.it\"]","timestamp":"2025-07-25T16:03:47.055Z"}
{"level":"warn","message":"Skipping invalid key in record: ","timestamp":"2025-07-25T16:03:47.055Z"}
{"level":"warn","message":"Invalid contact format (non-string) for record with PIP number EMEA-002094-PIP01-16: [\"iron4u\",\"Tel. +45 45475040\",\"E-mail: ovn@iron4u.com\"]","timestamp":"2025-07-25T16:03:47.055Z"}
{"level":"warn","message":"Skipping invalid key in record: ","timestamp":"2025-07-25T16:03:47.055Z"}
{"level":"warn","message":"Invalid contact format (non-string) for record with PIP number EMEA-002051-PIP02-16: [\"Sage Therapeutics Inc\",\"Tel. +1 6172998380\",\"E-mail: contact@sagerx.com\"]","timestamp":"2025-07-25T16:03:47.055Z"}
{"level":"warn","message":"Skipping invalid key in record: ","timestamp":"2025-07-25T16:03:47.055Z"}
{"level":"warn","message":"Invalid contact format (non-string) for record with PIP number EMEA-000559-PIP01-09-M04: [\"Valneva Austria GmbH\",\"Tel. +43 1206201286\",\"E-mail: Christian.TAUCHER@valneva.com\"]","timestamp":"2025-07-25T16:03:47.055Z"}
{"level":"warn","message":"Skipping invalid key in record: ","timestamp":"2025-07-25T16:03:47.056Z"}
{"level":"warn","message":"Invalid contact format (non-string) for record with PIP number EMEA-000078-PIP01-07-M08: [\"Amgen Europe B.V\",\"Tel.: +44 (0)1223 420305\",\"E-mail: medinfointernational@amgen.com\"]","timestamp":"2025-07-25T16:03:47.056Z"}
{"level":"warn","message":"Skipping invalid key in record: ","timestamp":"2025-07-25T16:03:47.056Z"}
{"level":"warn","message":"Invalid contact format (non-string) for record with PIP number EMEA-001271-PIP01-12-M01: [\"Alcon Laboratories (UK) Ltd.\",\"United Kingdom\",\"bettina.maunz@alconlabs.com\",\"Tel. +1 8175514858\"]","timestamp":"2025-07-25T16:03:47.056Z"}
{"level":"warn","message":"Skipping invalid key in record: ","timestamp":"2025-07-25T16:03:47.056Z"}
{"level":"warn","message":"Skipping invalid key in record: ","timestamp":"2025-07-25T16:03:47.056Z"}
{"level":"warn","message":"Invalid contact format (non-string) for record with PIP number EMEA-000228-PIP01-08-M04: [\"N.V. Organon\",\"E-mail: regaffairseurope@organon.com\",\"Tel: +31 412770000\"]","timestamp":"2025-07-25T16:03:47.056Z"}
{"level":"warn","message":"Skipping invalid key in record: ","timestamp":"2025-07-25T16:03:47.056Z"}
{"level":"warn","message":"Skipping invalid key in record: ","timestamp":"2025-07-25T16:03:47.056Z"}
{"level":"warn","message":"Invalid contact format (non-string) for record with PIP number EMEA-001254-PIP01-11-M02: [\"Sanofi Pasteur SP\",\"France\",\"Tel. +33 4373 75038\",\"E-mail: piplan@sanofipasteur.com\"]","timestamp":"2025-07-25T16:03:47.057Z"}
{"level":"warn","message":"Skipping invalid key in record: ","timestamp":"2025-07-25T16:03:47.057Z"}
{"level":"warn","message":"Invalid contact format (non-string) for record with PIP number EMEA-000876-PIP02-11-M01: [\"Alexion Europe SAS\",\"France\",\"E-mail: pip.enquiries.eu@alxn.com\",\"Tel. +33 1 47 10 06 06\",\"Fax +33 1 47 10 06 11\"]","timestamp":"2025-07-25T16:03:47.057Z"}
{"level":"warn","message":"Skipping invalid key in record: ","timestamp":"2025-07-25T16:03:47.057Z"}
{"level":"warn","message":"Invalid contact format (non-string) for record with PIP number EMEA-000717-PIP02-13-M02: [\"Orphelia Pharma SA\",\"France\",\"E-mail: contact@orphelia-pharma.eu\",\"Tel. +33 1427 70818\"]","timestamp":"2025-07-25T16:03:47.057Z"}
{"level":"info","message":"CSV Headers: Decision number,PIP number,Active substance,Invented name,Therapeutic area,Pharmaceutical forms,Condition / indication,Routes of administration,Decision type,Decision date,Compliance outcome,Compliance opinion date,Compliance procedure number,Contact for public enquiries,First published date,Last updated date,PIP URL,","timestamp":"2025-07-25T16:03:47.067Z"}
{"level":"warn","message":"Skipping invalid key in record: ","timestamp":"2025-07-25T16:03:47.074Z"}
{"level":"warn","message":"Invalid contact format (non-string) for record with PIP number EMEA-001729-PIP01-14-M01: [\"Dompé farmaceutici SpA\",\"Italy\",\"Tel.: +39 3669018586\",\"Email: lamberto.dionigi@dompe.com\"]","timestamp":"2025-07-25T16:03:47.074Z"}
{"level":"warn","message":"Skipping invalid key in record: ","timestamp":"2025-07-25T16:03:47.075Z"}
{"level":"warn","message":"Invalid contact format (non-string) for record with PIP number EMEA-001039-PIP01-10-M02: [\"Merz Pharmaceuticals GmbH\",\"Germany\",\"Tel. +49 6915031\",\"Fax +49 691503200\",\"E-mail: contact@merz.de\"]","timestamp":"2025-07-25T16:03:47.075Z"}
{"level":"warn","message":"Skipping invalid key in record: ","timestamp":"2025-07-25T16:03:47.075Z"}
{"level":"warn","message":"Invalid contact format (non-string) for record with PIP number EMEA-001758-PIP01-15-M02: [\"Janssen-Cilag International NV\",\"Tel. + 32 1460 2111\",\"E-mail: contact@janssen-emea.com\"]","timestamp":"2025-07-25T16:03:47.075Z"}
{"level":"warn","message":"Skipping invalid key in record: ","timestamp":"2025-07-25T16:03:47.075Z"}
{"level":"warn","message":"Invalid contact format (non-string) for record with PIP number EMEA-001363-PIP01-12-M01: [\"Asahi Kasei Pharma America Corporation\",\"Tel. +1 7814191940\",\"E-mail: RegInquiry@akpamerica.com\"]","timestamp":"2025-07-25T16:03:47.078Z"}
{"level":"warn","message":"Skipping invalid key in record: ","timestamp":"2025-07-25T16:03:47.081Z"}
{"level":"warn","message":"Invalid contact format (non-string) for record with PIP number EMEA-001382-PIP01-12: [\"Baxalta Innovations GmbH\",\"Austria\",\"E-mail: johannes.braun@baxalta.com\",\"Tel. +43 1201002472542\"]","timestamp":"2025-07-25T16:03:47.081Z"}
{"level":"warn","message":"Skipping invalid key in record: ","timestamp":"2025-07-25T16:03:47.082Z"}
{"level":"warn","message":"Invalid contact format (non-string) for record with PIP number EMEA-000674-PIP02-11-M01: [\"Boehringer Ingelheim International GmbH\",\"Tel. +49 6132 778271\",\"Email: Paediatrics@boehringer-ingelheim.com\"]","timestamp":"2025-07-25T16:03:47.082Z"}
{"level":"warn","message":"Skipping invalid key in record: ","timestamp":"2025-07-25T16:03:47.082Z"}
{"level":"warn","message":"Invalid contact format (non-string) for record with PIP number EMEA-001078-PIP01-10: [\"Cardiokine Biopharma\",\"LLC\",\"USA\",\"struocchio@cardiokine.com\",\"+1 2153991219\",\"+1 2153991230\"]","timestamp":"2025-07-25T16:03:47.082Z"}
{"level":"warn","message":"Skipping invalid key in record: ","timestamp":"2025-07-25T16:03:47.083Z"}
{"level":"warn","message":"Invalid contact format (non-string) for record with PIP number EMEA-000782-PIP01-09-M04: [\"MedImmune Ltd\",\"Tel. +44 (0)1582836181\",\"E-mail: paediatrics@medimmune.com\"]","timestamp":"2025-07-25T16:03:47.085Z"}
{"level":"warn","message":"Skipping invalid key in record: ","timestamp":"2025-07-25T16:03:47.088Z"}
{"level":"warn","message":"Invalid contact format (non-string) for record with PIP number EMEA-001406-PIP01-12: [\"Disphar International B.V.\",\"The Netherlands\",\"E-mail: mcguinness@disphar.com\",\"Tel. +31 3552 80400\",\"Fax +31 3554 80585\"]","timestamp":"2025-07-25T16:03:47.088Z"}
{"level":"warn","message":"Skipping invalid key in record: ","timestamp":"2025-07-25T16:03:47.089Z"}
{"level":"warn","message":"Skipping invalid key in record: ","timestamp":"2025-07-25T16:03:47.089Z"}
{"level":"warn","message":"Invalid contact format (non-string) for record with PIP number EMEA-001418-PIP01-15-M01: [\"ViiV Healthcare UK Limited\",\"E-mail: eu.paediatric-plans@gsk.com\",\"Tel. +44 (0)208 990 3650\"]","timestamp":"2025-07-25T16:03:47.089Z"}
{"level":"warn","message":"Skipping invalid key in record: ","timestamp":"2025-07-25T16:03:47.090Z"}
{"level":"warn","message":"Skipping invalid key in record: ","timestamp":"2025-07-25T16:03:47.093Z"}
{"level":"warn","message":"Invalid contact format (non-string) for record with PIP number EMEA-002222-PIP01-17: [\"Minerva Neurosciences\",\"Inc.\",\"Tel. +1 6176007373\",\"E-mail: info@minervaneurosciences.com\"]","timestamp":"2025-07-25T16:03:47.094Z"}
{"level":"warn","message":"Skipping invalid key in record: ","timestamp":"2025-07-25T16:03:47.094Z"}
{"level":"warn","message":"Invalid contact format (non-string) for record with PIP number EMEA-002202-PIP01-17: [\"Krka\",\"d.d.\",\"Novo mesto\",\"Tel. +38 67331 2055\",\"E-mail: tomaz.kralj@krka.biz\"]","timestamp":"2025-07-25T16:03:47.094Z"}
{"level":"warn","message":"Skipping invalid key in record: ","timestamp":"2025-07-25T16:03:47.095Z"}
{"level":"warn","message":"Invalid contact format (non-string) for record with PIP number EMEA-002175-PIP01-17: [\"Aerie Pharmaceuticals Ireland Ltd\",\"Tel. +1 9495268700\",\"E-mail: info@aeriepharma.com\"]","timestamp":"2025-07-25T16:03:47.095Z"}
{"level":"warn","message":"Skipping invalid key in record: ","timestamp":"2025-07-25T16:03:47.095Z"}
{"level":"warn","message":"Skipping invalid key in record: ","timestamp":"2025-07-25T16:03:47.095Z"}
{"level":"warn","message":"Invalid contact format (non-string) for record with PIP number EMEA-002200-PIP01-17: [\"Esperion Therapeutics\",\"Inc.\",\"Tel. +1 7346346816\",\"E-mail: ahall@esperion.com\"]","timestamp":"2025-07-25T16:03:47.095Z"}
{"level":"warn","message":"Skipping invalid key in record: ","timestamp":"2025-07-25T16:03:47.095Z"}
{"level":"warn","message":"Skipping invalid key in record: ","timestamp":"2025-07-25T16:03:47.095Z"}
{"level":"warn","message":"Invalid contact format (non-string) for record with PIP number EMEA-002212-PIP01-17: [\"ELC GROUP s.r.o.\",\"Karolinská\",\"Tel. +42 773 653633\",\"E-mail: parvinderpunia@pharmexon.com\"]","timestamp":"2025-07-25T16:03:47.095Z"}
{"level":"warn","message":"Skipping invalid key in record: ","timestamp":"2025-07-25T16:03:47.095Z"}
{"level":"warn","message":"Invalid contact format (non-string) for record with PIP number EMEA-001397-PIP06-17: [\"Janssen-Cilag International N.V.\",\"Tel. +32 1 464 1125\",\"E-mail: JWeemer1@its.jnj.com\"]","timestamp":"2025-07-25T16:03:47.096Z"}
{"level":"warn","message":"Skipping invalid key in record: ","timestamp":"2025-07-25T16:03:47.096Z"}
{"level":"warn","message":"Invalid contact format (non-string) for record with PIP number EMEA-001397-PIP05-17: [\"Janssen-Cilag International N.V.\",\"Tel. +32 1 464 1125\",\"E-mail: JWeemer1@its.jnj.com\"]","timestamp":"2025-07-25T16:03:47.096Z"}
{"level":"warn","message":"Skipping invalid key in record: ","timestamp":"2025-07-25T16:03:47.096Z"}
{"level":"warn","message":"Invalid contact format (non-string) for record with PIP number EMEA-001214-PIP02-17: [\"AstraZeneca AB (Sweden)\",\"Tel. +46 8 5532791\",\"E-mail: paediatrics@astrazeneca.com\"]","timestamp":"2025-07-25T16:03:47.096Z"}
{"level":"warn","message":"Skipping invalid key in record: ","timestamp":"2025-07-25T16:03:47.096Z"}
{"level":"warn","message":"Skipping invalid key in record: ","timestamp":"2025-07-25T16:03:47.096Z"}
{"level":"warn","message":"Invalid contact format (non-string) for record with PIP number EMEA-002074-PIP01-16: [\"Eli Lilly & Company Limited\",\"E-mail: eu_paediatric@lilly.com\",\"Tel. +44 (0)1276 483000\"]","timestamp":"2025-07-25T16:03:47.096Z"}
{"level":"warn","message":"Skipping invalid key in record: ","timestamp":"2025-07-25T16:03:47.097Z"}
{"level":"warn","message":"Invalid contact format (non-string) for record with PIP number EMEA-002167-PIP01-17: [\"Win Medica S.A.\",\"E-mail: info@winmedica.gr\",\"Tel. +30 2107488821\"]","timestamp":"2025-07-25T16:03:47.097Z"}
{"level":"warn","message":"Skipping invalid key in record: ","timestamp":"2025-07-25T16:03:47.097Z"}
{"level":"warn","message":"Skipping invalid key in record: ","timestamp":"2025-07-25T16:03:47.097Z"}
{"level":"warn","message":"Skipping invalid key in record: ","timestamp":"2025-07-25T16:03:47.097Z"}
{"level":"warn","message":"Invalid contact format (non-string) for record with PIP number EMEA-002174-PIP01-17: [\"Zentiva\",\"k.s.\",\"Tel. +42 267242361\",\"E-mail: dana.petrikova@sanofi.com\"]","timestamp":"2025-07-25T16:03:47.097Z"}
{"level":"warn","message":"Skipping invalid key in record: ","timestamp":"2025-07-25T16:03:47.097Z"}
{"level":"warn","message":"Invalid contact format (non-string) for record with PIP number EMEA-002082-PIP01-16: [\"Boehringer Ingelheim International GmbH\",\"Tel. +49 6132 778271\",\"Email: Paediatrics@boehringer-ingelheim.com\"]","timestamp":"2025-07-25T16:03:47.097Z"}
{"level":"warn","message":"Skipping invalid key in record: ","timestamp":"2025-07-25T16:03:47.097Z"}
{"level":"warn","message":"Invalid contact format (non-string) for record with PIP number EMEA-001979-PIP01-16: [\"Shire Pharmaceuticals Ireland Limited\",\"United Kingdom\",\"Tel. +800 6683 8470\",\"E-mail: medinfoemea@shire.com\"]","timestamp":"2025-07-25T16:03:47.098Z"}
{"level":"warn","message":"Skipping invalid key in record: ","timestamp":"2025-07-25T16:03:47.098Z"}
{"level":"warn","message":"Invalid contact format (non-string) for record with PIP number EMEA-002020-PIP01-16-M01: [\"Cleveland BioLabs Inc\",\"Tel. +1 9705 350201\",\"E-mail: ahards@cbiolabs.com\"]","timestamp":"2025-07-25T16:03:47.098Z"}
{"level":"warn","message":"Skipping invalid key in record: ","timestamp":"2025-07-25T16:03:47.098Z"}
{"level":"warn","message":"Invalid contact format (non-string) for record with PIP number EMEA-002004-PIP01-16: [\"Merck KGaA\",\"Tel. +49 6151 725200\",\"E-mail: service@merckgroup.com\"]","timestamp":"2025-07-25T16:03:47.098Z"}
{"level":"warn","message":"Skipping invalid key in record: ","timestamp":"2025-07-25T16:03:47.098Z"}
{"level":"warn","message":"Invalid contact format (non-string) for record with PIP number EMEA-002163-PIP01-17: [\"Kedrion S.p.A.\",\"Tel. +39 0583 1969697\",\"E-mail: info@kedrion.com\"]","timestamp":"2025-07-25T16:03:47.098Z"}
{"level":"warn","message":"Skipping invalid key in record: ","timestamp":"2025-07-25T16:03:47.098Z"}
{"level":"warn","message":"Invalid contact format (non-string) for record with PIP number EMEA-002140-PIP01-17: [\"Teva Pharmaceuticals Europe B.V.\",\"Tel. +44 (0)20 7540 7117\",\"E-mail: medinfo@tevauk.com\"]","timestamp":"2025-07-25T16:03:47.098Z"}
{"level":"warn","message":"Skipping invalid key in record: ","timestamp":"2025-07-25T16:03:47.099Z"}
{"level":"warn","message":"Invalid contact format (non-string) for record with PIP number EMEA-002151-PIP01-17: [\"Ixaltis SA\",\"Tel. +33 6294 74669\",\"E-mail: info@kedrion.com\"]","timestamp":"2025-07-25T16:03:47.099Z"}
{"level":"warn","message":"Skipping invalid key in record: ","timestamp":"2025-07-25T16:03:47.099Z"}
{"level":"warn","message":"Invalid contact format (non-string) for record with PIP number EMEA-002177-PIP01-17: [\"Teva Pharmaceuticals Europe B.V.\",\"Tel. +44 (0)20 7540 7117\",\"E-mail: medinfo@tevauk.com\"]","timestamp":"2025-07-25T16:03:47.099Z"}
{"level":"warn","message":"Skipping invalid key in record: ","timestamp":"2025-07-25T16:03:47.099Z"}
{"level":"warn","message":"Invalid contact format (non-string) for record with PIP number EMEA-002084-PIP01-16: [\"ProMetic BioTherapeutics Ltd\",\"Tel. +1 4507 810115\",\"E-mail: j.booth@prometic.com\",\"regaffairsuk@prometic.com\"]","timestamp":"2025-07-25T16:03:47.099Z"}
{"level":"warn","message":"Skipping invalid key in record: ","timestamp":"2025-07-25T16:03:47.099Z"}
{"level":"warn","message":"Invalid contact format (non-string) for record with PIP number EMEA-002092-PIP01-16: [\"Biotest AG\",\"Tel. + 49 6103 801497E-mail: clinical.trials@biotest.com\"]","timestamp":"2025-07-25T16:03:47.099Z"}
{"level":"warn","message":"Skipping invalid key in record: ","timestamp":"2025-07-25T16:03:47.100Z"}
{"level":"warn","message":"Invalid contact format (non-string) for record with PIP number EMEA-001886-PIP02-15-M01: [\"CSL Behring GmbH\",\"Tel.: +49 6421393304\",\"E-mail: rix-fp@cslbehring.com\"]","timestamp":"2025-07-25T16:03:47.100Z"}
{"level":"warn","message":"Skipping invalid key in record: ","timestamp":"2025-07-25T16:03:47.100Z"}
{"level":"warn","message":"Invalid contact format (non-string) for record with PIP number EMEA-001886-PIP01-15-M01: [\"CSL Behring GmbH\",\"Tel.: +49 6421393304\",\"E-mail: rix-fp@cslbehring.com\"]","timestamp":"2025-07-25T16:03:47.100Z"}
{"level":"warn","message":"Skipping invalid key in record: ","timestamp":"2025-07-25T16:03:47.100Z"}
{"level":"warn","message":"Invalid contact format (non-string) for record with PIP number EMEA-001590-PIP01-13-M04: [\"Scioderm\",\"Inc.\",\"United States\",\"Tel. +1 9193 282020\",\"E-mail: info@sdermebtrials.com\"]","timestamp":"2025-07-25T16:03:47.100Z"}
{"level":"warn","message":"Skipping invalid key in record: ","timestamp":"2025-07-25T16:03:47.100Z"}
{"level":"warn","message":"Invalid contact format (non-string) for record with PIP number EMEA-001517-PIP01-13-M01: [\"sanofi-aventis R&D\",\"France\",\"Tel. +33 1 60 49 66 82\",\"E-mail: contact-us@sanofi.com\"]","timestamp":"2025-07-25T16:03:47.100Z"}
{"level":"warn","message":"Skipping invalid key in record: ","timestamp":"2025-07-25T16:03:47.100Z"}
{"level":"warn","message":"Skipping invalid key in record: ","timestamp":"2025-07-25T16:03:47.100Z"}
{"level":"warn","message":"Invalid contact format (non-string) for record with PIP number EMEA-000128-PIP01-07-M08: [\"Novo Nordisk A/S\",\"Denmark\",\"Tel. +45 44448888\",\"E-mail: paediatrics@novonordisk.com\"]","timestamp":"2025-07-25T16:03:47.100Z"}
{"level":"info","message":"CSV Headers: Decision number,PIP number,Active substance,Invented name,Therapeutic area,Pharmaceutical forms,Condition / indication,Routes of administration,Decision type,Decision date,Compliance outcome,Compliance opinion date,Compliance procedure number,Contact for public enquiries,First published date,Last updated date,PIP URL,","timestamp":"2025-07-25T16:03:47.117Z"}
{"level":"warn","message":"Skipping invalid key in record: ","timestamp":"2025-07-25T16:03:47.142Z"}
{"level":"warn","message":"Invalid contact format (non-string) for record with PIP number EMEA-002125-PIP01-17: [\"AstraZeneca AB (Sweden)\",\"Tel. +46 8 5532791\",\"E-mail: paediatrics@astrazeneca.com\"]","timestamp":"2025-07-25T16:03:47.144Z"}
{"level":"warn","message":"Skipping invalid key in record: ","timestamp":"2025-07-25T16:03:47.145Z"}
{"level":"warn","message":"Skipping invalid key in record: ","timestamp":"2025-07-25T16:03:47.145Z"}
{"level":"warn","message":"Invalid contact format (non-string) for record with PIP number EMEA-002120-PIP01-17: [\"MWK Healthcare Ltd\",\"United Kingdom\",\"Tel. +44 1691664243\",\"E-mail: mark@mwkhealthcare.co.uk\"]","timestamp":"2025-07-25T16:03:47.145Z"}
{"level":"warn","message":"Skipping invalid key in record: ","timestamp":"2025-07-25T16:03:47.145Z"}
{"level":"warn","message":"Invalid contact format (non-string) for record with PIP number EMEA-002077-PIP01-16: [\"Alexion Europe SAS\",\"France\",\"Tel. +33 14100606\",\"E-mail: pip.enquiries@alexion.com\"]","timestamp":"2025-07-25T16:03:47.145Z"}
{"level":"warn","message":"Skipping invalid key in record: ","timestamp":"2025-07-25T16:03:47.145Z"}
{"level":"warn","message":"Invalid contact format (non-string) for record with PIP number EMEA-002124-PIP01-17: [\"Transgene S.A.\",\"France\",\"Tel. +33 388279155\",\"E-mail: clinical.trials@transgene.fr\"]","timestamp":"2025-07-25T16:03:47.146Z"}
{"level":"warn","message":"Skipping invalid key in record: ","timestamp":"2025-07-25T16:03:47.146Z"}
{"level":"warn","message":"Invalid contact format (non-string) for record with PIP number EMEA-002132-PIP01-17: [\"Dimethaid (UK) Limited\",\"Tel. +1 9056 733623\",\"E-mail: bchiasson@nuvopharm.com\"]","timestamp":"2025-07-25T16:03:47.146Z"}
{"level":"warn","message":"Skipping invalid key in record: ","timestamp":"2025-07-25T16:03:47.146Z"}
{"level":"warn","message":"Invalid contact format (non-string) for record with PIP number EMEA-002149-PIP01-17: [\"Revance Therapeutics Inc\",\"United States\",\"Tel. +1 5107423559\",\"E-mail: lmcbride@revance.com\"]","timestamp":"2025-07-25T16:03:47.146Z"}
{"level":"warn","message":"Skipping invalid key in record: ","timestamp":"2025-07-25T16:03:47.146Z"}
{"level":"warn","message":"Invalid contact format (non-string) for record with PIP number EMEA-002108-PIP01-16: [\"NoNO Inc.\",\"Canada\",\"Tel. +1 4166035188\",\"E-mail: mtymianski@nonoinc.ca\",\"sok@nonoinc.ca\"]","timestamp":"2025-07-25T16:03:47.146Z"}
{"level":"warn","message":"Skipping invalid key in record: ","timestamp":"2025-07-25T16:03:47.146Z"}
{"level":"warn","message":"Invalid contact format (non-string) for record with PIP number EMEA-002148-PIP01-17: [\"Ilkos Therapeutic Inc\",\"France\",\"Tel. +33 155726000\",\"E-mail: mail.pip.enquiries@servier.com\"]","timestamp":"2025-07-25T16:03:47.146Z"}
{"level":"warn","message":"Skipping invalid key in record: ","timestamp":"2025-07-25T16:03:47.147Z"}
{"level":"warn","message":"Skipping invalid key in record: ","timestamp":"2025-07-25T16:03:47.147Z"}
{"level":"warn","message":"Invalid contact format (non-string) for record with PIP number EMEA-002137-PIP01-17: [\"Roche Registration Limited\",\"Switzerland\",\"Tel. +41 616879411\",\"E-mail: global.paediatrics@roche.com\"]","timestamp":"2025-07-25T16:03:47.147Z"}
{"level":"warn","message":"Skipping invalid key in record: ","timestamp":"2025-07-25T16:03:47.147Z"}
{"level":"warn","message":"Skipping invalid key in record: ","timestamp":"2025-07-25T16:03:47.147Z"}
{"level":"warn","message":"Invalid contact format (non-string) for record with PIP number EMEA-001229-PIP01-11-M03: [\"Bayer AG\",\"Tel. +49 30300139003\",\"E-mail: clinical-trials-contact@bayer.com\"]","timestamp":"2025-07-25T16:03:47.147Z"}
{"level":"warn","message":"Skipping invalid key in record: ","timestamp":"2025-07-25T16:03:47.147Z"}
{"level":"warn","message":"Invalid contact format (non-string) for record with PIP number EMEA-000972-PIP01-10-M05: [\"Teva GmbH\",\"Tel. +41 552201546\",\"E-mail: info-era-clinical@teva.de\"]","timestamp":"2025-07-25T16:03:47.148Z"}
{"level":"warn","message":"Skipping invalid key in record: ","timestamp":"2025-07-25T16:03:47.148Z"}
{"level":"warn","message":"Invalid contact format (non-string) for record with PIP number EMEA-001071-PIP02-12-M02: [\"UCB Pharma S.A.\",\"E-mail: ucbcares.uk@ucb.com\",\"Tel.  +44 175777100\"]","timestamp":"2025-07-25T16:03:47.148Z"}
{"level":"warn","message":"Skipping invalid key in record: ","timestamp":"2025-07-25T16:03:47.148Z"}
{"level":"warn","message":"Invalid contact format (non-string) for record with PIP number EMEA-000176-PIP01-07-M05: [\"TEVA B.V.\",\"United Kingdom\",\"Tel. +44 2075407058\",\"E-mail: rina.joshi@tevaeu.com\"]","timestamp":"2025-07-25T16:03:47.148Z"}
{"level":"warn","message":"Skipping invalid key in record: ","timestamp":"2025-07-25T16:03:47.148Z"}
{"level":"warn","message":"Invalid contact format (non-string) for record with PIP number EMEA-002135-PIP01-17: [\"BENEDETTI & Co. S.r.l.\",\"Italy\",\"Tel. +39 0573474007\",\"Fax +39 0573474963\",\"Email: g.delorenzo@bencospa.it\"]","timestamp":"2025-07-25T16:03:47.149Z"}
{"level":"warn","message":"Skipping invalid key in record: ","timestamp":"2025-07-25T16:03:47.149Z"}
{"level":"warn","message":"Invalid contact format (non-string) for record with PIP number EMEA-002131-PIP01-17: [\"Errekappa Euroterapici S.p.A.\",\"Italy\",\"Tel. +39 057320877\",\"Fax +39 0573475188\",\"E-mail: regolatorio1@errekappa.it\"]","timestamp":"2025-07-25T16:03:47.149Z"}
{"level":"warn","message":"Skipping invalid key in record: ","timestamp":"2025-07-25T16:03:47.149Z"}
{"level":"warn","message":"Invalid contact format (non-string) for record with PIP number EMEA-002111-PIP01-17: [\"GlaxoSmithKline Trading Services Limited\",\"Tel.: +1 4388998201\",\"E-mail: eu.paediatric-plans@gsk.com\"]","timestamp":"2025-07-25T16:03:47.149Z"}
{"level":"warn","message":"Skipping invalid key in record: ","timestamp":"2025-07-25T16:03:47.150Z"}
{"level":"warn","message":"Invalid contact format (non-string) for record with PIP number EMEA-002143-PIP01-17: [\"Aziende Chimiche Riunite Angelini Francesco A.C.R.A.F. S.p.A.\",\"Italy\",\"Tel. +39 0691045249\",\"E-mail: ma.gatto@angelini.it\",\"m.gatto@angelini.it\"]","timestamp":"2025-07-25T16:03:47.150Z"}
{"level":"warn","message":"Skipping invalid key in record: ","timestamp":"2025-07-25T16:03:47.150Z"}
{"level":"warn","message":"Invalid contact format (non-string) for record with PIP number EMEA-002136-PIP01-17: [\"Errekappa Euroterapici S.p.A.\",\"Italy\",\"Tel. +39 057320877\",\"Fax +39 0573475188\",\"E-mail: regolatorio1@errekappa.it\"]","timestamp":"2025-07-25T16:03:47.150Z"}
{"level":"warn","message":"Skipping invalid key in record: ","timestamp":"2025-07-25T16:03:47.150Z"}
{"level":"warn","message":"Invalid contact format (non-string) for record with PIP number EMEA-002111-PIP02-17: [\"GlaxoSmithKline Trading Services Limited\",\"Tel.+1 4388998201\",\"E-mail: e.paediatric-plans@gsk.com\"]","timestamp":"2025-07-25T16:03:47.150Z"}
{"level":"warn","message":"Skipping invalid key in record: ","timestamp":"2025-07-25T16:03:47.150Z"}
{"level":"warn","message":"Invalid contact format (non-string) for record with PIP number EMEA-002130-PIP01-17: [\"CIPROS S.R.L.\",\"Italy\",\"Tel. +39 0573474010\",\"Fax +39 0573475188\",\"E- mail: regolatorio@ciprossrl.it\"]","timestamp":"2025-07-25T16:03:47.150Z"}
{"level":"warn","message":"Skipping invalid key in record: ","timestamp":"2025-07-25T16:03:47.150Z"}
{"level":"warn","message":"Skipping invalid key in record: ","timestamp":"2025-07-25T16:03:47.150Z"}
{"level":"warn","message":"Invalid contact format (non-string) for record with PIP number EMEA-002118-PIP01-17: [\"Neopharmed Gentili S.r.l\",\"Tel. +39 06 77209020\",\"E-mail: direnzo@direnzo.biz\"]","timestamp":"2025-07-25T16:03:47.150Z"}
{"level":"warn","message":"Skipping invalid key in record: ","timestamp":"2025-07-25T16:03:47.151Z"}
{"level":"warn","message":"Invalid contact format (non-string) for record with PIP number EMEA-002114-PIP01-16: [\"Lek Pharmaceuticals d.d.\",\"Tel.  +41 613241111\",\"E-mail: enquiries.paediatrics@sandoz.com\",\"&nbsp\"]","timestamp":"2025-07-25T16:03:47.151Z"}
{"level":"warn","message":"Skipping invalid key in record: ","timestamp":"2025-07-25T16:03:47.151Z"}
{"level":"warn","message":"Invalid contact format (non-string) for record with PIP number EMEA-002104-PIP01-16: [\"Accord Healthcare S.L.U.\",\"E-mail: regulatory_EU@accord-healthcare.com\",\"Tel. +34 933010064\"]","timestamp":"2025-07-25T16:03:47.151Z"}
{"level":"warn","message":"Skipping invalid key in record: ","timestamp":"2025-07-25T16:03:47.151Z"}
{"level":"warn","message":"Invalid contact format (non-string) for record with PIP number EMEA-002099-PIP01-16: [\"Titan Pharmaceuticals Inc\",\"United States\",\"Tel. +1 6502444990\",\"E-mail: paediatrics@titanpharm.com\"]","timestamp":"2025-07-25T16:03:47.151Z"}
{"level":"warn","message":"Skipping invalid key in record: ","timestamp":"2025-07-25T16:03:47.151Z"}
{"level":"warn","message":"Invalid contact format (non-string) for record with PIP number EMEA-002102-PIP01-16: [\"Farmalider\",\"S.A.\",\"Spain\",\"Tel. +34 916612335\",\"Fax +34 916610442\",\"E-mail: carloscalandria@farmalider.com\"]","timestamp":"2025-07-25T16:03:47.151Z"}
{"level":"warn","message":"Skipping invalid key in record: ","timestamp":"2025-07-25T16:03:47.151Z"}
{"level":"warn","message":"Invalid contact format (non-string) for record with PIP number EMEA-000560-PIP02-15: [\"Paratek UK Limited\",\"E-mail: info@paratekpharma.com\",\"Tel. +1 6178 076600\"]","timestamp":"2025-07-25T16:03:47.151Z"}
{"level":"warn","message":"Skipping invalid key in record: ","timestamp":"2025-07-25T16:03:47.151Z"}
{"level":"warn","message":"Invalid contact format (non-string) for record with PIP number EMEA-002110-PIP02-17: [\"GlaxoSmithKline Trading Services Limited\",\"Tel.+1 4388998201\",\"E-mail: e.paediatric-plans@gsk.com\"]","timestamp":"2025-07-25T16:03:47.151Z"}
{"level":"warn","message":"Skipping invalid key in record: ","timestamp":"2025-07-25T16:03:47.151Z"}
{"level":"warn","message":"Invalid contact format (non-string) for record with PIP number EMEA-002053-PIP01-16: [\"Società Industria Farmaceutica Italiana (S.I.F.I.) SpA\",\"Italy\",\"Tel. +39 0957922111\",\"E-mail: antonino.asero@sifigroup.com\"]","timestamp":"2025-07-25T16:03:47.152Z"}
{"level":"warn","message":"Skipping invalid key in record: ","timestamp":"2025-07-25T16:03:47.152Z"}
{"level":"warn","message":"Invalid contact format (non-string) for record with PIP number EMEA-002067-PIP02-17: [\"Fresenius Kabi Deutschland GmbH\",\"Germany\",\"Tel. +49 61726080\",\"Fax +49 61726082294\",\"E-mail: pr-fe@fresenius.com\"]","timestamp":"2025-07-25T16:03:47.152Z"}
{"level":"warn","message":"Skipping invalid key in record: ","timestamp":"2025-07-25T16:03:47.152Z"}
{"level":"warn","message":"Invalid contact format (non-string) for record with PIP number EMEA-002097-PIP01-16: [\"Edge Therapeutics\",\"Inc\",\"United States\",\"Tel. +1 9083245257\",\"E-mail: afaulkner@edgetherapeutics.com\"]","timestamp":"2025-07-25T16:03:47.152Z"}
{"level":"warn","message":"Skipping invalid key in record: ","timestamp":"2025-07-25T16:03:47.152Z"}
{"level":"warn","message":"Invalid contact format (non-string) for record with PIP number EMEA-001986-PIP01-16: [\"Bayer AG\",\"Tel. +49 30300139003\",\"E-mail: clinical-trials-contact@bayer.com\"]","timestamp":"2025-07-25T16:03:47.152Z"}
{"level":"warn","message":"Skipping invalid key in record: ","timestamp":"2025-07-25T16:03:47.152Z"}
{"level":"warn","message":"Invalid contact format (non-string) for record with PIP number EMEA-002110-PIP01-17: [\"GlaxoSmithKline Trading Services Limited\",\"Tel.: +1 4388998201\",\"E-mail: eu.paediatric-plans@gsk.com\"]","timestamp":"2025-07-25T16:03:47.152Z"}
{"level":"warn","message":"Skipping invalid key in record: ","timestamp":"2025-07-25T16:03:47.152Z"}
{"level":"warn","message":"Invalid contact format (non-string) for record with PIP number EMEA-002081-PIP01-16: [\"Pharmaceutical Works Polpharma SA\",\"Poland\",\"Tel.: +48 58 563 89 44\",\"E-mail: iwona.nowak@polpharma.com\"]","timestamp":"2025-07-25T16:03:47.153Z"}
{"level":"warn","message":"Skipping invalid key in record: ","timestamp":"2025-07-25T16:03:47.153Z"}
{"level":"warn","message":"Invalid contact format (non-string) for record with PIP number EMEA-002042-PIP01-16: [\"Janssen-Cilag International N.V\",\"Tel.: +353 857446696\",\"E-mail: nbuhl@ITS.JNJ.com\"]","timestamp":"2025-07-25T16:03:47.153Z"}
{"level":"warn","message":"Skipping invalid key in record: ","timestamp":"2025-07-25T16:03:47.153Z"}
{"level":"warn","message":"Invalid contact format (non-string) for record with PIP number EMEA-001006-PIP03-16: [\"Boehringer Ingelheim International GmbH\",\"Tel. +49 6132 778271\",\"Email: Paediatrics@boehringer-ingelheim.com\"]","timestamp":"2025-07-25T16:03:47.153Z"}
{"level":"warn","message":"Skipping invalid key in record: ","timestamp":"2025-07-25T16:03:47.153Z"}
{"level":"warn","message":"Invalid contact format (non-string) for record with PIP number EMEA-002061-PIP01-16: [\"Sylentis SAU\",\"United Kingdom\",\"Tel.: +44 1844210690\",\"E-mail: steve.pinder@envestia.com\",\"vruz@sylentis.com\"]","timestamp":"2025-07-25T16:03:47.153Z"}
{"level":"warn","message":"Skipping invalid key in record: ","timestamp":"2025-07-25T16:03:47.153Z"}
{"level":"warn","message":"Invalid contact format (non-string) for record with PIP number EMEA-001152-PIP02-16: [\"Richardson Associates Regulatory Affairs Ltd\",\"Israel\",\"Tel.: +972 89300051\",\"Fax: +972 89300091\",\"E-mail: contact_opkobiologics@opko.com\"]","timestamp":"2025-07-25T16:03:47.153Z"}
{"level":"warn","message":"Skipping invalid key in record: ","timestamp":"2025-07-25T16:03:47.153Z"}
{"level":"warn","message":"Invalid contact format (non-string) for record with PIP number EMEA-000069-PIP05-16: [\"GSK Trading Services Limited\",\"United Kingdom\",\"Tel.: +44 2089904891\",\"Fax: +44 2089903501\",\"E-mail: eu.paediatric-plans.gsk.com\"]","timestamp":"2025-07-25T16:03:47.153Z"}
{"level":"warn","message":"Skipping invalid key in record: ","timestamp":"2025-07-25T16:03:47.154Z"}
{"level":"warn","message":"Invalid contact format (non-string) for record with PIP number EMEA-001054-PIP01-10-M03: [\"Circassia Limited\",\"United Kingdom\",\"Email: rodhafner@circassia.co.uk\",\"Tel. +44 (0)1865 598078\",\"Fax +44 (0)7092 987560\"]","timestamp":"2025-07-25T16:03:47.154Z"}
{"level":"info","message":"CSV Headers: Decision number,PIP number,Active substance,Invented name,Therapeutic area,Pharmaceutical forms,Condition / indication,Routes of administration,Decision type,Decision date,Compliance outcome,Compliance opinion date,Compliance procedure number,Contact for public enquiries,First published date,Last updated date,PIP URL,","timestamp":"2025-07-25T16:03:47.163Z"}
{"level":"warn","message":"Skipping invalid key in record: ","timestamp":"2025-07-25T16:03:47.163Z"}
{"level":"warn","message":"Invalid contact format (non-string) for record with PIP number EMEA-001492-PIP01-13-M01: [\"Galderma International S.A.S\",\"E-mail: Morgan.DANVEL@galderma.com\",\"Tel.: +41 21924 9886\"]","timestamp":"2025-07-25T16:03:47.163Z"}
{"level":"warn","message":"Skipping invalid key in record: ","timestamp":"2025-07-25T16:03:47.163Z"}
{"level":"warn","message":"Invalid contact format (non-string) for record with PIP number EMEA-001653-PIP01-14-M02: [\"Alexion Europe SAS\",\"France\",\"E-mail: clinicaltrials@alexion.com\",\"Tel.: +33 147100606\",\"Fax: +33 1 47100611\"]","timestamp":"2025-07-25T16:03:47.163Z"}
{"level":"warn","message":"Skipping invalid key in record: ","timestamp":"2025-07-25T16:03:47.163Z"}
{"level":"warn","message":"Invalid contact format (non-string) for record with PIP number EMEA-000196-PIP01-08-M04: [\"Janssen-Cilag International NV\",\"E-mail: contact@janssen-emea.com\",\"Tel.: +32 14602111\"]","timestamp":"2025-07-25T16:03:47.163Z"}
{"level":"warn","message":"Skipping invalid key in record: ","timestamp":"2025-07-25T16:03:47.163Z"}
{"level":"warn","message":"Invalid contact format (non-string) for record with PIP number EMEA-000440-PIP02-11-M05: [\"RAD Neurim Pharmaceuticals EEC Ltd\",\"United Kingdom\",\"E-mail: talin@neurim.com\",\"Tel. +972 37684902\",\"Fax +972 36494568\"]","timestamp":"2025-07-25T16:03:47.163Z"}
{"level":"warn","message":"Skipping invalid key in record: ","timestamp":"2025-07-25T16:03:47.163Z"}
{"level":"warn","message":"Invalid contact format (non-string) for record with PIP number EMEA-000184-PIP03-16: [\"Mylan IRE Healthcare Limited\",\"E-mail: info.uk@viatris.com\",\"Tel. + 44 (0)1707853000\"]","timestamp":"2025-07-25T16:03:47.163Z"}
{"level":"warn","message":"Skipping invalid key in record: ","timestamp":"2025-07-25T16:03:47.163Z"}
{"level":"warn","message":"Invalid contact format (non-string) for record with PIP number EMEA-002071-PIP01-16: [\"Daiichi Sankyo Europe GmbH\",\"E-mail: service@daiichi-sankyo.eu\",\"Tel.: +49 8978080\"]","timestamp":"2025-07-25T16:03:47.163Z"}
{"level":"warn","message":"Skipping invalid key in record: ","timestamp":"2025-07-25T16:03:47.178Z"}
{"level":"warn","message":"Invalid contact format (non-string) for record with PIP number EMEA-002091-PIP01-16: [\"CIPROS S.r.l.\",\"E-mail: regolatorio@ciprossrl.it\",\"Tel.: +39 573474010\",\"Fax: +39 573475188\"]","timestamp":"2025-07-25T16:03:47.178Z"}
{"level":"warn","message":"Skipping invalid key in record: ","timestamp":"2025-07-25T16:03:47.178Z"}
{"level":"warn","message":"Invalid contact format (non-string) for record with PIP number EMEA-002090-PIP01-16: [\"ERREKAPPA EUROTERAPICI S.p.A.\",\"Italy\",\"E-mail: regolatorio1@errekappa.it\",\"Tel.: +39 57320877\",\"Fax: ++39 573475188\"]","timestamp":"2025-07-25T16:03:47.178Z"}
{"level":"warn","message":"Skipping invalid key in record: ","timestamp":"2025-07-25T16:03:47.178Z"}
{"level":"warn","message":"Invalid contact format (non-string) for record with PIP number EMEA-001549-PIP02-14: [\"Ethypharm\",\"France\",\"E-mail: Carpentier.Helene@ethypharm.com\",\"Tel.: +33 (0)141121740\"]","timestamp":"2025-07-25T16:03:47.178Z"}
{"level":"warn","message":"Skipping invalid key in record: ","timestamp":"2025-07-25T16:03:47.178Z"}
{"level":"warn","message":"Invalid contact format (non-string) for record with PIP number EMEA-002047-PIP01-16: [\"Midas Pharma GmbH\",\"E-mail: pv@midas-pharma.com\",\"Tel. +49 6132 990583\"]","timestamp":"2025-07-25T16:03:47.178Z"}
{"level":"warn","message":"Skipping invalid key in record: ","timestamp":"2025-07-25T16:03:47.178Z"}
{"level":"warn","message":"Invalid contact format (non-string) for record with PIP number EMEA-002034-PIP01-16: [\"Mundipharma Research Limited\",\"United Kingdom\",\"E-mail: paediatric@mundipharma-rd.eu\",\"Tel.: +44 (0)1223424900\"]","timestamp":"2025-07-25T16:03:47.178Z"}
{"level":"warn","message":"Skipping invalid key in record: ","timestamp":"2025-07-25T16:03:47.178Z"}
{"level":"warn","message":"Skipping invalid key in record: ","timestamp":"2025-07-25T16:03:47.178Z"}
{"level":"warn","message":"Invalid contact format (non-string) for record with PIP number EMEA-001980-PIP01-16: [\"Kiadis Pharma Netherlands B.V.\",\"The Netherlands\",\"E-mail: clinicaltrials@kiadis.com\",\"Tel.: +31 203140250\",\"Fax: +31 203140251\"]","timestamp":"2025-07-25T16:03:47.178Z"}
{"level":"warn","message":"Skipping invalid key in record: ","timestamp":"2025-07-25T16:03:47.178Z"}
{"level":"warn","message":"Invalid contact format (non-string) for record with PIP number EMEA-001868-PIP02-16: [\"Gilead Sciences International Ltd.\",\"United Kingdom\",\"E-mail: regulatory.pip@gilead.com\",\"Tel.: +44 1223897300\",\"Fax: +44 (0)1223897284\"]","timestamp":"2025-07-25T16:03:47.178Z"}
{"level":"warn","message":"Skipping invalid key in record: ","timestamp":"2025-07-25T16:03:47.178Z"}
{"level":"warn","message":"Invalid contact format (non-string) for record with PIP number EMEA-001469-PIP01-13: [\"Novo Nordisk A/S\",\"E-mail: paediatrics@novonordisk.com\",\"Tel. +45 4444 8888\"]","timestamp":"2025-07-25T16:03:47.178Z"}
{"level":"warn","message":"Skipping invalid key in record: ","timestamp":"2025-07-25T16:03:47.178Z"}
{"level":"warn","message":"Skipping invalid key in record: ","timestamp":"2025-07-25T16:03:47.179Z"}
{"level":"warn","message":"Invalid contact format (non-string) for record with PIP number EMEA-001087-PIP02-12-M03: [\"Vectura Limited\",\"United Kingdom\",\"Tel. +44 1249667538\",\"E-mail: vecturapip@vectura.com\"]","timestamp":"2025-07-25T16:03:47.179Z"}
{"level":"warn","message":"Skipping invalid key in record: ","timestamp":"2025-07-25T16:03:47.179Z"}
{"level":"warn","message":"Skipping invalid key in record: ","timestamp":"2025-07-25T16:03:47.179Z"}
{"level":"warn","message":"Invalid contact format (non-string) for record with PIP number EMEA-002024-PIP01-16: [\"Midas Pharma GmbH\",\"Germany\",\"Tel. +49 61329900\",\"E-mail: ra@midas-pharma.com\"]","timestamp":"2025-07-25T16:03:47.179Z"}
{"level":"warn","message":"Skipping invalid key in record: ","timestamp":"2025-07-25T16:03:47.179Z"}
{"level":"warn","message":"Invalid contact format (non-string) for record with PIP number EMEA-002062-PIP01-16: [\"Aquinox Pharmaceuticals (Canada) Inc.\",\"United Kingdom\",\"Tel. +44 1372860610\",\"E-mail: tim.walford@ndareg.com\"]","timestamp":"2025-07-25T16:03:47.179Z"}
{"level":"warn","message":"Skipping invalid key in record: ","timestamp":"2025-07-25T16:03:47.179Z"}
{"level":"warn","message":"Invalid contact format (non-string) for record with PIP number EMEA-002039-PIP01-16: [\"ObsEva Ireland Limited\",\"Switzerland\",\"Tel. +41 225521550\",\"Fax +41 22743 2921\",\"E-mail: delphine.renaud@obseva.ch\"]","timestamp":"2025-07-25T16:03:47.179Z"}
{"level":"warn","message":"Skipping invalid key in record: ","timestamp":"2025-07-25T16:03:47.179Z"}
{"level":"warn","message":"Invalid contact format (non-string) for record with PIP number EMEA-002040-PIP01-16: [\"CSL Behring GmbH\",\"Germany\",\"Tel. +49 64213912\",\"Fax +49 642139 39 85\",\"E-mail: eu-cslbehring@cslbehring.com\"]","timestamp":"2025-07-25T16:03:47.179Z"}
{"level":"warn","message":"Skipping invalid key in record: ","timestamp":"2025-07-25T16:03:47.179Z"}
{"level":"warn","message":"Invalid contact format (non-string) for record with PIP number EMEA-000118-PIP03-15: [\"Bristol-Myers Squibb Pharma EEIG\",\"Email: medical.information@bms.com\",\"Tel. +44 1895523740\"]","timestamp":"2025-07-25T16:03:47.179Z"}
{"level":"warn","message":"Skipping invalid key in record: ","timestamp":"2025-07-25T16:03:47.179Z"}
{"level":"warn","message":"Skipping invalid key in record: ","timestamp":"2025-07-25T16:03:47.179Z"}
{"level":"warn","message":"Invalid contact format (non-string) for record with PIP number EMEA-001921-PIP01-16: [\"ImmunoGen Biopharma (Ireland) Limited\",\"E-mail: Regulatory.affairs@immunogen.com\",\"Tel : +1 781 895 0182\"]","timestamp":"2025-07-25T16:03:47.179Z"}
{"level":"warn","message":"Skipping invalid key in record: ","timestamp":"2025-07-25T16:03:47.179Z"}
{"level":"warn","message":"Invalid contact format (non-string) for record with PIP number EMEA-001073-PIP02-14: [\"Merck Sharp & Dohme (Europe)\",\"Inc\",\"Belgium\",\"Tel. +31 41663179\",\"Fax +31 412662571\",\"E-mail: pip.information@merck.com\"]","timestamp":"2025-07-25T16:03:47.179Z"}
{"level":"warn","message":"Skipping invalid key in record: ","timestamp":"2025-07-25T16:03:47.180Z"}
{"level":"warn","message":"Invalid contact format (non-string) for record with PIP number EMEA-000876-PIP01-10-M01: [\"Alexion Europe SAS\",\"Tel. +33 153643800\",\"E-mail: pip.enquiries.eu@alexion.com\"]","timestamp":"2025-07-25T16:03:47.180Z"}
{"level":"warn","message":"Skipping invalid key in record: ","timestamp":"2025-07-25T16:03:47.180Z"}
{"level":"warn","message":"Invalid contact format (non-string) for record with PIP number Sitagliptin (phosphate monohydrate): [\"Merck Sharp and Dohme (Europe)\",\"Inc.\",\"Belgium\",\"E-mail: paul.robinson@merck.com\",\"Tel. +44 1992452396\",\"Fax +44 1992468175\"]","timestamp":"2025-07-25T16:03:47.180Z"}
{"level":"warn","message":"Skipping invalid key in record: ","timestamp":"2025-07-25T16:03:47.180Z"}
{"level":"warn","message":"Invalid contact format (non-string) for record with PIP number EMEA-001198-PIP02-16: [\"Helsinn Birex Pharmaceuticals Limited\",\"Switzerland\",\"E-mail: paediatrics-netu@helsinn.com\",\"Tel.: +41 919851950\",\"Fax: +41 919852195\"]","timestamp":"2025-07-25T16:03:47.180Z"}
{"level":"warn","message":"Skipping invalid key in record: ","timestamp":"2025-07-25T16:03:47.180Z"}
{"level":"warn","message":"Invalid contact format (non-string) for record with PIP number EMEA-002038-PIP01-16: [\"Evolus Inc.\",\"United States\",\"E-mail: Medical-Information@evolusinc.com\",\"Tel.: +1 8055902340\",\"Fax: +1 8055902342\"]","timestamp":"2025-07-25T16:03:47.180Z"}
{"level":"warn","message":"Skipping invalid key in record: ","timestamp":"2025-07-25T16:03:47.181Z"}
{"level":"warn","message":"Invalid contact format (non-string) for record with PIP number EMEA-002037-PIP01-16: [\"Aerie Pharmaceuticals Ireland Ltd\",\"Tel. +1 9495268700\",\"E-mail: info@aeriepharma.com\"]","timestamp":"2025-07-25T16:03:47.181Z"}
{"level":"warn","message":"Skipping invalid key in record: ","timestamp":"2025-07-25T16:03:47.181Z"}
{"level":"warn","message":"Invalid contact format (non-string) for record with PIP number EMEA-002022-PIP01-16: [\"Inovio Pharmaceuticals Inc.\",\"United States\",\"E-mail: jrichardson@inovio.com\",\"Tel.: +1 2674404211\"]","timestamp":"2025-07-25T16:03:47.181Z"}
{"level":"warn","message":"Skipping invalid key in record: ","timestamp":"2025-07-25T16:03:47.181Z"}
{"level":"warn","message":"Invalid contact format (non-string) for record with PIP number EMEA-002017-PIP01-16: [\"Strides Shasun Limited (Formulation Division)\",\"India\",\"E-mail: Mohanlal.S@stridesshasun.com\",\"Tel.: +91 8067840217 / +91 9900590513\",\"Fax: +91 8067840700\"]","timestamp":"2025-07-25T16:03:47.181Z"}
{"level":"warn","message":"Skipping invalid key in record: ","timestamp":"2025-07-25T16:03:47.181Z"}
{"level":"warn","message":"Invalid contact format (non-string) for record with PIP number EMEA-001860-PIP04-16: [\"Eli Lilly & Company Limited\",\"E-mail: eu_paediatric@lilly.com\",\"Tel. +44 (0)1276 483000\"]","timestamp":"2025-07-25T16:03:47.181Z"}
{"level":"warn","message":"Skipping invalid key in record: ","timestamp":"2025-07-25T16:03:47.181Z"}
{"level":"warn","message":"Invalid contact format (non-string) for record with PIP number EMEA-001688-PIP03-16: [\"ACADIA Pharmaceuticals Inc.\",\"United States\",\"E-mail: info@acadia-pharm.com\",\"Tel.: +1 8585582871\",\"Fax: +1 8585582872\"]","timestamp":"2025-07-25T16:03:47.181Z"}
{"level":"warn","message":"Skipping invalid key in record: ","timestamp":"2025-07-25T16:03:47.182Z"}
{"level":"warn","message":"Invalid contact format (non-string) for record with PIP number EMEA-001154-PIP02-15: [\"GTC Biotherapeutics UK Limited\",\"France\",\"E-mail: metenanizi@lfb.fr\",\"Tel.: +33 169821029\",\"Fax: +33 183711978\"]","timestamp":"2025-07-25T16:03:47.182Z"}
{"level":"warn","message":"Skipping invalid key in record: ","timestamp":"2025-07-25T16:03:47.182Z"}
{"level":"warn","message":"Invalid contact format (non-string) for record with PIP number EMEA-002015-PIP01-16: [\"medac Gesellschaft für klinische Spezialpräparate mbH\",\"Germany\",\"E-mail: dra@medac.de\",\"Tel.: +49 401380060\",\"Fax: +49 401380068255\"]","timestamp":"2025-07-25T16:03:47.182Z"}
{"level":"warn","message":"Skipping invalid key in record: ","timestamp":"2025-07-25T16:03:47.182Z"}
{"level":"warn","message":"Invalid contact format (non-string) for record with PIP number EMEA-002011-PIP01-16: [\"GAMA Healthcare Ltd\",\"United Kingdom\",\"E-mail: pb@gamahealthcare.com\",\"Tel.: +44 20 79930030\",\"Fax: +44 2082028097\"]","timestamp":"2025-07-25T16:03:47.182Z"}
{"level":"warn","message":"Skipping invalid key in record: ","timestamp":"2025-07-25T16:03:47.182Z"}
{"level":"warn","message":"Invalid contact format (non-string) for record with PIP number EMEA-001993-PIP01-16: [\"Quark Pharmaceuticals Inc.\",\"United States\",\"Email: lgryziewicz@quarkpharma.com\",\"Tel.: +1 5104024003\",\"Fax: +1 5103645121\"]","timestamp":"2025-07-25T16:03:47.182Z"}
{"level":"warn","message":"Skipping invalid key in record: ","timestamp":"2025-07-25T16:03:47.182Z"}
{"level":"warn","message":"Skipping invalid key in record: ","timestamp":"2025-07-25T16:03:47.182Z"}
{"level":"warn","message":"Invalid contact format (non-string) for record with PIP number EMEA-001973-PIP01-16: [\"River Vision Development Corporation\",\"United States\",\"E-mail: rivervision@narrowrivermgmt.com\",\"Tel.: +212 5828400\",\"Fax: +212 5828404\"]","timestamp":"2025-07-25T16:03:47.182Z"}
{"level":"warn","message":"Skipping invalid key in record: ","timestamp":"2025-07-25T16:03:47.182Z"}
{"level":"warn","message":"Invalid contact format (non-string) for record with PIP number EMEA-000018-PIP01-07-M12: [\"Grünenthal GmbH\",\"Germany\",\"Tel. +49 241 5690\",\"Fax +49 241 5691498\",\"E-mail: pediatrics@grunenthal.com\"]","timestamp":"2025-07-25T16:03:47.182Z"}
{"level":"warn","message":"Skipping invalid key in record: ","timestamp":"2025-07-25T16:03:47.183Z"}
{"level":"warn","message":"Invalid contact format (non-string) for record with PIP number EMEA-001742-PIP02-16: [\"Boehringer Ingelheim International GmbH\",\"Tel. +49 6132 778271\",\"Email: Paediatrics@boehringer-ingelheim.com\"]","timestamp":"2025-07-25T16:03:47.183Z"}
{"level":"warn","message":"Skipping invalid key in record: ","timestamp":"2025-07-25T16:03:47.183Z"}
{"level":"warn","message":"Invalid contact format (non-string) for record with PIP number EMEA-000115-PIP02-09-M03: [\"PTC Therapeutics International\",\"Limited\",\"France\",\"Tel. +33 141318300\",\"Fax +33 146318309\",\"E-mail: vcparis@voisinconsulting.com\"]","timestamp":"2025-07-25T16:03:47.183Z"}
{"level":"info","message":"CSV Headers: Decision number,PIP number,Active substance,Invented name,Therapeutic area,Pharmaceutical forms,Condition / indication,Routes of administration,Decision type,Decision date,Compliance outcome,Compliance opinion date,Compliance procedure number,Contact for public enquiries,First published date,Last updated date,PIP URL,","timestamp":"2025-07-25T16:03:47.191Z"}
{"level":"warn","message":"Skipping invalid key in record: ","timestamp":"2025-07-25T16:03:47.192Z"}
{"level":"warn","message":"Invalid contact format (non-string) for record with PIP number EMEA-000292-PIP01-08-M03: [\"uniQure biopharma B.V.\",\"United States\",\"E-mail: m.agarwal@uniqure.com\",\"Tel.  +1 3399 707027\"]","timestamp":"2025-07-25T16:03:47.192Z"}
{"level":"warn","message":"Skipping invalid key in record: ","timestamp":"2025-07-25T16:03:47.192Z"}
{"level":"warn","message":"Invalid contact format (non-string) for record with PIP number EMEA-000454-PIP01-08-M07: [\"Kedrion S.p.A.\",\"Italy\",\"E-mail: info@kedrion.com\",\"Tel. + 39 0583 1969697\"]","timestamp":"2025-07-25T16:03:47.192Z"}
{"level":"warn","message":"Skipping invalid key in record: ","timestamp":"2025-07-25T16:03:47.192Z"}
{"level":"warn","message":"Invalid contact format (non-string) for record with PIP number EMEA-001168-PIP01-11-M03: [\"Novartis Europharm Ltd\",\"United Kingdom\",\"E-mail: clinicaltrial.enquiries@novartis.com\",\"Tel. +41 613241111\",\"Fax +41 613248001\"]","timestamp":"2025-07-25T16:03:47.192Z"}
{"level":"warn","message":"Skipping invalid key in record: ","timestamp":"2025-07-25T16:03:47.192Z"}
{"level":"warn","message":"Invalid contact format (non-string) for record with PIP number EMEA-000970-PIP01-10-M01: [\"Gilead Sciences International Ltd.\",\"Tel. +44 (0)1223 897 300\",\"E-mail: regulatory.pip@gilead.com\"]","timestamp":"2025-07-25T16:03:47.192Z"}
{"level":"warn","message":"Skipping invalid key in record: ","timestamp":"2025-07-25T16:03:47.192Z"}
{"level":"warn","message":"Invalid contact format (non-string) for record with PIP number EMEA-002014-PIP01-16: [\"CIPROS S.r.l.\",\"Italy\",\"Tel. +39 5732 0877\",\"Fax +39 5734 75188\",\"E-mail: regolatorio@ciprossrl.it\"]","timestamp":"2025-07-25T16:03:47.192Z"}
{"level":"warn","message":"Skipping invalid key in record: ","timestamp":"2025-07-25T16:03:47.192Z"}
{"level":"warn","message":"Invalid contact format (non-string) for record with PIP number EMEA-002006-PIP01-16: [\"ELPEN Pharmaceutical Co. Inc\",\"Tel. +30 2106 039326\",\"E-mail: info@elpen.gr\"]","timestamp":"2025-07-25T16:03:47.192Z"}
{"level":"warn","message":"Skipping invalid key in record: ","timestamp":"2025-07-25T16:03:47.192Z"}
{"level":"warn","message":"Invalid contact format (non-string) for record with PIP number EMEA-002005-PIP01-16: [\"ELPEN Pharmaceutical Co. Inc\",\"Greece\",\"Tel. +30 2106 039326\",\"Fax +30 2106 039300\",\"E-mail: info@elpen.gr\"]","timestamp":"2025-07-25T16:03:47.192Z"}
{"level":"warn","message":"Skipping invalid key in record: ","timestamp":"2025-07-25T16:03:47.192Z"}
{"level":"warn","message":"Invalid contact format (non-string) for record with PIP number EMEA-001998-PIP01-16: [\"Drug Delivery Solutions ApS\",\"Denmark\",\"Tel. +45 2018 1111\",\"E-mail: info@mc2biotek.com\"]","timestamp":"2025-07-25T16:03:47.192Z"}
{"level":"warn","message":"Skipping invalid key in record: ","timestamp":"2025-07-25T16:03:47.201Z"}
{"level":"warn","message":"Invalid contact format (non-string) for record with PIP number EMEA-001968-PIP01-16: [\"Errekappa Euroterapici S.p.A.\",\"Italy\",\"Tel. +39 5734 74010\",\"Fax +39 5734 75188\",\"E-mail: regolatorio1@errekappa.it\"]","timestamp":"2025-07-25T16:03:47.201Z"}
{"level":"warn","message":"Skipping invalid key in record: ","timestamp":"2025-07-25T16:03:47.201Z"}
{"level":"warn","message":"Invalid contact format (non-string) for record with PIP number EMEA-001043-PIP02-16: [\"Janssen-Cilag International N.V.\",\"United Kingdom\",\"Tel. +44 (0)1494 567567\",\"Fax +44 (0)1494 658084\",\"E-mail: ldobell@its.jnj.com\"]","timestamp":"2025-07-25T16:03:47.201Z"}
{"level":"warn","message":"Skipping invalid key in record: ","timestamp":"2025-07-25T16:03:47.202Z"}
{"level":"warn","message":"Invalid contact format (non-string) for record with PIP number EMEA-001140-PIP02-15: [\"Mesoblast UK Limited\",\"Australia\",\"Tel. +61 3963 96036\",\"Fax +61 3963 96030\",\"E-mail: michelle.coffey@mesoblast.com\"]","timestamp":"2025-07-25T16:03:47.202Z"}
{"level":"warn","message":"Skipping invalid key in record: ","timestamp":"2025-07-25T16:03:47.202Z"}
{"level":"warn","message":"Invalid contact format (non-string) for record with PIP number EMEA-000300-PIP01-08-M04: [\"Kowa Pharmaceutical Europe Company Ltd\",\"United Kingdom\",\"Tel. +44 (0)1189229000\",\"E-mail: regulatory@kowa.co.uk\"]","timestamp":"2025-07-25T16:03:47.202Z"}
{"level":"warn","message":"Skipping invalid key in record: ","timestamp":"2025-07-25T16:03:47.202Z"}
{"level":"warn","message":"Invalid contact format (non-string) for record with PIP number EMEA-000408-PIP01-08-M05: [\"Shire Orphan Therapies GmbH\",\"Switzerland\",\"Tel. +43 1 20100 2471359\",\"E-mail: magdalena.toro-cortes@shire.com\"]","timestamp":"2025-07-25T16:03:47.202Z"}
{"level":"warn","message":"Skipping invalid key in record: ","timestamp":"2025-07-25T16:03:47.202Z"}
{"level":"warn","message":"Skipping invalid key in record: ","timestamp":"2025-07-25T16:03:47.202Z"}
{"level":"warn","message":"Skipping invalid key in record: ","timestamp":"2025-07-25T16:03:47.202Z"}
{"level":"warn","message":"Invalid contact format (non-string) for record with PIP number EMEA-000709-PIP01-09-M05: [\"Eisai Limited\",\"United Kingdom\",\"Tel. +44 (0)8456 761400\",\"E-mail: eumedinfo@eisai.net\"]","timestamp":"2025-07-25T16:03:47.202Z"}
{"level":"warn","message":"Skipping invalid key in record: ","timestamp":"2025-07-25T16:03:47.202Z"}
{"level":"warn","message":"Invalid contact format (non-string) for record with PIP number EMEA-001885-PIP01-15-M01: [\"ACE Pharmaceuticals B.V.\",\"Tel. +31 365227201\",\"E-mail: ace@ace-pharm.nl\"]","timestamp":"2025-07-25T16:03:47.202Z"}
{"level":"warn","message":"Skipping invalid key in record: ","timestamp":"2025-07-25T16:03:47.202Z"}
{"level":"warn","message":"Invalid contact format (non-string) for record with PIP number EMEA-001283-PIP01-12: [\"Diurnal Limited\",\"E-mail: martinwhitaker@diurnal.co.uk\",\"Country: United Kingdom\",\"Tel. + 44 (0) 8717168848\"]","timestamp":"2025-07-25T16:03:47.203Z"}
{"level":"warn","message":"Skipping invalid key in record: ","timestamp":"2025-07-25T16:03:47.203Z"}
{"level":"warn","message":"Invalid contact format (non-string) for record with PIP number EMEA-000054-PIP01-07-M04: [\"Kowa Pharmaceutical Europe Co. Ltd\",\"Tel. +44 (0)1189229000\",\"E-mail: regulatory@kowa.co.uk\"]","timestamp":"2025-07-25T16:03:47.203Z"}
{"level":"warn","message":"Skipping invalid key in record: ","timestamp":"2025-07-25T16:03:47.203Z"}
{"level":"warn","message":"Skipping invalid key in record: ","timestamp":"2025-07-25T16:03:47.203Z"}
{"level":"warn","message":"Invalid contact format (non-string) for record with PIP number EMEA-001053-PIP01-10-M03: [\"Roche Products Limited\",\"United Kingdom\",\"Tel. +41 6168 79411\",\"Fax +41 6168 79411\",\"E-mail: info.paediatrics@roche.com\"]","timestamp":"2025-07-25T16:03:47.203Z"}
{"level":"warn","message":"Skipping invalid key in record: ","timestamp":"2025-07-25T16:03:47.203Z"}
{"level":"warn","message":"Invalid contact format (non-string) for record with PIP number EMEA-001430-PIP01-13: [\"Pfizer Limited\",\"Tel. + 44 1304646607\",\"E-mail: pip_enquiries@pfizer.com\"]","timestamp":"2025-07-25T16:03:47.203Z"}
{"level":"warn","message":"Skipping invalid key in record: ","timestamp":"2025-07-25T16:03:47.203Z"}
{"level":"warn","message":"Invalid contact format (non-string) for record with PIP number EMEA-001813-PIP01-15: [\"Gilead Sciences International Ltd\",\"E-mail: regulatory.pip@gilead.com\",\"Tel. +44 (0)1223 897300\"]","timestamp":"2025-07-25T16:03:47.203Z"}
{"level":"warn","message":"Skipping invalid key in record: ","timestamp":"2025-07-25T16:03:47.203Z"}
{"level":"warn","message":"Invalid contact format (non-string) for record with PIP number EMEA-000506-PIP01-08-M02: [\"Ferring Pharmaceuticals A/S\",\"Tel.: +1 8622865200\",\"E-mail: Dk0-Disclosure@ferring.com\"]","timestamp":"2025-07-25T16:03:47.203Z"}
{"level":"warn","message":"Skipping invalid key in record: ","timestamp":"2025-07-25T16:03:47.203Z"}
{"level":"warn","message":"Invalid contact format (non-string) for record with PIP number EMEA-001453-PIP01-13-M01: [\"QLT Ophthalmics (UK) Ltd\",\"E-mail: marco@retinagenix.com\",\"Tel. +1 7863 5214 99\"]","timestamp":"2025-07-25T16:03:47.203Z"}
{"level":"warn","message":"Skipping invalid key in record: ","timestamp":"2025-07-25T16:03:47.203Z"}
{"level":"warn","message":"Invalid contact format (non-string) for record with PIP number EMEA-000968-PIP02-11-M05: [\"Gilead Sciences International Ltd\",\"E-mail: regulatory.pip@gilead.com\",\"Tel. +44 (0)1223 897300\"]","timestamp":"2025-07-25T16:03:47.204Z"}
{"level":"warn","message":"Skipping invalid key in record: ","timestamp":"2025-07-25T16:03:47.204Z"}
{"level":"warn","message":"Invalid contact format (non-string) for record with PIP number EMEA-001982-PIP01-16: [\"Innocoll\",\"Ireland\",\"Tel. +353 906486834\",\"E-mail: info@innocoll.com\"]","timestamp":"2025-07-25T16:03:47.204Z"}
{"level":"warn","message":"Skipping invalid key in record: ","timestamp":"2025-07-25T16:03:47.204Z"}
{"level":"warn","message":"Invalid contact format (non-string) for record with PIP number EMEA-002002-PIP01-16: [\"Farmalider\",\"S.A\",\"E-mail: carloscalandria@farmalider.com\",\"Tel. +34 9166 12335\"]","timestamp":"2025-07-25T16:03:47.204Z"}
{"level":"warn","message":"Skipping invalid key in record: ","timestamp":"2025-07-25T16:03:47.204Z"}
{"level":"warn","message":"Invalid contact format (non-string) for record with PIP number EMEA-001966-PIP01-16: [\"MedImmune Limited\",\"United Kingdom\",\"Tel. +44 1582836181\",\"E-mail: paediatrics@medimmune.com\"]","timestamp":"2025-07-25T16:03:47.204Z"}
{"level":"warn","message":"Skipping invalid key in record: ","timestamp":"2025-07-25T16:03:47.204Z"}
{"level":"warn","message":"Invalid contact format (non-string) for record with PIP number EMEA-001881-PIP01-15: [\"ALK Abelló A/S\",\"Tel. +45 4574 7576\",\"E-mail: alkmrp@alk.net\"]","timestamp":"2025-07-25T16:03:47.204Z"}
{"level":"warn","message":"Skipping invalid key in record: ","timestamp":"2025-07-25T16:03:47.204Z"}
{"level":"warn","message":"Invalid contact format (non-string) for record with PIP number EMEA-001977-PIP02-16: [\"RadioMedic s.r.o.\",\"Czech Republic\",\"Tel. +42 0266173253\",\"Fax +42 0220940151\",\"E-mail: info@radiomedic.cz\"]","timestamp":"2025-07-25T16:03:47.204Z"}
{"level":"warn","message":"Skipping invalid key in record: ","timestamp":"2025-07-25T16:03:47.204Z"}
{"level":"warn","message":"Invalid contact format (non-string) for record with PIP number EMEA-001730-PIP02-15: [\"Otsuka Europe Development and Commercialisation Ltd.\",\"United Kingdom\",\"Tel. +44 2037475000\",\"Fax +44 1895207115\",\"E-mail: info@otsuka-europe.com\"]","timestamp":"2025-07-25T16:03:47.204Z"}
{"level":"warn","message":"Skipping invalid key in record: ","timestamp":"2025-07-25T16:03:47.204Z"}
{"level":"warn","message":"Invalid contact format (non-string) for record with PIP number EMEA-001942-PIP01-16: [\"Adamed Sp. z o.o.\",\"Tel. +48227327736\",\"E-mail: joanna.pawlak@adamed.com.pl\"]","timestamp":"2025-07-25T16:03:47.204Z"}
{"level":"warn","message":"Skipping invalid key in record: ","timestamp":"2025-07-25T16:03:47.205Z"}
{"level":"warn","message":"Invalid contact format (non-string) for record with PIP number EMEA-001909-PIP01-15: [\"Schuck GmbH\",\"Germany\",\"Tel. +49 30338427532\",\"Fax +49 383517688121\",\"E-mail: schroederd@riemser.com\"]","timestamp":"2025-07-25T16:03:47.205Z"}
{"level":"warn","message":"Skipping invalid key in record: ","timestamp":"2025-07-25T16:03:47.205Z"}
{"level":"warn","message":"Invalid contact format (non-string) for record with PIP number EMEA-001935-PIP01-16: [\"Adamed Sp. z o.o.\",\"Tel. +48227327736\",\"E-mail: joanna.pawlak@adamed.com.pl\"]","timestamp":"2025-07-25T16:03:47.205Z"}
{"level":"warn","message":"Skipping invalid key in record: ","timestamp":"2025-07-25T16:03:47.205Z"}
{"level":"warn","message":"Invalid contact format (non-string) for record with PIP number EMEA-001905-PIP01-15: [\"Shionogi Limited\",\"United Kingdom\",\"Tel. +44 (0)203 053 4200\",\"E-mail: shionogiclintrials-admin@shionogi.co.jp\"]","timestamp":"2025-07-25T16:03:47.205Z"}
{"level":"warn","message":"Skipping invalid key in record: ","timestamp":"2025-07-25T16:03:47.205Z"}
{"level":"warn","message":"Invalid contact format (non-string) for record with PIP number EMEA-001841-PIP01-15: [\"Theracos Sub\",\"LLC\",\"United States\",\"Tel. +1 6177264236\",\"Fax +1 6176438203\"]","timestamp":"2025-07-25T16:03:47.205Z"}
{"level":"warn","message":"Skipping invalid key in record: ","timestamp":"2025-07-25T16:03:47.205Z"}
{"level":"warn","message":"Invalid contact format (non-string) for record with PIP number EMEA-001476-PIP01-13-M01: [\"BioMarin International Limited\",\"Tel. +44 (0)20 7420 0800\",\"E-mail: biomarin-europe@bmrn.com\"]","timestamp":"2025-07-25T16:03:47.205Z"}
{"level":"warn","message":"Skipping invalid key in record: ","timestamp":"2025-07-25T16:03:47.205Z"}
{"level":"warn","message":"Invalid contact format (non-string) for record with PIP number EMEA-001285-PIP01-12-M02: [\"United Therapeutics Europe Limited\",\"United Kingdom\",\"Tel. +44 (0)1932 573800\",\"Fax +44 (0)1932 571110\",\"E-mail: info1@unither.com\"]","timestamp":"2025-07-25T16:03:47.205Z"}
{"level":"warn","message":"Skipping invalid key in record: ","timestamp":"2025-07-25T16:03:47.206Z"}
{"level":"warn","message":"Invalid contact format (non-string) for record with PIP number EMEA-001484-PIP01-13-M01: [\"Elobix AB\",\"Sweden\",\"Tel. +46 317411480\",\"E-mail: info@albireopharma.com\"]","timestamp":"2025-07-25T16:03:47.206Z"}
{"level":"warn","message":"Skipping invalid key in record: ","timestamp":"2025-07-25T16:03:47.206Z"}
{"level":"warn","message":"Invalid contact format (non-string) for record with PIP number EMEA-000978-PIP01-10-M01: [\"Roche Registration Limited\",\"Switzerland\",\"Tel. +41 6168794 11\",\"Fax +41 616879411\",\"E-mail: info.paediatrics@roche.com\"]","timestamp":"2025-07-25T16:03:47.206Z"}
{"level":"warn","message":"Skipping invalid key in record: ","timestamp":"2025-07-25T16:03:47.206Z"}
{"level":"warn","message":"Invalid contact format (non-string) for record with PIP number EMEA-001962-PIP01-16: [\"Prothena Therapeutics Limited\",\"Ireland\",\"Tel. +353 12362505\",\"Fax +353 1 6865675\",\"E-mail: patrick.murphy@prothena.com\"]","timestamp":"2025-07-25T16:03:47.206Z"}
{"level":"warn","message":"Skipping invalid key in record: ","timestamp":"2025-07-25T16:03:47.206Z"}
{"level":"warn","message":"Invalid contact format (non-string) for record with PIP number EMEA-000673-PIP01-09-M09: [\"GlaxoSmithKline Biologicals S.A. (UK)\",\"E-mail: eu.paediatric-plans@gsk.com\",\"Tel.: +1 438 899 8201\"]","timestamp":"2025-07-25T16:03:47.206Z"}
{"level":"info","message":"CSV Headers: Decision number,PIP number,Active substance,Invented name,Therapeutic area,Pharmaceutical forms,Condition / indication,Routes of administration,Decision type,Decision date,Compliance outcome,Compliance opinion date,Compliance procedure number,Contact for public enquiries,First published date,Last updated date,PIP URL,","timestamp":"2025-07-25T16:03:47.206Z"}
{"level":"warn","message":"Skipping invalid key in record: ","timestamp":"2025-07-25T16:03:47.206Z"}
{"level":"warn","message":"Skipping invalid key in record: ","timestamp":"2025-07-25T16:03:47.206Z"}
{"level":"warn","message":"Invalid contact format (non-string) for record with PIP number EMEA-001953-PIP01-16: [\"YES Pharmaceutical Development Services GmbH\",\"United States\",\"Tel. +1 8585501900 ext 244\",\"Email: smatsumoto@evofem.com\"]","timestamp":"2025-07-25T16:03:47.206Z"}
{"level":"warn","message":"Skipping invalid key in record: ","timestamp":"2025-07-25T16:03:47.206Z"}
{"level":"warn","message":"Invalid contact format (non-string) for record with PIP number EMEA-001952-PIP01-16: [\"AstraZeneca AB (Germany)\",\"Tel. +49 6132778271\"]","timestamp":"2025-07-25T16:03:47.206Z"}
{"level":"warn","message":"Skipping invalid key in record: ","timestamp":"2025-07-25T16:03:47.206Z"}
{"level":"warn","message":"Invalid contact format (non-string) for record with PIP number EMEA-001948-PIP01-16: [\"Zentiva\",\"k.s.\",\"Czech Republic\",\"blanka.zoubkova@zentiva.com\",\"Tel. +42 0267243574\"]","timestamp":"2025-07-25T16:03:47.206Z"}
{"level":"warn","message":"Skipping invalid key in record: ","timestamp":"2025-07-25T16:03:47.206Z"}
{"level":"warn","message":"Invalid contact format (non-string) for record with PIP number EMEA-001941-PIP01-16: [\"Adamed Sp. z o.o.\",\"Tel. +48227327736\",\"E-mail: joanna.pawlak@adamed.com.pl\"]","timestamp":"2025-07-25T16:03:47.206Z"}
{"level":"warn","message":"Skipping invalid key in record: ","timestamp":"2025-07-25T16:03:47.206Z"}
{"level":"warn","message":"Invalid contact format (non-string) for record with PIP number EMEA-001969-PIP01-16: [\"ReNeuron Ltd\",\"United Kingdom\",\"Tel. +44 2038198400\",\"Email: info@reneuron.com\"]","timestamp":"2025-07-25T16:03:47.206Z"}
{"level":"warn","message":"Skipping invalid key in record: ","timestamp":"2025-07-25T16:03:47.207Z"}
{"level":"warn","message":"Invalid contact format (non-string) for record with PIP number EMEA-001912-PIP01-15: [\"La Jolla Pharmaceutical Company\",\"Inc.\",\"United States\",\"Tel. +1 8584336908\"]","timestamp":"2025-07-25T16:03:47.207Z"}
{"level":"warn","message":"Skipping invalid key in record: ","timestamp":"2025-07-25T16:03:47.207Z"}
{"level":"warn","message":"Invalid contact format (non-string) for record with PIP number EMEA-000876-PIP07-15: [\"Alexion Europe SAS\",\"France\",\"E-mail: pip.enquiries.eu@alxn.com\",\"Tel. +33 1 47 10 06 06\",\"Fax +33 1 47 10 06 11\"]","timestamp":"2025-07-25T16:03:47.207Z"}
{"level":"warn","message":"Skipping invalid key in record: ","timestamp":"2025-07-25T16:03:47.207Z"}
{"level":"warn","message":"Invalid contact format (non-string) for record with PIP number EMEA-000520-PIP01-08-M05: [\"Glaxo Group Limited\",\"E-mail: eu.paediatrics-plans@gsk.com\",\"Tel. +44 (0)20 8990 2458\"]","timestamp":"2025-07-25T16:03:47.207Z"}
{"level":"warn","message":"Skipping invalid key in record: ","timestamp":"2025-07-25T16:03:47.207Z"}
{"level":"warn","message":"Invalid contact format (non-string) for record with PIP number EMEA-001697-PIP02-14: [\"Gilead Sciences International Ltd\",\"E-mail: regulatory.pip@gilead.com\",\"Tel. +44 (0)1223 897300\"]","timestamp":"2025-07-25T16:03:47.207Z"}
{"level":"warn","message":"Skipping invalid key in record: ","timestamp":"2025-07-25T16:03:47.207Z"}
{"level":"warn","message":"Invalid contact format (non-string) for record with PIP number EMEA-001697-PIP01-14: [\"Gilead Sciences International Ltd\",\"E-mail: regulatory.pip@gilead.com\",\"Tel. +44 (0)1223 897300\"]","timestamp":"2025-07-25T16:03:47.207Z"}
{"level":"warn","message":"Skipping invalid key in record: ","timestamp":"2025-07-25T16:03:47.225Z"}
{"level":"warn","message":"Skipping invalid key in record: ","timestamp":"2025-07-25T16:03:47.225Z"}
{"level":"warn","message":"Invalid contact format (non-string) for record with PIP number EMEA-000329-PIP02-09-M05: [\"Amgen Europe B.V\",\"United Kingdom\",\"Tel. +44 (0)1223 420305\",\"E-mail: medinfointernational@amgen.com\"]","timestamp":"2025-07-25T16:03:47.225Z"}
{"level":"warn","message":"Skipping invalid key in record: ","timestamp":"2025-07-25T16:03:47.225Z"}
{"level":"warn","message":"Invalid contact format (non-string) for record with PIP number EMEA-001916-PIP01-15: [\"Laboratoires Théa\",\"Email: s.momege@laboratoires-thea.fr\",\"Tel. +33 473981436\"]","timestamp":"2025-07-25T16:03:47.225Z"}
{"level":"warn","message":"Skipping invalid key in record: ","timestamp":"2025-07-25T16:03:47.226Z"}
{"level":"warn","message":"Invalid contact format (non-string) for record with PIP number EMEA-001914-PIP01-15: [\"Daewoong Pharmaceutical Co.\",\"Ltd.\",\"Republic of Korea\",\"Tel. +82 221906470 / +82 221906774\",\"Fax +82 25508660\",\"Email: gmkang294@daewoong.co.kr / oscar23@daewoong.co.kr\"]","timestamp":"2025-07-25T16:03:47.226Z"}
{"level":"warn","message":"Skipping invalid key in record: ","timestamp":"2025-07-25T16:03:47.226Z"}
{"level":"warn","message":"Invalid contact format (non-string) for record with PIP number EMEA-001910-PIP01-15: [\"Janssen-Cilag International N.V.\",\"E-mail: ivan.tommasini@parexel.com\",\"Tel. + 44 (0)1895 614784\"]","timestamp":"2025-07-25T16:03:47.226Z"}
{"level":"warn","message":"Skipping invalid key in record: ","timestamp":"2025-07-25T16:03:47.226Z"}
{"level":"warn","message":"Invalid contact format (non-string) for record with PIP number EMEA-001887-PIP01-15: [\"Farmalider\",\"S.A.\",\"Spain\",\"Tel. +34 916612335\",\"Fax +34 916610442\",\"E-mail: carloscalandria@farmalider.com\"]","timestamp":"2025-07-25T16:03:47.226Z"}
{"level":"warn","message":"Skipping invalid key in record: ","timestamp":"2025-07-25T16:03:47.226Z"}
{"level":"warn","message":"Invalid contact format (non-string) for record with PIP number EMEA-001753-PIP02-15: [\"Cambridge Allergy Ltd\",\"United Kingdom\",\"Tel. +44 1223245151\",\"Email: andrew.clark@addenbrookes.nhs.uk\"]","timestamp":"2025-07-25T16:03:47.226Z"}
{"level":"warn","message":"Skipping invalid key in record: ","timestamp":"2025-07-25T16:03:47.226Z"}
{"level":"warn","message":"Invalid contact format (non-string) for record with PIP number EMEA-001495-PIP01-13-M01: [\"Laboratorios León Farma S.A.\",\"Spain\",\"Tel. +34 9177 11500\",\"E-mail: enrico.colli@exeltis.com\",\"ana.orozco@exeltis.com\"]","timestamp":"2025-07-25T16:03:47.226Z"}
{"level":"warn","message":"Skipping invalid key in record: ","timestamp":"2025-07-25T16:03:47.226Z"}
{"level":"warn","message":"Skipping invalid key in record: ","timestamp":"2025-07-25T16:03:47.226Z"}
{"level":"warn","message":"Invalid contact format (non-string) for record with PIP number EMEA-000471-PIP01-08-M02: [\"Merck Sharp and Dohme (Europe)\",\"Inc.\",\"Belgium\",\"Tel. +44 (0)1992 452396\",\"Fax +44 (0)1992 468175\",\"E-mail: paul.robinson@merck.com\"]","timestamp":"2025-07-25T16:03:47.226Z"}
{"level":"warn","message":"Skipping invalid key in record: ","timestamp":"2025-07-25T16:03:47.226Z"}
{"level":"warn","message":"Invalid contact format (non-string) for record with PIP number EMEA-001861-PIP01-15: [\"Boehringer Ingelheim International GmbH\",\"Tel. +49 6132 778271\",\"Email: Paediatrics@boehringer-ingelheim.com\"]","timestamp":"2025-07-25T16:03:47.226Z"}
{"level":"warn","message":"Skipping invalid key in record: ","timestamp":"2025-07-25T16:03:47.226Z"}
{"level":"warn","message":"Invalid contact format (non-string) for record with PIP number EMEA-001884-PIP02-15: [\"Aclaris Therapeutics\",\"Inc.\",\"Tel. +1 484 540 6264\",\"E-mail: cmatkowski@aclaristx.com\"]","timestamp":"2025-07-25T16:03:47.226Z"}
{"level":"warn","message":"Skipping invalid key in record: ","timestamp":"2025-07-25T16:03:47.226Z"}
{"level":"warn","message":"Invalid contact format (non-string) for record with PIP number EMEA-001006-PIP02-15: [\"Boehringer Ingelheim International GmbH\",\"Tel. +49 6132 778271\",\"Email: Paediatrics@boehringer-ingelheim.com\"]","timestamp":"2025-07-25T16:03:47.226Z"}
{"level":"warn","message":"Skipping invalid key in record: ","timestamp":"2025-07-25T16:03:47.227Z"}
{"level":"warn","message":"Skipping invalid key in record: ","timestamp":"2025-07-25T16:03:47.227Z"}
{"level":"warn","message":"Invalid contact format (non-string) for record with PIP number EMEA-001842-PIP02-15: [\"IRE-Elit SA\",\"Belgium\",\"Tel. +3 2498178381\",\"E-mail: philippe.vanwolleghem@ire.eu\"]","timestamp":"2025-07-25T16:03:47.227Z"}
{"level":"warn","message":"Skipping invalid key in record: ","timestamp":"2025-07-25T16:03:47.227Z"}
{"level":"warn","message":"Invalid contact format (non-string) for record with PIP number EMEA-001908-PIP01-15: [\"Invest Bielany Sp. z o.o.\",\"Poland\",\"Tel. +48 734666650\",\"Fax +48 228411671\",\"E-mail: katarzyna.rawa@investbielany.pl\"]","timestamp":"2025-07-25T16:03:47.227Z"}
{"level":"warn","message":"Skipping invalid key in record: ","timestamp":"2025-07-25T16:03:47.227Z"}
{"level":"warn","message":"Invalid contact format (non-string) for record with PIP number EMEA-001874-PIP01-15: [\"Acorda Therapeutics\",\"Inc.\",\"United States\",\"Tel. +1 9143474300\",\"Fax +1 9143474560\",\"E-mail: info@acorda.com\"]","timestamp":"2025-07-25T16:03:47.227Z"}
{"level":"warn","message":"Skipping invalid key in record: ","timestamp":"2025-07-25T16:03:47.227Z"}
{"level":"warn","message":"Invalid contact format (non-string) for record with PIP number EMEA-001878-PIP01-15: [\"Polichem S.A.\",\"Tel. + 34 93 291 35 06 / + 34 609 907 326\",\"E-mail: xavier.llaurado@almirall.com\"]","timestamp":"2025-07-25T16:03:47.227Z"}
{"level":"warn","message":"Skipping invalid key in record: ","timestamp":"2025-07-25T16:03:47.227Z"}
{"level":"warn","message":"Invalid contact format (non-string) for record with PIP number EMEA-001825-PIP01-15: [\"Janssen-Cilag International NV\",\"Belgium\",\"Tel. +32 14602111\",\"E-mail: contact@janssen-emea.com\"]","timestamp":"2025-07-25T16:03:47.227Z"}
{"level":"warn","message":"Skipping invalid key in record: ","timestamp":"2025-07-25T16:03:47.227Z"}
{"level":"warn","message":"Invalid contact format (non-string) for record with PIP number EMEA-001414-PIP01-12-M01: [\"Roche Registration Limited\",\"United Kingdom\",\"Tel. +41 (0)61 6879411\",\"E-mail: global.paediatrics@roche.com\"]","timestamp":"2025-07-25T16:03:47.227Z"}
{"level":"warn","message":"Skipping invalid key in record: ","timestamp":"2025-07-25T16:03:47.227Z"}
{"level":"warn","message":"Invalid contact format (non-string) for record with PIP number EMEA-001155-PIP01-11-M03: [\"Promethera Biosciences\",\"Belgium\",\"Tel. +32 10394300\",\"Fax +32 10394301\",\"E-mail: contact@promethera.com\"]","timestamp":"2025-07-25T16:03:47.227Z"}
{"level":"warn","message":"Skipping invalid key in record: ","timestamp":"2025-07-25T16:03:47.227Z"}
{"level":"warn","message":"Invalid contact format (non-string) for record with PIP number EMEA-001519-PIP01-13: [\"FORUM Pharmaceuticals\",\"Inc.\",\"United States\",\"E-mail: cboislcair@forumpharma.com\",\"Tel. +1 6172525350\",\"Fax +1 6172254208\"]","timestamp":"2025-07-25T16:03:47.227Z"}
{"level":"warn","message":"Skipping invalid key in record: ","timestamp":"2025-07-25T16:03:47.227Z"}
{"level":"warn","message":"Invalid contact format (non-string) for record with PIP number EMEA-001671-PIP01-14: [\"MedImmune Ltd.\",\"United Kingdom\",\"E- mail: paediatrics@astrazeneca.com\",\"Tel.: +46 855259283\",\"Fax: +46 855326904\"]","timestamp":"2025-07-25T16:03:47.227Z"}
{"level":"warn","message":"Skipping invalid key in record: ","timestamp":"2025-07-25T16:03:47.228Z"}
{"level":"warn","message":"Invalid contact format (non-string) for record with PIP number EMEA-001752-PIP01-15: [\"Xention Limited\",\"United Kingdom\",\"Email: info@xention.com\",\"Tel.: +44 (0)1223 493900\",\"Fax: +44 (0)1223 493901\"]","timestamp":"2025-07-25T16:03:47.228Z"}
{"level":"warn","message":"Skipping invalid key in record: ","timestamp":"2025-07-25T16:03:47.228Z"}
{"level":"warn","message":"Invalid contact format (non-string) for record with PIP number EMEA-000495-PIP01-08-M09: [\"Grünenthal GmbH\",\"Germany\",\"Tel. +49 241 5690\",\"Fax +49 241 5691498\",\"E-mail: pediatrics@grunenthal.com\"]","timestamp":"2025-07-25T16:03:47.228Z"}
{"level":"warn","message":"Skipping invalid key in record: ","timestamp":"2025-07-25T16:03:47.228Z"}
{"level":"warn","message":"Invalid contact format (non-string) for record with PIP number EMEA-000898-PIP01-10-M02: [\"NeoMero Consortium\",\"Italy\",\"Tel. +39 0498215447\",\"Fax +39 0499640123\",\"E-mail: management@neomero.org\"]","timestamp":"2025-07-25T16:03:47.228Z"}
{"level":"warn","message":"Skipping invalid key in record: ","timestamp":"2025-07-25T16:03:47.228Z"}
{"level":"warn","message":"Invalid contact format (non-string) for record with PIP number EMEA-000661-PIP01-09-M07: [\"Cangene Europe Ltd\",\"United Kingdom\",\"Tel. +44 (0)20 8654 0555\",\"E-mail: jwhitehead@apvo.com\"]","timestamp":"2025-07-25T16:03:47.228Z"}
{"level":"warn","message":"Skipping invalid key in record: ","timestamp":"2025-07-25T16:03:47.228Z"}
{"level":"warn","message":"Invalid contact format (non-string) for record with PIP number EMEA-001506-PIP02-14-M01: [\"Roche Registration Ltd\",\"Switzerland\",\"Tel. +41 616879411\",\"E-mail: info.paediatrics@roche.com\"]","timestamp":"2025-07-25T16:03:47.228Z"}
{"level":"warn","message":"Skipping invalid key in record: ","timestamp":"2025-07-25T16:03:47.228Z"}
{"level":"warn","message":"Invalid contact format (non-string) for record with PIP number EMEA-000494-PIP01-08-M09: [\"Grünenthal GmbH\",\"Germany\",\"Tel. +49 241 5690\",\"Fax +49 241 5691498\",\"E-mail: pediatrics@grunenthal.com\"]","timestamp":"2025-07-25T16:03:47.228Z"}
{"level":"warn","message":"Skipping invalid key in record: ","timestamp":"2025-07-25T16:03:47.228Z"}
{"level":"warn","message":"Invalid contact format (non-string) for record with PIP number EMEA-000486-PIP01-08-M04: [\"Grünenthal GmbH\",\"Germany\",\"Tel. +49 241 5690\",\"Fax +49 241 5691498\",\"E-mail: pediatrics@grunenthal.com\"]","timestamp":"2025-07-25T16:03:47.228Z"}
{"level":"warn","message":"Skipping invalid key in record: ","timestamp":"2025-07-25T16:03:47.228Z"}
{"level":"warn","message":"Invalid contact format (non-string) for record with PIP number EMEA-000485-PIP01-08-M04: [\"Grünenthal GmbH\",\"Germany\",\"Tel. +49 241 5690\",\"Fax +49 241 5691498\",\"E-mail: pediatrics@grunenthal.com\"]","timestamp":"2025-07-25T16:03:47.228Z"}
{"level":"warn","message":"Skipping invalid key in record: ","timestamp":"2025-07-25T16:03:47.228Z"}
{"level":"warn","message":"Invalid contact format (non-string) for record with PIP number EMEA-001769-PIP01-15: [\"Lukács és Társa Gyógyszerkereskedelmi Bt.\",\"Hungary\",\"Tel. +36 87789073\",\"Fax +36 87789074\",\"E-mail: info@adwareresearch.com\"]","timestamp":"2025-07-25T16:03:47.228Z"}
{"level":"warn","message":"Skipping invalid key in record: ","timestamp":"2025-07-25T16:03:47.229Z"}
{"level":"info","message":"CSV Headers: Decision number,PIP number,Active substance,Invented name,Therapeutic area,Pharmaceutical forms,Condition / indication,Routes of administration,Decision type,Decision date,Compliance outcome,Compliance opinion date,Compliance procedure number,Contact for public enquiries,First published date,Last updated date,PIP URL,","timestamp":"2025-07-25T16:03:47.229Z"}
{"level":"warn","message":"Skipping invalid key in record: ","timestamp":"2025-07-25T16:03:47.229Z"}
{"level":"warn","message":"Invalid contact format (non-string) for record with PIP number EMEA-001859-PIP02-15: [\"Regeneron Pharmaceuticals\",\"Inc\",\"USA\",\"Tel. +1 9148475385\",\"E-mail: clinicaltrials@regeneron.com\"]","timestamp":"2025-07-25T16:03:47.229Z"}
{"level":"warn","message":"Skipping invalid key in record: ","timestamp":"2025-07-25T16:03:47.229Z"}
{"level":"warn","message":"Invalid contact format (non-string) for record with PIP number EMEA-001792-PIP01-15: [\"GlaxoSmithKline Trading Services Limited\",\"Tel. +1 4388998201\",\"E-mail: eu.paediatric-plans@gsk.com\"]","timestamp":"2025-07-25T16:03:47.229Z"}
{"level":"warn","message":"Skipping invalid key in record: ","timestamp":"2025-07-25T16:03:47.229Z"}
{"level":"warn","message":"Invalid contact format (non-string) for record with PIP number EMEA-001764-PIP03-15: [\"St. Renatus\",\"LLC\",\"USA\",\"Tel. +1 9704494455\",\"Fax +1 9704494456\",\"E-mail: ndiel@st-renatus.com\"]","timestamp":"2025-07-25T16:03:47.229Z"}
{"level":"warn","message":"Skipping invalid key in record: ","timestamp":"2025-07-25T16:03:47.229Z"}
{"level":"warn","message":"Skipping invalid key in record: ","timestamp":"2025-07-25T16:03:47.229Z"}
{"level":"warn","message":"Invalid contact format (non-string) for record with PIP number EMEA-001712-PIP02-15: [\"MEDDAY SAS\",\"France\",\"Tel. +33 157274604\",\"Fax +33 184177604\",\"E-mail: contact@medday-pharma.com\"]","timestamp":"2025-07-25T16:03:47.229Z"}
{"level":"warn","message":"Skipping invalid key in record: ","timestamp":"2025-07-25T16:03:47.229Z"}
{"level":"warn","message":"Skipping invalid key in record: ","timestamp":"2025-07-25T16:03:47.229Z"}
{"level":"warn","message":"Invalid contact format (non-string) for record with PIP number EMEA-001867-PIP01-15: [\"Biogen Idec Ltd\",\"Tel. +44 (0)1628 512749\",\"E-mail: pip.enquiries@biogenidec.com\"]","timestamp":"2025-07-25T16:03:47.230Z"}
{"level":"warn","message":"Skipping invalid key in record: ","timestamp":"2025-07-25T16:03:47.230Z"}
{"level":"warn","message":"Invalid contact format (non-string) for record with PIP number EMEA-001892-PIP01-15: [\"Florentin Artner\",\"France\",\"Tel. +33 685924389\",\"E-mail: didier.garonnat@iason.eu\"]","timestamp":"2025-07-25T16:03:47.230Z"}
{"level":"warn","message":"Skipping invalid key in record: ","timestamp":"2025-07-25T16:03:47.230Z"}
{"level":"warn","message":"Invalid contact format (non-string) for record with PIP number EMEA-001871-PIP01-15: [\"Krka\",\"d.d.\",\"Novo mesto\",\"Slovenia\",\"Tel. +386 73319037\",\"Fax +386 73322742\",\"E-mail: dragan.priselac@krka.biz\"]","timestamp":"2025-07-25T16:03:47.230Z"}
{"level":"warn","message":"Skipping invalid key in record: ","timestamp":"2025-07-25T16:03:47.230Z"}
{"level":"warn","message":"Invalid contact format (non-string) for record with PIP number EMEA-001747-PIP01-15: [\"Regeneron Ireland DAC\",\"Tel. +1 9148 475385\",\"E-mail: clinicaltrials@regeneron.com\"]","timestamp":"2025-07-25T16:03:47.230Z"}
{"level":"warn","message":"Skipping invalid key in record: ","timestamp":"2025-07-25T16:03:47.230Z"}
{"level":"warn","message":"Invalid contact format (non-string) for record with PIP number EMEA-001807-PIP02-15: [\"AxoGen Corporation\",\"USA\",\"Tel. +1 3864626820\",\"Fax +1 3864626801\",\"E-mail: mfriedman@axogeninc.com\"]","timestamp":"2025-07-25T16:03:47.230Z"}
{"level":"warn","message":"Skipping invalid key in record: ","timestamp":"2025-07-25T16:03:47.230Z"}
{"level":"warn","message":"Invalid contact format (non-string) for record with PIP number EMEA-001844-PIP01-15: [\"Humedics GmbH\",\"Germany\",\"Tel. +49 30590083249\",\"Fax +49 30590083230\",\"Email: brigitte.hoch@humedics.de\"]","timestamp":"2025-07-25T16:03:47.230Z"}
{"level":"warn","message":"Skipping invalid key in record: ","timestamp":"2025-07-25T16:03:47.230Z"}
{"level":"warn","message":"Invalid contact format (non-string) for record with PIP number EMEA-000067-PIP02-11-M02: [\"Cytonet GmbH & Co KG\",\"Germany\",\"E-mail: info@cytonet.de\",\"Tel. +49 6201 25980\",\"Fax +49 6201 259828\"]","timestamp":"2025-07-25T16:03:47.230Z"}
{"level":"warn","message":"Skipping invalid key in record: ","timestamp":"2025-07-25T16:03:47.230Z"}
{"level":"warn","message":"Invalid contact format (non-string) for record with PIP number EMEA-001854-PIP01-15: [\"ObsEva Ireland Limited\",\"Ireland\",\"E-mail: delphine.renaud@obseva.ch\",\"Tel.: +41 225521550\"]","timestamp":"2025-07-25T16:03:47.230Z"}
{"level":"warn","message":"Skipping invalid key in record: ","timestamp":"2025-07-25T16:03:47.247Z"}
{"level":"warn","message":"Invalid contact format (non-string) for record with PIP number EMEA-001851-PIP01-15: [\"Proteo Biotech AG\",\"Germany\",\"E-mail: info@proteo.de\",\"Tel.: +49 4318888462\",\"Fax: +49 4318888463\"]","timestamp":"2025-07-25T16:03:47.247Z"}
{"level":"warn","message":"Skipping invalid key in record: ","timestamp":"2025-07-25T16:03:47.247Z"}
{"level":"warn","message":"Invalid contact format (non-string) for record with PIP number EMEA-001847-PIP01-15: [\"Dipexium Pharmaceuticals\",\"Inc.\",\"United States\",\"E-mail: www.dipexiumpharmaceuticals.com\",\"Tel.: +1 2122692724\"]","timestamp":"2025-07-25T16:03:47.247Z"}
{"level":"warn","message":"Skipping invalid key in record: ","timestamp":"2025-07-25T16:03:47.247Z"}
{"level":"warn","message":"Invalid contact format (non-string) for record with PIP number EMEA-001836-PIP01-15: [\"Alnylam Pharmaceuticals\",\"Inc.\",\"United States\",\"E-mail: clinicaltrials@alnylam.com\",\"Tel.: +1 8663300326\"]","timestamp":"2025-07-25T16:03:47.247Z"}
{"level":"warn","message":"Skipping invalid key in record: ","timestamp":"2025-07-25T16:03:47.247Z"}
{"level":"warn","message":"Invalid contact format (non-string) for record with PIP number EMEA-001718-PIP01-14: [\"Merck Sharp & Dohme (Europe)\",\"Inc.\",\"Belgium\",\"E- mail: pip.information@merck.com\",\"Tel.: +31 412663179\",\"Fax: +31 412662517\"]","timestamp":"2025-07-25T16:03:47.247Z"}
{"level":"warn","message":"Skipping invalid key in record: ","timestamp":"2025-07-25T16:03:47.248Z"}
{"level":"warn","message":"Invalid contact format (non-string) for record with PIP number EMEA-001311-PIP01-12-M01: [\"Fondazione PENTA Onlus\",\"Italy\",\"Tel. +39 0498215447\",\"Fax +39 0499640123\",\"E-mail: pmo@neovanc.org\"]","timestamp":"2025-07-25T16:03:47.248Z"}
{"level":"warn","message":"Skipping invalid key in record: ","timestamp":"2025-07-25T16:03:47.248Z"}
{"level":"warn","message":"Skipping invalid key in record: ","timestamp":"2025-07-25T16:03:47.248Z"}
{"level":"warn","message":"Invalid contact format (non-string) for record with PIP number EMEA-001098-PIP01-10-M01: [\"Eisai Limited\",\"United Kingdom\",\"Tel. +44 (0)20 8600 1400\",\"Fax +44 (0)20 8676 1504\",\"E-mail: LMedinfo@eisai.net\"]","timestamp":"2025-07-25T16:03:47.248Z"}
{"level":"warn","message":"Skipping invalid key in record: ","timestamp":"2025-07-25T16:03:47.248Z"}
{"level":"warn","message":"Invalid contact format (non-string) for record with PIP number EMEA-000568-PIP01-09-M06: [\"NPS Pharma Holdings Limited\",\"United Kingdom\",\"Tel. +80066838470\",\"E-mail: medinfoeuceemea@shire.com\"]","timestamp":"2025-07-25T16:03:47.248Z"}
{"level":"warn","message":"Skipping invalid key in record: ","timestamp":"2025-07-25T16:03:47.248Z"}
{"level":"warn","message":"Invalid contact format (non-string) for record with PIP number EMEA-001450-PIP01-13-M01: [\"Sunesis Europe Ltd\",\"Belgium\",\"Tel. +1 6502663728\",\"Fax +1 6502663528\",\"E-mail: dthomas@sunesis.com\"]","timestamp":"2025-07-25T16:03:47.248Z"}
{"level":"warn","message":"Skipping invalid key in record: ","timestamp":"2025-07-25T16:03:47.248Z"}
{"level":"warn","message":"Invalid contact format (non-string) for record with PIP number EMEA-000830-PIP02-10-M02: [\"Bio Products Laboratory Limited\",\"United Kingdom\",\"Tel. +44 (0)20 8957 2622\",\"Fax +44 (0)20 8957 2608\",\"E-mail: Omotayo.Onabaworin@bpl.co.uk\"]","timestamp":"2025-07-25T16:03:47.248Z"}
{"level":"warn","message":"Skipping invalid key in record: ","timestamp":"2025-07-25T16:03:47.248Z"}
{"level":"warn","message":"Invalid contact format (non-string) for record with PIP number EMEA-001501-PIP03-15: [\"sanofi-aventis recherche & développement\",\"Tel. +33 1697 45695\",\"E-mail: contact-us@sanofi.com\"]","timestamp":"2025-07-25T16:03:47.248Z"}
{"level":"warn","message":"Skipping invalid key in record: ","timestamp":"2025-07-25T16:03:47.248Z"}
{"level":"warn","message":"Invalid contact format (non-string) for record with PIP number EMEA-001850-PIP01-15: [\"Statens Serum Institut\",\"Denmark\",\"Tel. +4541714897\",\"E-mail: regaffairs@ajvaccines.com\"]","timestamp":"2025-07-25T16:03:47.248Z"}
{"level":"warn","message":"Skipping invalid key in record: ","timestamp":"2025-07-25T16:03:47.248Z"}
{"level":"warn","message":"Invalid contact format (non-string) for record with PIP number EMEA-001849-PIP01-15: [\"Merck KGaA\",\"Germany\",\"E-mail: service@merck.de\",\"Tel. +49 6151725200\",\"Fax +49 615172200\"]","timestamp":"2025-07-25T16:03:47.248Z"}
{"level":"warn","message":"Skipping invalid key in record: ","timestamp":"2025-07-25T16:03:47.249Z"}
{"level":"warn","message":"Invalid contact format (non-string) for record with PIP number EMEA-001840-PIP01-15: [\"Ipsen Pharma\",\"E-mail: paediatrics.plans@ipsen.com\",\"Tel. +33 158335000\"]","timestamp":"2025-07-25T16:03:47.249Z"}
{"level":"warn","message":"Skipping invalid key in record: ","timestamp":"2025-07-25T16:03:47.249Z"}
{"level":"warn","message":"Invalid contact format (non-string) for record with PIP number EMEA-001783-PIP02-15: [\"Promo International S.r.l.\",\"Italy\",\"Tel. +39 382530059\",\"E-mail: regulatory@gbpharma.it\"]","timestamp":"2025-07-25T16:03:47.249Z"}
{"level":"warn","message":"Skipping invalid key in record: ","timestamp":"2025-07-25T16:03:47.249Z"}
{"level":"warn","message":"Skipping invalid key in record: ","timestamp":"2025-07-25T16:03:47.249Z"}
{"level":"warn","message":"Invalid contact format (non-string) for record with PIP number EMEA-001091-PIP02-15: [\"Gilead Sciences International Ltd\",\"United Kingdom\",\"Tel. +44 1223 897342\",\"E-mail: regulatory.pip@gilead.com\"]","timestamp":"2025-07-25T16:03:47.249Z"}
{"level":"warn","message":"Skipping invalid key in record: ","timestamp":"2025-07-25T16:03:47.249Z"}
{"level":"warn","message":"Invalid contact format (non-string) for record with PIP number EMEA-000309-PIP01-08-M07: [\"Roche Registration Limited\",\"United Kingdom\",\"Tel. +41 6168 79411\",\"Fax +41 6168 79233\",\"E-mail: info.paediatrics@roche.com\"]","timestamp":"2025-07-25T16:03:47.249Z"}
{"level":"warn","message":"Skipping invalid key in record: ","timestamp":"2025-07-25T16:03:47.249Z"}
{"level":"warn","message":"Invalid contact format (non-string) for record with PIP number EMEA-001852-PIP01-15: [\"Krka\",\"d.d.\",\"Novo mesto\",\"Slovenia\",\"Tel. +386 7331 2055\",\"Fax +386 7332 2742\",\"E-mail: tomaz.kralj@krka.biz\"]","timestamp":"2025-07-25T16:03:47.249Z"}
{"level":"warn","message":"Skipping invalid key in record: ","timestamp":"2025-07-25T16:03:47.249Z"}
{"level":"warn","message":"Skipping invalid key in record: ","timestamp":"2025-07-25T16:03:47.250Z"}
{"level":"warn","message":"Invalid contact format (non-string) for record with PIP number EMEA-001820-PIP01-15: [\"Genexine\",\"Inc.\",\"Hungary\",\"Tel. +82 31628 3278\",\"Fax +82 31628 3229\",\"E-mail: yjlee@genexine.com\"]","timestamp":"2025-07-25T16:03:47.250Z"}
{"level":"warn","message":"Skipping invalid key in record: ","timestamp":"2025-07-25T16:03:47.250Z"}
{"level":"warn","message":"Invalid contact format (non-string) for record with PIP number P/0289/2015: [\"Gilead Sciences International Ltd.\",\"United Kingdom\",\"Email: regulatory.pip@gilead.com\",\"Tel.: +44 1223897300\",\"Fax:  +44 1223897284\"]","timestamp":"2025-07-25T16:03:47.250Z"}
{"level":"warn","message":"Skipping invalid key in record: ","timestamp":"2025-07-25T16:03:47.250Z"}
{"level":"warn","message":"Invalid contact format (non-string) for record with PIP number EMEA-000639-PIP02-09-M02: [\"Sintetica Italia S.r.l.\",\"Switzerland\",\"Tel. +39 3466 632572\",\"Fax +41 9164 68561\",\"E-mail: italia@sintetica.com\",\"edonati@sintetica.com\"]","timestamp":"2025-07-25T16:03:47.250Z"}
{"level":"warn","message":"Skipping invalid key in record: ","timestamp":"2025-07-25T16:03:47.250Z"}
{"level":"warn","message":"Skipping invalid key in record: ","timestamp":"2025-07-25T16:03:47.250Z"}
{"level":"warn","message":"Skipping invalid key in record: ","timestamp":"2025-07-25T16:03:47.250Z"}
{"level":"warn","message":"Invalid contact format (non-string) for record with PIP number EMEA-000020-PIP01-07-M05: [\"ViiV Healthcare UK Ltd\",\"United Kingdom\",\"Tel. +44 (0)20 8380 6215\",\"E-mail: neil.p.shortman@viivhealthcare.com\"]","timestamp":"2025-07-25T16:03:47.250Z"}
{"level":"warn","message":"Skipping invalid key in record: ","timestamp":"2025-07-25T16:03:47.250Z"}
{"level":"warn","message":"Skipping invalid key in record: ","timestamp":"2025-07-25T16:03:47.250Z"}
{"level":"warn","message":"Invalid contact format (non-string) for record with PIP number EMEA-001810-PIP01-15: [\"Celldex Therapeutics\",\"Inc.\",\"Germany\",\"Tel. +1 7814 333111\",\"Fax +1 7814 333133\",\"E-mail: aelnatan@celldex.com\"]","timestamp":"2025-07-25T16:03:47.251Z"}
{"level":"info","message":"CSV Headers: Decision number,PIP number,Active substance,Invented name,Therapeutic area,Pharmaceutical forms,Condition / indication,Routes of administration,Decision type,Decision date,Compliance outcome,Compliance opinion date,Compliance procedure number,Contact for public enquiries,First published date,Last updated date,PIP URL,","timestamp":"2025-07-25T16:03:47.251Z"}
{"level":"warn","message":"Skipping invalid key in record: ","timestamp":"2025-07-25T16:03:47.251Z"}
{"level":"warn","message":"Invalid contact format (non-string) for record with PIP number EMEA-001817-PIP01-15: [\"Laboratoires Cyclopharma\",\"France\",\"Tel. +33 4736 32700\",\"E-mail: jmdecomps@cyclopharma.fr\"]","timestamp":"2025-07-25T16:03:47.251Z"}
{"level":"warn","message":"Skipping invalid key in record: ","timestamp":"2025-07-25T16:03:47.251Z"}
{"level":"warn","message":"Invalid contact format (non-string) for record with PIP number EMEA-001816-PIP02-15: [\"ProStrakan Ltd\",\"United Kingdom\",\"Tel. +1 6099 191100\",\"Fax +1 6099 191111\",\"E-mail: kw-0761@kyowa-kirin-pharma.com\"]","timestamp":"2025-07-25T16:03:47.251Z"}
{"level":"warn","message":"Skipping invalid key in record: ","timestamp":"2025-07-25T16:03:47.251Z"}
{"level":"warn","message":"Invalid contact format (non-string) for record with PIP number EMEA-001845-PIP01-15: [\"Krka\",\"d.d. Novo mesto\",\"Croatia\",\"Tel. +385 9931 10291\",\"Fax +385 1631 2153\",\"E-mail: helen.lukin@krka.biz\"]","timestamp":"2025-07-25T16:03:47.251Z"}
{"level":"warn","message":"Skipping invalid key in record: ","timestamp":"2025-07-25T16:03:47.251Z"}
{"level":"warn","message":"Invalid contact format (non-string) for record with PIP number EMEA-001816-PIP01-15: [\"ProStrakan Ltd\",\"United Kingdom\",\"Tel. +1 6099 191100\",\"Fax +1 6099 191111\",\"E-mail: kw-0761@kyowa-kirin-pharma.com\"]","timestamp":"2025-07-25T16:03:47.251Z"}
{"level":"warn","message":"Skipping invalid key in record: ","timestamp":"2025-07-25T16:03:47.251Z"}
{"level":"warn","message":"Invalid contact format (non-string) for record with PIP number EMEA-001511-PIP03-14: [\"Gilead Sciences International Ltd\",\"E-mail: regulatory.pip@gilead.com\",\"Tel. +44 (0)1223 897300\"]","timestamp":"2025-07-25T16:03:47.251Z"}
{"level":"warn","message":"Skipping invalid key in record: ","timestamp":"2025-07-25T16:03:47.251Z"}
{"level":"warn","message":"Skipping invalid key in record: ","timestamp":"2025-07-25T16:03:47.252Z"}
{"level":"warn","message":"Skipping invalid key in record: ","timestamp":"2025-07-25T16:03:47.252Z"}
{"level":"warn","message":"Invalid contact format (non-string) for record with PIP number EMEA-001762-PIP01-15: [\"Mundipharma Research GmbH & Co. KG\",\"Germany\",\"Tel. +49 6431 701453\",\"Fax +49 6431 7018453\",\"E-mail: barbara.riechert@mundipharma-rd.eu\"]","timestamp":"2025-07-25T16:03:47.252Z"}
{"level":"warn","message":"Skipping invalid key in record: ","timestamp":"2025-07-25T16:03:47.252Z"}
{"level":"warn","message":"Invalid contact format (non-string) for record with PIP number EMEA-001790-PIP01-15: [\"FirstString Research Inc\",\"United States\",\"Tel. +1 8438 608372\",\"E-mail: info@firststring.com\"]","timestamp":"2025-07-25T16:03:47.252Z"}
{"level":"warn","message":"Skipping invalid key in record: ","timestamp":"2025-07-25T16:03:47.252Z"}
{"level":"warn","message":"Invalid contact format (non-string) for record with PIP number EMEA-001761-PIP01-15: [\"Actavis Group PTC ehf\",\"Iceland\",\"Tel. +354 5503482\",\"E-mail: hrefna.haraldsdottir@actavis.com\"]","timestamp":"2025-07-25T16:03:47.252Z"}
{"level":"warn","message":"Skipping invalid key in record: ","timestamp":"2025-07-25T16:03:47.252Z"}
{"level":"warn","message":"Invalid contact format (non-string) for record with PIP number EMEA-000980-PIP02-15: [\"Takeda Pharma A/S\",\"United Kingdom\",\"Email: bharti.navsariwala@takeda.com\",\"Tel.: +44 (0) 2031 168000\"]","timestamp":"2025-07-25T16:03:47.252Z"}
{"level":"warn","message":"Skipping invalid key in record: ","timestamp":"2025-07-25T16:03:47.252Z"}
{"level":"warn","message":"Invalid contact format (non-string) for record with PIP number EMEA-001754-PIP01-15: [\"Dr. Falk Pharma GmbH\",\"Email: zentrale@drfalkpharma.de\",\"Tel.: +49 76115140\"]","timestamp":"2025-07-25T16:03:47.252Z"}
{"level":"warn","message":"Skipping invalid key in record: ","timestamp":"2025-07-25T16:03:47.252Z"}
{"level":"warn","message":"Invalid contact format (non-string) for record with PIP number EMEA-001759-PIP01-15: [\"Accupharma spółka z ograniczoną odpowiedzialnością\",\"Poland\",\"E-mail: biuro@accupharma.pl\",\"Tel. +48 224905162\",\"Fax +48 224905153\"]","timestamp":"2025-07-25T16:03:47.252Z"}
{"level":"warn","message":"Skipping invalid key in record: ","timestamp":"2025-07-25T16:03:47.253Z"}
{"level":"warn","message":"Invalid contact format (non-string) for record with PIP number EMEA-001461-PIP02-14: [\"Zeria Pharmaceutical Co Ltd\",\"tomoharu-miyagawa@zeria.co.jp\",\"Tel. +44 (0)7528 697428\"]","timestamp":"2025-07-25T16:03:47.253Z"}
{"level":"warn","message":"Skipping invalid key in record: ","timestamp":"2025-07-25T16:03:47.253Z"}
{"level":"warn","message":"Invalid contact format (non-string) for record with PIP number EMEA-001779-PIP01-15: [\"Renable Pharma Limited\",\"United Kingdom\",\"E-mail: carole.pugh@eudrac.com\",\"Tel. +44 1865893274\",\"Fax +44 1865893333\"]","timestamp":"2025-07-25T16:03:47.253Z"}
{"level":"warn","message":"Skipping invalid key in record: ","timestamp":"2025-07-25T16:03:47.253Z"}
{"level":"warn","message":"Invalid contact format (non-string) for record with PIP number EMEA-001788-PIP01-15: [\"Croma Pharma GmbH\",\"Austria\",\"Tel. +43 2262 684680\",\"Fax +43 2262 68468165\",\"E-mail: office@croma.at\"]","timestamp":"2025-07-25T16:03:47.253Z"}
{"level":"warn","message":"Skipping invalid key in record: ","timestamp":"2025-07-25T16:03:47.253Z"}
{"level":"warn","message":"Skipping invalid key in record: ","timestamp":"2025-07-25T16:03:47.253Z"}
{"level":"warn","message":"Invalid contact format (non-string) for record with PIP number EMEA-001777-PIP01-15: [\"Laboratoires Doliage (Groupe Nicox)\",\"France\",\"E-mail: communications@nicox.com\",\"Tel. +33 497245300\"]","timestamp":"2025-07-25T16:03:47.253Z"}
{"level":"warn","message":"Skipping invalid key in record: ","timestamp":"2025-07-25T16:03:47.253Z"}
{"level":"warn","message":"Invalid contact format (non-string) for record with PIP number EMEA-001773-PIP01-15: [\"Isis Pharmaceuticals\",\"Inc.\",\"Email: info@akceatx.com\",\"Tel. + 353 (0) 1 477 3197\"]","timestamp":"2025-07-25T16:03:47.253Z"}
{"level":"warn","message":"Skipping invalid key in record: ","timestamp":"2025-07-25T16:03:47.254Z"}
{"level":"warn","message":"Skipping invalid key in record: ","timestamp":"2025-07-25T16:03:47.254Z"}
{"level":"warn","message":"Invalid contact format (non-string) for record with PIP number EMEA-000872-PIP01-10-M03: [\"Baxalta Innovations GmbH\",\"Austria\",\"Tel. +43 1201 000\",\"Fax +43 1201 002 475990\",\"E-mail: europa_biosci_globalra@baxter.com\"]","timestamp":"2025-07-25T16:03:47.254Z"}
{"level":"warn","message":"Skipping invalid key in record: ","timestamp":"2025-07-25T16:03:47.254Z"}
{"level":"warn","message":"Skipping invalid key in record: ","timestamp":"2025-07-25T16:03:47.269Z"}
{"level":"warn","message":"Skipping invalid key in record: ","timestamp":"2025-07-25T16:03:47.269Z"}
{"level":"warn","message":"Invalid contact format (non-string) for record with PIP number EMEA-000479-PIP01-08-M03: [\"Novo Nordisk A/S\",\"Denmark\",\"Tel. +45 3075 8242\",\"Fax +45 3969 9173\",\"E-mail: de@novonordisk.com\"]","timestamp":"2025-07-25T16:03:47.269Z"}
{"level":"warn","message":"Skipping invalid key in record: ","timestamp":"2025-07-25T16:03:47.269Z"}
{"level":"warn","message":"Invalid contact format (non-string) for record with PIP number EMEA-000347-PIP01-08-M06: [\"Faes Farma S.A.\",\"E-mail: ieguidazu@faes.es\",\"mjarenal@faes.es\",\"Tel. +34 944818300\"]","timestamp":"2025-07-25T16:03:47.269Z"}
{"level":"warn","message":"Skipping invalid key in record: ","timestamp":"2025-07-25T16:03:47.269Z"}
{"level":"warn","message":"Invalid contact format (non-string) for record with PIP number EMEA-001772-PIP01-15: [\"Krka\",\"d.d.\",\"Novo mesto\",\"Slovenia\",\"E-mail: dragan.priselac@krka.biz\",\"Tel. +386 73319037\",\"Fax +386 73322742\"]","timestamp":"2025-07-25T16:03:47.269Z"}
{"level":"warn","message":"Skipping invalid key in record: ","timestamp":"2025-07-25T16:03:47.269Z"}
{"level":"warn","message":"Invalid contact format (non-string) for record with PIP number EMEA-001180-PIP01-11: [\"Eli Lilly & Company Limited\",\"E-mail: eu_paediatric@lilly.com\",\"Tel. +44 (0)1276 483000\"]","timestamp":"2025-07-25T16:03:47.269Z"}
{"level":"warn","message":"Skipping invalid key in record: ","timestamp":"2025-07-25T16:03:47.270Z"}
{"level":"warn","message":"Invalid contact format (non-string) for record with PIP number EMEA-001569-PIP01-13: [\"GlaxoSmithKline Trading Services Limited\",\"Tel. +1 4388998201\",\"E-mail: eu.paediatric-plans@gsk.com\"]","timestamp":"2025-07-25T16:03:47.270Z"}
{"level":"warn","message":"Skipping invalid key in record: ","timestamp":"2025-07-25T16:03:47.270Z"}
{"level":"warn","message":"Skipping invalid key in record: ","timestamp":"2025-07-25T16:03:47.270Z"}
{"level":"warn","message":"Invalid contact format (non-string) for record with PIP number EMEA-001316-PIP01-12-M01: [\"Therakind Limited\",\"United Kingdom\",\"E-mail: admin@therakind.com\",\"Tel. + 44 (0)20 8346 6035\",\"Fax + 44 (0)20 8346 7305\"]","timestamp":"2025-07-25T16:03:47.270Z"}
{"level":"warn","message":"Skipping invalid key in record: ","timestamp":"2025-07-25T16:03:47.270Z"}
{"level":"warn","message":"Skipping invalid key in record: ","timestamp":"2025-07-25T16:03:47.270Z"}
{"level":"warn","message":"Invalid contact format (non-string) for record with PIP number EMEA-001601-PIP01-13: [\"Azanta Danmark A/S\",\"Denmark\",\"Tel. +45 70259545\",\"Fax +45 70259546\",\"E-mail: cm@azanta.com\"]","timestamp":"2025-07-25T16:03:47.270Z"}
{"level":"warn","message":"Skipping invalid key in record: ","timestamp":"2025-07-25T16:03:47.270Z"}
{"level":"warn","message":"Invalid contact format (non-string) for record with PIP number EMEA-000309-PIP02-14: [\"Roche Registration Limited\",\"United Kingdom\",\"Tel. +41 6168 79411\",\"Fax +41 6168 79233\",\"E-mail: info.paediatrics@roche.com\"]","timestamp":"2025-07-25T16:03:47.270Z"}
{"level":"warn","message":"Skipping invalid key in record: ","timestamp":"2025-07-25T16:03:47.271Z"}
{"level":"warn","message":"Invalid contact format (non-string) for record with PIP number EMEA-001724-PIP01-14: [\"Pierre Fabre Medicament\",\"France\",\"Tel. +33 149108081\"]","timestamp":"2025-07-25T16:03:47.271Z"}
{"level":"warn","message":"Skipping invalid key in record: ","timestamp":"2025-07-25T16:03:47.271Z"}
{"level":"warn","message":"Skipping invalid key in record: ","timestamp":"2025-07-25T16:03:47.271Z"}
{"level":"warn","message":"Invalid contact format (non-string) for record with PIP number EMEA-000575-PIP01-09-M03: [\"Santen SAS\",\"France\",\"Tel. +33 169874020\",\"E-mail: mohamed.ibrahiem@santen.fr\"]","timestamp":"2025-07-25T16:03:47.271Z"}
{"level":"warn","message":"Skipping invalid key in record: ","timestamp":"2025-07-25T16:03:47.271Z"}
{"level":"warn","message":"Invalid contact format (non-string) for record with PIP number EMEA-000775-PIP01-09-M02: [\"Kedrion S.p.A.\",\"Italy\",\"E-mail: info@kedrion.com\",\"Tel. + 39 0583 1969697\"]","timestamp":"2025-07-25T16:03:47.271Z"}
{"level":"warn","message":"Skipping invalid key in record: ","timestamp":"2025-07-25T16:03:47.271Z"}
{"level":"warn","message":"Invalid contact format (non-string) for record with PIP number EMEA-001485-PIP01-13-M01: [\"Bristol-Myers Squibb International Corporation\",\"Tel. +44 (0)1895 523740\",\"E-mail: medical.information@bms.com\"]","timestamp":"2025-07-25T16:03:47.271Z"}
{"level":"warn","message":"Skipping invalid key in record: ","timestamp":"2025-07-25T16:03:47.271Z"}
{"level":"warn","message":"Invalid contact format (non-string) for record with PIP number EMEA-001693-PIP01-14: [\"Dompé farmaceutici SpA\",\"Italy\",\"Tel. +39 0258383559\",\"E-mail: lamberto.dionigi@dompe.com\"]","timestamp":"2025-07-25T16:03:47.271Z"}
{"level":"warn","message":"Skipping invalid key in record: ","timestamp":"2025-07-25T16:03:47.271Z"}
{"level":"warn","message":"Invalid contact format (non-string) for record with PIP number EMEA-001719-PIP01-14: [\"Araim Pharna Europe Ltd\",\"United Kingdom\",\"Tel. +1 9147627586201\",\"Fax +1 9142944170\",\"E-mail: rkirk@araimpharma.com\"]","timestamp":"2025-07-25T16:03:47.271Z"}
{"level":"warn","message":"Skipping invalid key in record: ","timestamp":"2025-07-25T16:03:47.272Z"}
{"level":"warn","message":"Invalid contact format (non-string) for record with PIP number EMEA-001663-PIP01-14: [\"Menarini Ricerche S.p.A.\",\"Italy\",\"Tel. +39 0555680633\",\"E-mail: prijli@menarini.it\"]","timestamp":"2025-07-25T16:03:47.272Z"}
{"level":"warn","message":"Skipping invalid key in record: ","timestamp":"2025-07-25T16:03:47.272Z"}
{"level":"warn","message":"Invalid contact format (non-string) for record with PIP number EMEA-001556-PIP01-13: [\"Iltoo Pharma\",\"France\",\"Tel. +33 664233213\",\"E-mail: j.mariau@iltoopharma.fr\"]","timestamp":"2025-07-25T16:03:47.272Z"}
{"level":"warn","message":"Skipping invalid key in record: ","timestamp":"2025-07-25T16:03:47.272Z"}
{"level":"warn","message":"Invalid contact format (non-string) for record with PIP number EMEA-001266-PIP02-14: [\"AB Science\",\"France\",\"a.moussy@ab-science.com\",\"+33 147200014\",\"+33 147202411\"]","timestamp":"2025-07-25T16:03:47.272Z"}
{"level":"warn","message":"Skipping invalid key in record: ","timestamp":"2025-07-25T16:03:47.272Z"}
{"level":"warn","message":"Invalid contact format (non-string) for record with PIP number EMEA-001511-PIP02-13: [\"Gilead Sciences International Ltd\",\"United Kingdom\",\"Tel. +44 (0)1223 897300\",\"Fax +44 (0)1223 897284\",\"E-mail: regulatory.pip@gilead.com\"]","timestamp":"2025-07-25T16:03:47.272Z"}
{"level":"info","message":"CSV Headers: Decision number,PIP number,Active substance,Invented name,Therapeutic area,Pharmaceutical forms,Condition / indication,Routes of administration,Decision type,Decision date,Compliance outcome,Compliance opinion date,Compliance procedure number,Contact for public enquiries,First published date,Last updated date,PIP URL,","timestamp":"2025-07-25T16:03:47.272Z"}
{"level":"warn","message":"Skipping invalid key in record: ","timestamp":"2025-07-25T16:03:47.272Z"}
{"level":"warn","message":"Skipping invalid key in record: ","timestamp":"2025-07-25T16:03:47.272Z"}
{"level":"warn","message":"Skipping invalid key in record: ","timestamp":"2025-07-25T16:03:47.272Z"}
{"level":"warn","message":"Skipping invalid key in record: ","timestamp":"2025-07-25T16:03:47.273Z"}
{"level":"warn","message":"Skipping invalid key in record: ","timestamp":"2025-07-25T16:03:47.273Z"}
{"level":"warn","message":"Invalid contact format (non-string) for record with PIP number EMEA-000319-PIP01-08-M03: [\"Stallergenes\",\"France\",\"E-mail: mites.development@stallergenes.fr\",\"Tel. +33 155592633\",\"Fax +33 155592068\"]","timestamp":"2025-07-25T16:03:47.273Z"}
{"level":"warn","message":"Skipping invalid key in record: ","timestamp":"2025-07-25T16:03:47.273Z"}
{"level":"warn","message":"Invalid contact format (non-string) for record with PIP number EMEA-000312-PIP01-08-M07: [\"CSL Behring\",\"Germany\",\"E-mail: eu-cslbehring@cslbehring.com\",\"Tel. +49 642 1395212\",\"Fax +49 642 1394196\"]","timestamp":"2025-07-25T16:03:47.273Z"}
{"level":"warn","message":"Skipping invalid key in record: ","timestamp":"2025-07-25T16:03:47.273Z"}
{"level":"warn","message":"Invalid contact format (non-string) for record with PIP number EMEA-000127-PIP01-07-M03: [\"Mundipharma Research Ltd\",\"United Kingdom\",\"E-mail: paediatric@mundipharma-rd.eu\",\"Tel. +44 (0)1223 424444\",\"Fax +44 (0)1223 426054\"]","timestamp":"2025-07-25T16:03:47.273Z"}
{"level":"warn","message":"Skipping invalid key in record: ","timestamp":"2025-07-25T16:03:47.273Z"}
{"level":"warn","message":"Invalid contact format (non-string) for record with PIP number EMEA-000746-PIP01-09-M04: [\"BioMarin International Limited\",\"Ireland\",\"Email: shanbally@bmrn.com\",\"Tel. +35 3215007990\"]","timestamp":"2025-07-25T16:03:47.273Z"}
{"level":"warn","message":"Skipping invalid key in record: ","timestamp":"2025-07-25T16:03:47.273Z"}
{"level":"warn","message":"Invalid contact format (non-string) for record with PIP number EMEA-001295-PIP01-12-M01: [\"UCB Pharma S.A.\",\"E-mail: catrinel.galateanu@ucb.com\",\"Tel. +32 25599762\"]","timestamp":"2025-07-25T16:03:47.273Z"}
{"level":"warn","message":"Skipping invalid key in record: ","timestamp":"2025-07-25T16:03:47.273Z"}
{"level":"warn","message":"Skipping invalid key in record: ","timestamp":"2025-07-25T16:03:47.273Z"}
{"level":"warn","message":"Skipping invalid key in record: ","timestamp":"2025-07-25T16:03:47.273Z"}
{"level":"warn","message":"Invalid contact format (non-string) for record with PIP number EMEA-001713-PIP02-14: [\"Laboratórios Vitória\",\"S.A.\",\"Portugal\",\"E-mail: dina.c@labvitoria.pt\",\"Tel. +351 214758300 ext. 357\",\"Fax +351 214747070\"]","timestamp":"2025-07-25T16:03:47.274Z"}
{"level":"warn","message":"Skipping invalid key in record: ","timestamp":"2025-07-25T16:03:47.274Z"}
{"level":"warn","message":"Invalid contact format (non-string) for record with PIP number EMEA-001694-PIP01-14: [\"Cardio3 BioSciences SA\",\"Belgium\",\"E-mail: info@c3bs.com / regulatory@c3bs.com\",\"Tel. +32 10394100\",\"Fax: +32 10394141\"]","timestamp":"2025-07-25T16:03:47.274Z"}
{"level":"warn","message":"Skipping invalid key in record: ","timestamp":"2025-07-25T16:03:47.274Z"}
{"level":"warn","message":"Invalid contact format (non-string) for record with PIP number EMEA-001726-PIP01-14: [\"Gilead Sciences International Ltd\",\"United Kingdom\",\"Email: nick.clark@gilead.com\",\"Tel. +44 1223897356\"]","timestamp":"2025-07-25T16:03:47.274Z"}
{"level":"warn","message":"Skipping invalid key in record: ","timestamp":"2025-07-25T16:03:47.274Z"}
{"level":"warn","message":"Invalid contact format (non-string) for record with PIP number EMEA-001700-PIP01-14: [\"Develco Pharma GmbH\",\"Germany\",\"E-mail: n.burger@develco.ch\",\"k.schmid@develco.ch\",\"Tel. +41 614255020\",\"Fax +41 614255029\"]","timestamp":"2025-07-25T16:03:47.274Z"}
{"level":"warn","message":"Skipping invalid key in record: ","timestamp":"2025-07-25T16:03:47.274Z"}
{"level":"warn","message":"Invalid contact format (non-string) for record with PIP number EMEA-001711-PIP01-14: [\"Adamed Sp. z o.o.\",\"Tel. +48227327736\",\"E-mail: joanna.pawlak@adamed.com.pl\"]","timestamp":"2025-07-25T16:03:47.274Z"}
{"level":"warn","message":"Skipping invalid key in record: ","timestamp":"2025-07-25T16:03:47.274Z"}
{"level":"warn","message":"Invalid contact format (non-string) for record with PIP number EMEA-001699-PIP01-14: [\"Develco Pharma GmbH\",\"Germany\",\"E-mail: n.burger@develco.ch\",\"k.schmid@develco.ch\",\"Tel. +41 614255020\",\"Fax +41 614255029\"]","timestamp":"2025-07-25T16:03:47.274Z"}
{"level":"warn","message":"Skipping invalid key in record: ","timestamp":"2025-07-25T16:03:47.274Z"}
{"level":"warn","message":"Invalid contact format (non-string) for record with PIP number EMEA-000178-PIP01-07-M04: [\"GlaxoSmithKline Biologicals S.A. (Belgium)\",\"Tel. +1 438 899 8201\",\"Email: eu.paediatric-plans@gsk.com\"]","timestamp":"2025-07-25T16:03:47.274Z"}
{"level":"warn","message":"Skipping invalid key in record: ","timestamp":"2025-07-25T16:03:47.274Z"}
{"level":"warn","message":"Skipping invalid key in record: ","timestamp":"2025-07-25T16:03:47.274Z"}
{"level":"warn","message":"Invalid contact format (non-string) for record with PIP number EMEA-001404-PIP01-12: [\"Advicenne Pharma\",\"E-mail: contact@advicenne.com\",\"Tel. +33 4660 55420\"]","timestamp":"2025-07-25T16:03:47.274Z"}
{"level":"warn","message":"Skipping invalid key in record: ","timestamp":"2025-07-25T16:03:47.274Z"}
{"level":"warn","message":"Invalid contact format (non-string) for record with PIP number EMEA-001324-PIP01-12-M01: [\"AMMTeK\",\"France\",\"E-mail: a.ulmann@ammtek.eu\",\"Tel. +33 182731319\",\"Fax +33 140331231\"]","timestamp":"2025-07-25T16:03:47.275Z"}
{"level":"warn","message":"Skipping invalid key in record: ","timestamp":"2025-07-25T16:03:47.275Z"}
{"level":"warn","message":"Invalid contact format (non-string) for record with PIP number EMEA-000500-PIP01-08-M03: [\"GSK Vaccines S.r.l.\",\"Tel. +1 438 899 8201\",\"Email: eu.paediatric-plans@gsk.com\"]","timestamp":"2025-07-25T16:03:47.275Z"}
{"level":"warn","message":"Skipping invalid key in record: ","timestamp":"2025-07-25T16:03:47.275Z"}
{"level":"warn","message":"Invalid contact format (non-string) for record with PIP number EMEA-001702-PIP01-14: [\"Adamed Sp. z o.o.\",\"Tel. +48227327736\",\"E-mail: joanna.pawlak@adamed.com.pl\"]","timestamp":"2025-07-25T16:03:47.275Z"}
{"level":"warn","message":"Skipping invalid key in record: ","timestamp":"2025-07-25T16:03:47.275Z"}
{"level":"warn","message":"Invalid contact format (non-string) for record with PIP number EMEA-001568-PIP03-14: [\"Venus Pharma GmbH\",\"India\",\"E-mail: katja.petrovic@rega.si\",\"Tel. +91 1795 302017\",\"+91 1795 302018\",\"Fax +91 1795 271272\"]","timestamp":"2025-07-25T16:03:47.275Z"}
{"level":"warn","message":"Skipping invalid key in record: ","timestamp":"2025-07-25T16:03:47.275Z"}
{"level":"warn","message":"Invalid contact format (non-string) for record with PIP number EMEA-001483-PIP01-13: [\"Merck KGaA\",\"Germany\",\"Tel. +49 6151 725200\",\"Fax +49 6151 722000\",\"E-mail: service@merck.de\"]","timestamp":"2025-07-25T16:03:47.275Z"}
{"level":"warn","message":"Skipping invalid key in record: ","timestamp":"2025-07-25T16:03:47.275Z"}
{"level":"warn","message":"Invalid contact format (non-string) for record with PIP number EMEA-000234-PIP02-14: [\"GlaxoSmithKline Biologicals S.A. (Belgium)\",\"Tel. +1 438 899 8201\",\"Email: eu.paediatric-plans@gsk.com\"]","timestamp":"2025-07-25T16:03:47.275Z"}
{"level":"warn","message":"Skipping invalid key in record: ","timestamp":"2025-07-25T16:03:47.275Z"}
{"level":"warn","message":"Invalid contact format (non-string) for record with PIP number EMEA-001633-PIP01-14: [\"Krka\",\"d.d.\",\"Novo mesto\",\"Slovenia\",\"E-mail: tomaz.kralj@krka.biz\",\"Tel. +386 73312055\",\"Fax +386 73322742\"]","timestamp":"2025-07-25T16:03:47.275Z"}
{"level":"warn","message":"Skipping invalid key in record: ","timestamp":"2025-07-25T16:03:47.275Z"}
{"level":"warn","message":"Invalid contact format (non-string) for record with PIP number EMEA-001677-PIP01-14: [\"AstraZeneca AB\",\"Sweden\",\"E-mail: paediatrics@astrazeneca.com\",\"Tel. +46 8 5532 7709\"]","timestamp":"2025-07-25T16:03:47.275Z"}
{"level":"warn","message":"Skipping invalid key in record: ","timestamp":"2025-07-25T16:03:47.275Z"}
{"level":"warn","message":"Invalid contact format (non-string) for record with PIP number EMEA-001669-PIP01-14: [\"Actavis Group PTC ehf\",\"Iceland\",\"Tel. +354 5503482\",\"E-mail: hrefna.haraldsdottir@actavis.com\"]","timestamp":"2025-07-25T16:03:47.275Z"}
{"level":"warn","message":"Skipping invalid key in record: ","timestamp":"2025-07-25T16:03:47.275Z"}
{"level":"warn","message":"Invalid contact format (non-string) for record with PIP number EMEA-001226-PIP01-11-M01: [\"Cubist (UK) Ltd\",\"United Kingdom\",\"E-mail: deepak.jain@cubist.com\",\"Tel. +1 7818601244\"]","timestamp":"2025-07-25T16:03:47.275Z"}
{"level":"warn","message":"Skipping invalid key in record: ","timestamp":"2025-07-25T16:03:47.276Z"}
{"level":"warn","message":"Invalid contact format (non-string) for record with PIP number EMEA-000035-PIP02-09-M02: [\"Boehringer Ingelheim International GmbH\",\"Tel. +49 6132 778271\",\"Email: Paediatrics@boehringer-ingelheim.com\"]","timestamp":"2025-07-25T16:03:47.276Z"}
{"level":"warn","message":"Skipping invalid key in record: ","timestamp":"2025-07-25T16:03:47.296Z"}
{"level":"warn","message":"Invalid contact format (non-string) for record with PIP number EMEA-001674-PIP01-14: [\"ITG Isotope Technologies Garching GmbH\",\"Germany\",\"E-mail: regulatory@brinkerpharma.de\",\"Tel. +49 308100980\"]","timestamp":"2025-07-25T16:03:47.296Z"}
{"level":"warn","message":"Skipping invalid key in record: ","timestamp":"2025-07-25T16:03:47.296Z"}
{"level":"warn","message":"Invalid contact format (non-string) for record with PIP number EMEA-000019-PIP11-14: [\"Novartis Europharm Ltd\",\"United Kingdom\",\"E-mail: paediatric.enquiries@novartis.com\",\"Tel. +41 613241111\",\"Fax +41 613248001\"]","timestamp":"2025-07-25T16:03:47.296Z"}
{"level":"warn","message":"Skipping invalid key in record: ","timestamp":"2025-07-25T16:03:47.296Z"}
{"level":"warn","message":"Invalid contact format (non-string) for record with PIP number EMEA-001689-PIP01-14: [\"Gedeon Richter Plc.\",\"Hungary\",\"E-mail: mrpRichter@richter.hu\",\"Tel. +36 14314040\",\"Fax +36 14315415\"]","timestamp":"2025-07-25T16:03:47.296Z"}
{"level":"warn","message":"Skipping invalid key in record: ","timestamp":"2025-07-25T16:03:47.296Z"}
{"level":"warn","message":"Invalid contact format (non-string) for record with PIP number EMEA-001630-PIP01-14: [\"Gedeon Richter Plc.\",\"Hungary\",\"E-mail: mrpRichter@richter.hu\",\"Tel. +36 14314040\",\"Fax +36 14315415\"]","timestamp":"2025-07-25T16:03:47.296Z"}
{"level":"warn","message":"Skipping invalid key in record: ","timestamp":"2025-07-25T16:03:47.296Z"}
{"level":"warn","message":"Invalid contact format (non-string) for record with PIP number P/0341/2014: [\"Gedeon Richter Plc.\",\"Hungary\",\"E-mail: mrpRichter@richter.hu\",\"Tel. +36 14314040\",\"Fax +36 14315415\"]","timestamp":"2025-07-25T16:03:47.296Z"}
{"level":"warn","message":"Skipping invalid key in record: ","timestamp":"2025-07-25T16:03:47.297Z"}
{"level":"warn","message":"Invalid contact format (non-string) for record with PIP number P/0343/2014: [\"Desitin Arzneimittel GmbH\",\"Germany\",\"E-mail: info@desitin.de\",\"Tel. +49 4059101525\"]","timestamp":"2025-07-25T16:03:47.297Z"}
{"level":"warn","message":"Skipping invalid key in record: ","timestamp":"2025-07-25T16:03:47.297Z"}
{"level":"warn","message":"Invalid contact format (non-string) for record with PIP number P/0321/2014: [\"Regiomedica GmbH\",\"Germany\",\"E-mail: info@regiomedica.de\",\"Tel. +49 7621166444\"]","timestamp":"2025-07-25T16:03:47.297Z"}
{"level":"warn","message":"Skipping invalid key in record: ","timestamp":"2025-07-25T16:03:47.297Z"}
{"level":"warn","message":"Invalid contact format (non-string) for record with PIP number P/0323/2014: [\"Helm Portugal\",\"LDA.\",\"Portugal\",\"E-mail: i.botelheiro@helmportugal.com\",\"Tel. +35 1219948300\",\"Fax +35 1219552475\"]","timestamp":"2025-07-25T16:03:47.297Z"}
{"level":"warn","message":"Skipping invalid key in record: ","timestamp":"2025-07-25T16:03:47.297Z"}
{"level":"warn","message":"Invalid contact format (non-string) for record with PIP number P/0325/2014: [\"Gedeon Richter Plc.\",\"Hungary\",\"E-mail: mrpRichter@richter.hu\",\"Tel. +36 14314040\",\"Fax +36 14315415\"]","timestamp":"2025-07-25T16:03:47.297Z"}
{"level":"warn","message":"Skipping invalid key in record: ","timestamp":"2025-07-25T16:03:47.297Z"}
{"level":"warn","message":"Skipping invalid key in record: ","timestamp":"2025-07-25T16:03:47.297Z"}
{"level":"warn","message":"Invalid contact format (non-string) for record with PIP number EMEA-001667-PIP01-14: [\"Triskel EU Services\",\"Ltd (Jean-Yves le Cotonnec)\",\"United Kingdom\",\"E-mail: gwilliams@radiuspharm.com\",\"Tel. +1 6175514700\"]","timestamp":"2025-07-25T16:03:47.297Z"}
{"level":"warn","message":"Skipping invalid key in record: ","timestamp":"2025-07-25T16:03:47.297Z"}
{"level":"warn","message":"Invalid contact format (non-string) for record with PIP number EMEA-001548-PIP01-13: [\"Pharmathen S.A.\",\"Greece\",\"E-mail: mkalovidouri@pharmathen.com\",\"Tel. +30 2106604354\"]","timestamp":"2025-07-25T16:03:47.297Z"}
{"level":"info","message":"CSV Headers: Decision number,PIP number,Active substance,Invented name,Therapeutic area,Pharmaceutical forms,Condition / indication,Routes of administration,Decision type,Decision date,Compliance outcome,Compliance opinion date,Compliance procedure number,Contact for public enquiries,First published date,Last updated date,PIP URL,","timestamp":"2025-07-25T16:03:47.297Z"}
{"level":"warn","message":"Skipping invalid key in record: ","timestamp":"2025-07-25T16:03:47.297Z"}
{"level":"warn","message":"Invalid contact format (non-string) for record with PIP number EMEA-000150-PIP02-10: [\"Eli Lilly & Company Limited\",\"E-mail: eu_paediatric@lilly.com\",\"Tel. +44 (0)1276 483000\"]","timestamp":"2025-07-25T16:03:47.298Z"}
{"level":"warn","message":"Skipping invalid key in record: ","timestamp":"2025-07-25T16:03:47.298Z"}
{"level":"warn","message":"Invalid contact format (non-string) for record with PIP number EMEA-000888-PIP01-10: [\"Allergopharma Joachim Ganzer KG\",\"Germany\",\"E-mail: info@allergopharma.de\",\"Tel. +49 40727650\",\"Fax +49 407227713\"]","timestamp":"2025-07-25T16:03:47.298Z"}
{"level":"warn","message":"Skipping invalid key in record: ","timestamp":"2025-07-25T16:03:47.298Z"}
{"level":"warn","message":"Invalid contact format (non-string) for record with PIP number EMEA-000878-PIP02-11: [\"Mitsubishi Pharma Europe Ltd\",\"United Kingdom\",\"E-mail: jvlek@m-pharma.co.uk\",\"+44 (0)20 7065 5000\",\"+44 (0)20 7065 5050\"]","timestamp":"2025-07-25T16:03:47.298Z"}
{"level":"warn","message":"Skipping invalid key in record: ","timestamp":"2025-07-25T16:03:47.298Z"}
{"level":"warn","message":"Invalid contact format (non-string) for record with PIP number EMEA-001558-PIP02-14: [\"Epifarma Srl\",\"Italy\",\"E-mail: b.trupa@epifarma.it\",\"Tel. +39 0973 655200\",\"Fax +39 0973 655318\"]","timestamp":"2025-07-25T16:03:47.298Z"}
{"level":"warn","message":"Skipping invalid key in record: ","timestamp":"2025-07-25T16:03:47.298Z"}
{"level":"warn","message":"Invalid contact format (non-string) for record with PIP number EMEA-001559-PIP01-13: [\"MedImmune Limited\",\"United Kingdom\",\"E-mail: paediatrics@medimmune.com\",\"Tel. +44 (0)1223 471471\"]","timestamp":"2025-07-25T16:03:47.298Z"}
{"level":"warn","message":"Skipping invalid key in record: ","timestamp":"2025-07-25T16:03:47.298Z"}
{"level":"warn","message":"Invalid contact format (non-string) for record with PIP number EMEA-001672-PIP01-14: [\"Sanofi Pasteur MSD SNC\",\"France\",\"E-mail: cbesnard@spmsd.com\",\"Tel. +33 437284723\",\"Fax +1 2673056450 / +1 7325944950\"]","timestamp":"2025-07-25T16:03:47.298Z"}
{"level":"warn","message":"Skipping invalid key in record: ","timestamp":"2025-07-25T16:03:47.298Z"}
{"level":"warn","message":"Invalid contact format (non-string) for record with PIP number EMEA-001668-PIP01-14: [\"Mayoly Spindler\",\"France\",\"E-mail: beatrice.raffaillac@mayoly-spindler.fr\",\"Tel. +1 34805536\"]","timestamp":"2025-07-25T16:03:47.298Z"}
{"level":"warn","message":"Skipping invalid key in record: ","timestamp":"2025-07-25T16:03:47.299Z"}
{"level":"warn","message":"Invalid contact format (non-string) for record with PIP number EMEA-001651-PIP01-14: [\"Genticel S.A.\",\"France\",\"E-mail: solivier@genticel.com\",\"Tel. +33 638682337\",\"Fax +33 561287069\"]","timestamp":"2025-07-25T16:03:47.299Z"}
{"level":"warn","message":"Skipping invalid key in record: ","timestamp":"2025-07-25T16:03:47.299Z"}
{"level":"warn","message":"Invalid contact format (non-string) for record with PIP number EMEA-001099-PIP02-11-M01: [\"GlaxoSmithKline Biologicals S.A. (Belgium)\",\"Tel. +1 438 899 8201\",\"Email: eu.paediatric-plans@gsk.com\"]","timestamp":"2025-07-25T16:03:47.299Z"}
{"level":"warn","message":"Skipping invalid key in record: ","timestamp":"2025-07-25T16:03:47.299Z"}
{"level":"warn","message":"Invalid contact format (non-string) for record with PIP number EMEA-000917-PIP01-10-M04: [\"Allergan Pharmaceuticals International Limited\",\"E-mail: ml-eu_reg_affairs@allergan.com\",\"Tel. +44 (0)1628 4944444\"]","timestamp":"2025-07-25T16:03:47.299Z"}
{"level":"warn","message":"Skipping invalid key in record: ","timestamp":"2025-07-25T16:03:47.299Z"}
{"level":"warn","message":"Invalid contact format (non-string) for record with PIP number EMEA-000120-PIP01-07-M05: [\"Pfizer Limited\",\"Tel. + 44 1304646607\",\"E-mail: pip_enquiries@pfizer.com\"]","timestamp":"2025-07-25T16:03:47.299Z"}
{"level":"warn","message":"Skipping invalid key in record: ","timestamp":"2025-07-25T16:03:47.299Z"}
{"level":"warn","message":"Invalid contact format (non-string) for record with PIP number EMEA-001397-PIP02-13: [\"Janssen-Cilag International N.V.\",\"E-mail: sglawe@its.jnj.com\",\"Tel. +49 2638 9479218\"]","timestamp":"2025-07-25T16:03:47.299Z"}
{"level":"warn","message":"Skipping invalid key in record: ","timestamp":"2025-07-25T16:03:47.299Z"}
{"level":"warn","message":"Skipping invalid key in record: ","timestamp":"2025-07-25T16:03:47.299Z"}
{"level":"warn","message":"Invalid contact format (non-string) for record with PIP number EMEA-001628-PIP01-14: [\"CoDa Therapeutics Inc\",\"USA\",\"E-mail: tracey@codanz.com\",\"Tel. +64 93760421\",\"Fax +64 93760510\"]","timestamp":"2025-07-25T16:03:47.300Z"}
{"level":"warn","message":"Skipping invalid key in record: ","timestamp":"2025-07-25T16:03:47.300Z"}
{"level":"warn","message":"Invalid contact format (non-string) for record with PIP number EMEA-001573-PIP01-13: [\"Kowa Research Europe Ltd\",\"United Kingdom\",\"E-mail: regulatory@kowa.co.uk\",\"Tel. +44 (0)1189 229 000\"]","timestamp":"2025-07-25T16:03:47.300Z"}
{"level":"warn","message":"Skipping invalid key in record: ","timestamp":"2025-07-25T16:03:47.300Z"}
{"level":"warn","message":"Invalid contact format (non-string) for record with PIP number EMEA-001595-PIP01-13: [\"InSite Vision Incorporated\",\"USA\",\"E-mail: khosseini@insite.com\",\"Tel. +510 7471264\",\"Fax +510 8655700\"]","timestamp":"2025-07-25T16:03:47.300Z"}
{"level":"warn","message":"Skipping invalid key in record: ","timestamp":"2025-07-25T16:03:47.300Z"}
{"level":"warn","message":"Invalid contact format (non-string) for record with PIP number EMEA-001632-PIP01-14: [\"Krka\",\"d.d.\",\"Novo mesto\",\"Slovenia\",\"E-mail: helen.lukin@krka.biz\",\"Tel. +385 99 3110 291\",\"Fax +385 1 6312 153\"]","timestamp":"2025-07-25T16:03:47.300Z"}
{"level":"warn","message":"Skipping invalid key in record: ","timestamp":"2025-07-25T16:03:47.300Z"}
{"level":"warn","message":"Skipping invalid key in record: ","timestamp":"2025-07-25T16:03:47.300Z"}
{"level":"warn","message":"Skipping invalid key in record: ","timestamp":"2025-07-25T16:03:47.300Z"}
{"level":"warn","message":"Invalid contact format (non-string) for record with PIP number EMEA-001530-PIP01-13: [\"Janssen Cilag International NV (Belgium)\",\"Belgium\",\"E-mail: ldobell@its.jnj.com\",\"Tel. +44 (0)1494 567 567\",\"Fax +44 (0)1494 658 084\"]","timestamp":"2025-07-25T16:03:47.300Z"}
{"level":"warn","message":"Skipping invalid key in record: ","timestamp":"2025-07-25T16:03:47.300Z"}
{"level":"warn","message":"Invalid contact format (non-string) for record with PIP number EMEA-000265-PIP01-08-M04: [\"Janssen Biologics B.V.\",\"The Netherlands\",\"E-mail: info@janssen.immunology.com\",\"Tel +31 202015009\",\"Fax: +31 713065100\"]","timestamp":"2025-07-25T16:03:47.300Z"}
{"level":"warn","message":"Skipping invalid key in record: ","timestamp":"2025-07-25T16:03:47.300Z"}
{"level":"warn","message":"Skipping invalid key in record: ","timestamp":"2025-07-25T16:03:47.300Z"}
{"level":"warn","message":"Invalid contact format (non-string) for record with PIP number EMEA-001594-PIP02-13: [\"NDA Group\",\"United States\",\"E-mail: medicalaffairs@cytokinetics.com\",\"Tel. +1  650 6243000\"]","timestamp":"2025-07-25T16:03:47.300Z"}
{"level":"warn","message":"Skipping invalid key in record: ","timestamp":"2025-07-25T16:03:47.301Z"}
{"level":"warn","message":"Invalid contact format (non-string) for record with PIP number EMEA-001269-PIP02-14: [\"EGIS Pharmaceuticals PLC\",\"Tel. +36 18032414\",\"E-mail: registry@registry.hu\"]","timestamp":"2025-07-25T16:03:47.301Z"}
{"level":"warn","message":"Skipping invalid key in record: ","timestamp":"2025-07-25T16:03:47.301Z"}
{"level":"warn","message":"Invalid contact format (non-string) for record with PIP number EMEA-001621-PIP01-14: [\"CTI Life Sciences Ltd\",\"Italy\",\"E-mail: jbianco@ctiseattle.com\",\"Tel. +1 2062845774\",\"Fax +1 2062846114\"]","timestamp":"2025-07-25T16:03:47.301Z"}
{"level":"warn","message":"Skipping invalid key in record: ","timestamp":"2025-07-25T16:03:47.301Z"}
{"level":"warn","message":"Invalid contact format (non-string) for record with PIP number EMEA-001183-PIP02-13: [\"Ferring Pharmaceuticals A/S\",\"Denmark\",\"E-mail: dk0-disclosure@ferring.com\",\"Tel. +45 88338834\"]","timestamp":"2025-07-25T16:03:47.301Z"}
{"level":"warn","message":"Skipping invalid key in record: ","timestamp":"2025-07-25T16:03:47.301Z"}
{"level":"warn","message":"Invalid contact format (non-string) for record with PIP number EMEA-001289-PIP01-12-M01: [\"Orchard Therapeutics (Netherlands) B.V.\",\"regulatory@orchard-tx.com\",\"Tel. +44 (0) 20 3808 8286\"]","timestamp":"2025-07-25T16:03:47.301Z"}
{"level":"warn","message":"Skipping invalid key in record: ","timestamp":"2025-07-25T16:03:47.301Z"}
{"level":"warn","message":"Invalid contact format (non-string) for record with PIP number EMEA-001292-PIP01-12-M01: [\"Corcept Therapeutics Incorporated\",\"United States\",\"E-mail: srinne@corcept.com\",\"Tel. +1 6506888784\",\"Fax +1 6503273218\"]","timestamp":"2025-07-25T16:03:47.301Z"}
{"level":"warn","message":"Skipping invalid key in record: ","timestamp":"2025-07-25T16:03:47.301Z"}
{"level":"warn","message":"Invalid contact format (non-string) for record with PIP number EMEA-000184-PIP02-14: [\"Mylan IRE Healthcare Limited\",\"E-mail: info.uk@viatris.com\",\"Tel. + 44 (0)1707853000\"]","timestamp":"2025-07-25T16:03:47.301Z"}
{"level":"warn","message":"Skipping invalid key in record: ","timestamp":"2025-07-25T16:03:47.301Z"}
{"level":"warn","message":"Invalid contact format (non-string) for record with PIP number EMEA-001348-PIP01-12-M01: [\"The Medicines Company UK Ltd\",\"United Kingdom\",\"Tel. +39 0521 2791\",\"Fax +39 0521 774468\",\"E-mail: info@chiesi.com\"]","timestamp":"2025-07-25T16:03:47.301Z"}
{"level":"warn","message":"Skipping invalid key in record: ","timestamp":"2025-07-25T16:03:47.301Z"}
{"level":"warn","message":"Skipping invalid key in record: ","timestamp":"2025-07-25T16:03:47.301Z"}
{"level":"warn","message":"Skipping invalid key in record: ","timestamp":"2025-07-25T16:03:47.301Z"}
{"level":"warn","message":"Invalid contact format (non-string) for record with PIP number EMEA-000981-PIP01-10-M04: [\"Ferrer Internacional S.A\",\"Spain\",\"E-mail: silviamartin@ferrergrupo.com\",\"ccasadoc@ferrergrupo.com\",\"Tel. +34 9350 93227\",\"+34 935093289\",\"Fax +34 9350 93270\"]","timestamp":"2025-07-25T16:03:47.302Z"}
{"level":"warn","message":"Skipping invalid key in record: ","timestamp":"2025-07-25T16:03:47.302Z"}
{"level":"warn","message":"Invalid contact format (non-string) for record with PIP number EMEA-000412-PIP01-08-M01: [\"Novo Nordisk A/S\",\"Denmark\",\"E-mail: drej@novonordisk.com\",\"Tel. +45 30758086\",\"Fax +45 44436740\"]","timestamp":"2025-07-25T16:03:47.302Z"}
{"level":"warn","message":"Skipping invalid key in record: ","timestamp":"2025-07-25T16:03:47.302Z"}
{"level":"warn","message":"Invalid contact format (non-string) for record with PIP number EMEA-000184-PIP01-08-M02: [\"Mylan IRE Healthcare Limited\",\"E-mail: info.uk@viatris.com\",\"Tel. + 44 (0)1707853000\"]","timestamp":"2025-07-25T16:03:47.302Z"}
{"level":"warn","message":"Skipping invalid key in record: ","timestamp":"2025-07-25T16:03:47.302Z"}
{"level":"warn","message":"Invalid contact format (non-string) for record with PIP number EMEA-001329-PIP02-13: [\"Bone Therapeutics S.A.\",\"Belgium\",\"E-mail: preob.pip@bonetherapeutics.com\",\"Tel. + 32 25295990\",\"Fax +32 25295993\"]","timestamp":"2025-07-25T16:03:47.302Z"}
{"level":"warn","message":"Skipping invalid key in record: ","timestamp":"2025-07-25T16:03:47.323Z"}
{"level":"warn","message":"Invalid contact format (non-string) for record with PIP number EMEA-000236-PIP04-14: [\"Bayer Pharma AG\",\"Tel. +49 3046 815333\",\"E-mail: pediatrics.medical-affairs-europe@bayer.com\"]","timestamp":"2025-07-25T16:03:47.323Z"}
{"level":"warn","message":"Skipping invalid key in record: ","timestamp":"2025-07-25T16:03:47.323Z"}
{"level":"warn","message":"Invalid contact format (non-string) for record with PIP number EMEA-001541-PIP01-13: [\"Probionov\",\"France\",\"E-mail: ml.bouyge@probionov.com\",\"Tel. +33 4714 65462\",\"Fax +33 4716 35398\"]","timestamp":"2025-07-25T16:03:47.323Z"}
{"level":"warn","message":"Skipping invalid key in record: ","timestamp":"2025-07-25T16:03:47.323Z"}
{"level":"warn","message":"Invalid contact format (non-string) for record with PIP number EMEA-001574-PIP01-13: [\"Mayoly-Spindler\",\"France\",\"E-mail: beatrice.raffaillac@mayoly-spindler.fr\",\"Tel. +013 4805536\"]","timestamp":"2025-07-25T16:03:47.323Z"}
{"level":"warn","message":"Skipping invalid key in record: ","timestamp":"2025-07-25T16:03:47.323Z"}
{"level":"warn","message":"Invalid contact format (non-string) for record with PIP number EMEA-001576-PIP01-13: [\"Bayer Pharma AG\",\"Germany\",\"E-mail: pediatrics-medical-affairs-europe@bayerhealthcare.com\",\"Tel. +49 30468 15333\",\"Fax +49 30468 95333\"]","timestamp":"2025-07-25T16:03:47.323Z"}
{"level":"warn","message":"Skipping invalid key in record: ","timestamp":"2025-07-25T16:03:47.323Z"}
{"level":"warn","message":"Invalid contact format (non-string) for record with PIP number EMEA-001597-PIP01-13: [\"AstraZeneca AB - Astrazeneca European Regulatory Affairs\",\"Sweden\",\"E-mail: solange.rohou@astrazeneca.com\",\"Tel. +33 609050197\",\"Fax +46 855326904\"]","timestamp":"2025-07-25T16:03:47.323Z"}
{"level":"warn","message":"Skipping invalid key in record: ","timestamp":"2025-07-25T16:03:47.324Z"}
{"level":"warn","message":"Invalid contact format (non-string) for record with PIP number EMEA-001607-PIP01-13: [\"Pharmaceutical Works Polpharma SA\",\"Poland\",\"E-mail: michal.dembowski@polpharma.com\",\"Tel. +48 2236 46321\"]","timestamp":"2025-07-25T16:03:47.324Z"}
{"level":"info","message":"CSV Headers: Decision number,PIP number,Active substance,Invented name,Therapeutic area,Pharmaceutical forms,Condition / indication,Routes of administration,Decision type,Decision date,Compliance outcome,Compliance opinion date,Compliance procedure number,Contact for public enquiries,First published date,Last updated date,PIP URL,","timestamp":"2025-07-25T16:03:47.324Z"}
{"level":"warn","message":"Skipping invalid key in record: ","timestamp":"2025-07-25T16:03:47.324Z"}
{"level":"warn","message":"Invalid contact format (non-string) for record with PIP number EMEA-001608-PIP01-13: [\"Duchesnay Inc.\",\"Canada\",\"E-mail: bmartin@regintel.com\",\"Tel. +353 429376740\",\"Fax +353 429397677\"]","timestamp":"2025-07-25T16:03:47.324Z"}
{"level":"warn","message":"Skipping invalid key in record: ","timestamp":"2025-07-25T16:03:47.324Z"}
{"level":"warn","message":"Invalid contact format (non-string) for record with PIP number EMEA-001614-PIP01-13: [\"Mayoly-Spindler\",\"France\",\"E-mail: beatrice.raffaillac@mayoly-spindler.fr\",\"Tel. +013 4805536\"]","timestamp":"2025-07-25T16:03:47.324Z"}
{"level":"warn","message":"Skipping invalid key in record: ","timestamp":"2025-07-25T16:03:47.324Z"}
{"level":"warn","message":"Invalid contact format (non-string) for record with PIP number EMEA-001615-PIP01-13: [\"Mayoly-Spindler\",\"France\",\"E-mail: beatrice.raffaillac@mayoly-spindler.fr\",\"Tel. +013 4805536\"]","timestamp":"2025-07-25T16:03:47.324Z"}
{"level":"warn","message":"Skipping invalid key in record: ","timestamp":"2025-07-25T16:03:47.324Z"}
{"level":"warn","message":"Invalid contact format (non-string) for record with PIP number EMEA-001616-PIP01-13: [\"Mayoly-Spindler\",\"France\",\"E-mail: beatrice.raffaillac@mayoly-spindler.fr\",\"Tel. +013 4805536\"]","timestamp":"2025-07-25T16:03:47.324Z"}
{"level":"warn","message":"Skipping invalid key in record: ","timestamp":"2025-07-25T16:03:47.324Z"}
{"level":"warn","message":"Invalid contact format (non-string) for record with PIP number EMEA-001504-PIP01-13: [\"Janssen Cilag International NV (Belgium)\",\"Belgium\",\"E-mail: ldobell@its.jnj.com\",\"Tel. + 44 (0)1494 567567\",\"Fax +44 (0)1494 658084\"]","timestamp":"2025-07-25T16:03:47.324Z"}
{"level":"warn","message":"Skipping invalid key in record: ","timestamp":"2025-07-25T16:03:47.324Z"}
{"level":"warn","message":"Invalid contact format (non-string) for record with PIP number EMEA-001502-PIP01-13: [\"Laboratorios Dr. Esteve S.A\",\"Spain\",\"E-mail: evalenti@esteve.es\",\"Tel. +34 934466000\",\"Fax +34 934504899\"]","timestamp":"2025-07-25T16:03:47.325Z"}
{"level":"warn","message":"Skipping invalid key in record: ","timestamp":"2025-07-25T16:03:47.325Z"}
{"level":"warn","message":"Invalid contact format (non-string) for record with PIP number EMEA-001365-PIP01-12: [\"Helsinn Therapeutics (U.S.) Inc.\",\"United States\",\"E-mail: jfriend@helsinnthera.com\",\"Tel. +1 9082036545\",\"Fax +1 9082311459\"]","timestamp":"2025-07-25T16:03:47.325Z"}
{"level":"warn","message":"Skipping invalid key in record: ","timestamp":"2025-07-25T16:03:47.325Z"}
{"level":"warn","message":"Invalid contact format (non-string) for record with PIP number EMEA-000457-PIP02-10-M02: [\"LFB Biotechnologies\",\"France\",\"E-mail: brossela@lfb.fr\",\"Tel. +33 169821786\",\"Fax +33 169827182\"]","timestamp":"2025-07-25T16:03:47.325Z"}
{"level":"warn","message":"Skipping invalid key in record: ","timestamp":"2025-07-25T16:03:47.325Z"}
{"level":"warn","message":"Invalid contact format (non-string) for record with PIP number EMEA-000456-PIP01-08-M02: [\"Novo Nordisk A/S\",\"Denmark\",\"E-mail: jamp@novonordisk.com\",\"Tel. +45 3075 3759\",\"Fax +45 3969 9173\"]","timestamp":"2025-07-25T16:03:47.325Z"}
{"level":"warn","message":"Skipping invalid key in record: ","timestamp":"2025-07-25T16:03:47.325Z"}
{"level":"warn","message":"Invalid contact format (non-string) for record with PIP number EMEA-000339-PIP02-09-M03: [\"Bristol-Myers Squibb Pharma EEIG\",\"United Kingdom\",\"E-mail: medinfo.emea@bms.com\",\"Tel. +44 (0)189 552 3686\",\"ax +44 (0)189 552 3788\"]","timestamp":"2025-07-25T16:03:47.325Z"}
{"level":"warn","message":"Skipping invalid key in record: ","timestamp":"2025-07-25T16:03:47.326Z"}
{"level":"warn","message":"Invalid contact format (non-string) for record with PIP number EMEA-000328-PIP02-09: [\"Novo Nordisk A/S\",\"E-mail: paediatrics@novonordisk.com\",\"Tel.: +45 44448888\"]","timestamp":"2025-07-25T16:03:47.326Z"}
{"level":"warn","message":"Skipping invalid key in record: ","timestamp":"2025-07-25T16:03:47.326Z"}
{"level":"warn","message":"Invalid contact format (non-string) for record with PIP number EMEA-001003-PIP01-10-M02: [\"Novartis Europharm Ltd\",\"United Kingdom\",\"E-mail: paediatric.enquiries@novartis.com\",\"Tel. +41 613241111\",\"Fax +41 613248001\"]","timestamp":"2025-07-25T16:03:47.326Z"}
{"level":"warn","message":"Skipping invalid key in record: ","timestamp":"2025-07-25T16:03:47.327Z"}
{"level":"warn","message":"Skipping invalid key in record: ","timestamp":"2025-07-25T16:03:47.327Z"}
{"level":"warn","message":"Invalid contact format (non-string) for record with PIP number EMEA-001578-PIP01-13: [\"Krka\",\"d.d.\",\"Novo mesto\",\"E-mail: dragan.priselac@krka.biz\",\"Tel. +386 7331 9037\"]","timestamp":"2025-07-25T16:03:47.327Z"}
{"level":"warn","message":"Skipping invalid key in record: ","timestamp":"2025-07-25T16:03:47.327Z"}
{"level":"warn","message":"Invalid contact format (non-string) for record with PIP number EMEA-001575-PIP01-13: [\"Bayer Pharma AG\",\"Germany\",\"E-mail: pediatrics-medical-affairs-europe@bayerhealthcare.com\",\"Tel. +49 30468 15333\",\"Fax +49 30468 95333\"]","timestamp":"2025-07-25T16:03:47.327Z"}
{"level":"warn","message":"Skipping invalid key in record: ","timestamp":"2025-07-25T16:03:47.327Z"}
{"level":"warn","message":"Invalid contact format (non-string) for record with PIP number EMEA-001571-PIP01-13: [\"AstraZeneca AB\",\"E-mail: alison.mcgregor@astrazeneca.com\",\"Tel. +44 (0)7748 761375\"]","timestamp":"2025-07-25T16:03:47.327Z"}
{"level":"warn","message":"Skipping invalid key in record: ","timestamp":"2025-07-25T16:03:47.328Z"}
{"level":"warn","message":"Invalid contact format (non-string) for record with PIP number EMEA-001516-PIP01-13: [\"Pharmathen S.A.\",\"Greece\",\"E-mail: mkalovidouri@pharmathen.com\",\"Tel. +30 2106 604354\"]","timestamp":"2025-07-25T16:03:47.328Z"}
{"level":"warn","message":"Skipping invalid key in record: ","timestamp":"2025-07-25T16:03:47.328Z"}
{"level":"warn","message":"Invalid contact format (non-string) for record with PIP number EMEA-000558-PIP01-09-M02: [\"LFB Biotechnologies\",\"France\",\"E-mail: metenanizi@lfb.fr\",\"Tel. +33 1698 21029\",\"Fax +33 1837 11978\"]","timestamp":"2025-07-25T16:03:47.328Z"}
{"level":"warn","message":"Skipping invalid key in record: ","timestamp":"2025-07-25T16:03:47.328Z"}
{"level":"warn","message":"Invalid contact format (non-string) for record with PIP number EMEA-001586-PIP01-13: [\"Service de Santé des Armées\",\"France\",\"E-mail: isabelle.besse@santarm.fr\",\"Tel. +33 2386 07312\"]","timestamp":"2025-07-25T16:03:47.328Z"}
{"level":"warn","message":"Skipping invalid key in record: ","timestamp":"2025-07-25T16:03:47.328Z"}
{"level":"warn","message":"Invalid contact format (non-string) for record with PIP number EMEA-001169-PIP02-13: [\"Sanofi-Aventis Recherche & Développement\",\"E-mail: contact-us@sanofi-aventis.com\",\"Tel. +33 1 60 49 66 82\"]","timestamp":"2025-07-25T16:03:47.328Z"}
{"level":"warn","message":"Skipping invalid key in record: ","timestamp":"2025-07-25T16:03:47.328Z"}
{"level":"warn","message":"Invalid contact format (non-string) for record with PIP number EMEA-001462-PIP01-13: [\"Versartis\",\"Inc.\",\"United States\",\"E-mail: jcleland@versartis.com\",\"Tel. +1 6509638580\",\"Fax +1 6509638598\"]","timestamp":"2025-07-25T16:03:47.328Z"}
{"level":"warn","message":"Skipping invalid key in record: ","timestamp":"2025-07-25T16:03:47.328Z"}
{"level":"warn","message":"Invalid contact format (non-string) for record with PIP number EMEA-001413-PIP01-13: [\"Allergopharma GmbH & Co. KG\",\"Germany\",\"E-mail: info@allergopharma.com\",\"Tel. +49 4027650\",\"Fax +49 407227713\"]","timestamp":"2025-07-25T16:03:47.328Z"}
{"level":"warn","message":"Skipping invalid key in record: ","timestamp":"2025-07-25T16:03:47.328Z"}
{"level":"warn","message":"Invalid contact format (non-string) for record with PIP number EMEA-001560-PIP01-13: [\"Brunifarma Research s.r.l.\",\"Italy\",\"E-mail: info@brunifarmaresearch.com\",\"Tel. +39 091900529\",\"Fax +39 091905535\"]","timestamp":"2025-07-25T16:03:47.328Z"}
{"level":"warn","message":"Skipping invalid key in record: ","timestamp":"2025-07-25T16:03:47.329Z"}
{"level":"warn","message":"Invalid contact format (non-string) for record with PIP number EMEA-001532-PIP01-13: [\"Merck Sharp & Dohme (Europe)\",\"Inc.\",\"Belgium\",\"E-mail: pip.information@merck.com\",\"Tel. +31 412663179\",\"Fax +31 412662571\"]","timestamp":"2025-07-25T16:03:47.329Z"}
{"level":"warn","message":"Skipping invalid key in record: ","timestamp":"2025-07-25T16:03:47.329Z"}
{"level":"warn","message":"Invalid contact format (non-string) for record with PIP number EMEA-001552-PIP01-13: [\"Zentiva\",\"k.s.\",\"Czech Republic\",\"blanka.zoubkova@zentiva.com\",\"Tel. +42 0267243574\"]","timestamp":"2025-07-25T16:03:47.329Z"}
{"level":"warn","message":"Skipping invalid key in record: ","timestamp":"2025-07-25T16:03:47.329Z"}
{"level":"warn","message":"Invalid contact format (non-string) for record with PIP number EMEA-001370-PIP02-13: [\"MolMed S.p.A.\",\"Italy\",\"E-mail: info@molmed.com\",\"Tel. +39 02212771\",\"Fax +39 0221277220\"]","timestamp":"2025-07-25T16:03:47.329Z"}
{"level":"warn","message":"Skipping invalid key in record: ","timestamp":"2025-07-25T16:03:47.329Z"}
{"level":"warn","message":"Invalid contact format (non-string) for record with PIP number EMEA-001558-PIP01-13: [\"Epifarma Srl\",\"Italy\",\"E-mail: b.trupa@epifarma.it\",\"Tel. +39 0973 655200\",\"Fax +39 0973 655318\"]","timestamp":"2025-07-25T16:03:47.329Z"}
{"level":"warn","message":"Skipping invalid key in record: ","timestamp":"2025-07-25T16:03:47.329Z"}
{"level":"warn","message":"Invalid contact format (non-string) for record with PIP number EMEA-000986-PIP02-13: [\"ThromboGenics NV\",\"Belgium\",\"E-mail: info@thrombogenics.com\",\"Tel. +32 16751310\"]","timestamp":"2025-07-25T16:03:47.329Z"}
{"level":"warn","message":"Skipping invalid key in record: ","timestamp":"2025-07-25T16:03:47.329Z"}
{"level":"warn","message":"Invalid contact format (non-string) for record with PIP number EMEA-001637-PIP01-13: [\"Baxter Innovations GmbH\",\"Austria\",\"E-mail: europa_biosci_globalra@baxter.com\",\"Tel. +43 1201000\",\"Fax +43 120100 / 2475990\"]","timestamp":"2025-07-25T16:03:47.329Z"}
{"level":"warn","message":"Skipping invalid key in record: ","timestamp":"2025-07-25T16:03:47.329Z"}
{"level":"warn","message":"Skipping invalid key in record: ","timestamp":"2025-07-25T16:03:47.329Z"}
{"level":"warn","message":"Invalid contact format (non-string) for record with PIP number EMEA-001534-PIP01-13: [\"Merck Sharp & Dohme (Europe)\",\"Inc.\",\"Belgium\",\"E-mail: pip.information@merck.com\",\"Tel. +31 412663179\",\"Fax +31 412662571\"]","timestamp":"2025-07-25T16:03:47.329Z"}
{"level":"warn","message":"Skipping invalid key in record: ","timestamp":"2025-07-25T16:03:47.330Z"}
{"level":"warn","message":"Invalid contact format (non-string) for record with PIP number EMEA-000582-PIP01-09-M03: [\"J. Uriach y Compañía\",\"S.A\",\"Spain\",\"E-mail: clin-izquierdo@uriach.com\",\"Tel. +34 938630272\",\"Fax:  +34 938646606\"]","timestamp":"2025-07-25T16:03:47.330Z"}
{"level":"warn","message":"Skipping invalid key in record: ","timestamp":"2025-07-25T16:03:47.330Z"}
{"level":"warn","message":"Invalid contact format (non-string) for record with PIP number EMEA-000630-PIP02-09-M05: [\"Leti Pharma GmbH\",\"Germany\",\"E-mail: paediatrics@leti.de\",\"Tel. +49 230 2202 860\",\"Fax +49 230 2202 8623\"]","timestamp":"2025-07-25T16:03:47.330Z"}
{"level":"warn","message":"Skipping invalid key in record: ","timestamp":"2025-07-25T16:03:47.330Z"}
{"level":"warn","message":"Invalid contact format (non-string) for record with PIP number EMEA-001536-PIP01-13: [\"GlaxoSmithKline Consumer Trading Services Limited\",\"United Kingdom\",\"E-mail: rd.gskch-paediatric-plans@gsk.com\",\"Tel. +44 (0)19 3282 6987\"]","timestamp":"2025-07-25T16:03:47.330Z"}
{"level":"warn","message":"Skipping invalid key in record: ","timestamp":"2025-07-25T16:03:47.330Z"}
{"level":"warn","message":"Invalid contact format (non-string) for record with PIP number EMEA-001537-PIP01-13: [\"Boehringer Ingelheim International GmbH\",\"Tel. +49 6132 778271\",\"Email: Paediatrics@boehringer-ingelheim.com\"]","timestamp":"2025-07-25T16:03:47.330Z"}
{"level":"warn","message":"Skipping invalid key in record: ","timestamp":"2025-07-25T16:03:47.330Z"}
{"level":"warn","message":"Skipping invalid key in record: ","timestamp":"2025-07-25T16:03:47.330Z"}
{"level":"warn","message":"Invalid contact format (non-string) for record with PIP number EMEA-000144-PIP01-07-M05: [\"Merck Sharp & Dohme Ltd\",\"United Kingdom\",\"E-mail: pip.information@merck.com\",\"Tel. +31 412663179\",\"Fax +31 412662571\"]","timestamp":"2025-07-25T16:03:47.330Z"}
{"level":"warn","message":"Skipping invalid key in record: ","timestamp":"2025-07-25T16:03:47.330Z"}
{"level":"warn","message":"Invalid contact format (non-string) for record with PIP number EMEA-000282-PIP01-08-M02: [\"The Medicines Company UK Ltd\",\"United Kingdom\",\"Tel. +39 0521 2791\",\"Fax +39 0521 774468\",\"E-mail: info@chiesi.com\"]","timestamp":"2025-07-25T16:03:47.330Z"}
{"level":"warn","message":"Skipping invalid key in record: ","timestamp":"2025-07-25T16:03:47.330Z"}
{"level":"warn","message":"Invalid contact format (non-string) for record with PIP number EMEA-000056-PIP03-10-M02: [\"Roche Registration Ltd\",\"United Kingdom\",\"E-mail: info.paediatrics@roche.com\",\"Tel. +41 616879411\"]","timestamp":"2025-07-25T16:03:47.330Z"}
{"level":"warn","message":"Skipping invalid key in record: ","timestamp":"2025-07-25T16:03:47.352Z"}
{"level":"warn","message":"Skipping invalid key in record: ","timestamp":"2025-07-25T16:03:47.352Z"}
{"level":"warn","message":"Invalid contact format (non-string) for record with PIP number EMEA-000056-PIP01-07-M02: [\"Roche Registration Ltd\",\"United Kingdom\",\"E-mail: info.paediatrics@roche.com\",\"Tel. +41 616879411\"]","timestamp":"2025-07-25T16:03:47.352Z"}
{"level":"warn","message":"Skipping invalid key in record: ","timestamp":"2025-07-25T16:03:47.352Z"}
{"level":"warn","message":"Invalid contact format (non-string) for record with PIP number EMEA-001538-PIP01-13: [\"Zentiva\",\"k.s.\",\"Czech Republic\",\"blanka.zoubkova@zentiva.com\",\"Tel. +42 0267243574\"]","timestamp":"2025-07-25T16:03:47.352Z"}
{"level":"warn","message":"Skipping invalid key in record: ","timestamp":"2025-07-25T16:03:47.352Z"}
{"level":"info","message":"CSV Headers: Decision number,PIP number,Active substance,Invented name,Therapeutic area,Pharmaceutical forms,Condition / indication,Routes of administration,Decision type,Decision date,Compliance outcome,Compliance opinion date,Compliance procedure number,Contact for public enquiries,First published date,Last updated date,PIP URL,","timestamp":"2025-07-25T16:03:47.352Z"}
{"level":"warn","message":"Skipping invalid key in record: ","timestamp":"2025-07-25T16:03:47.352Z"}
{"level":"warn","message":"Skipping invalid key in record: ","timestamp":"2025-07-25T16:03:47.352Z"}
{"level":"warn","message":"Invalid contact format (non-string) for record with PIP number EMEA-001473-PIP01-13: [\"Pozen UK\",\"Limited United Kingdom\",\"E-mail: paediatrics@pozen.com\",\"Tel. +1 9199131030\",\"Fax +1 9199131039\"]","timestamp":"2025-07-25T16:03:47.352Z"}
{"level":"warn","message":"Skipping invalid key in record: ","timestamp":"2025-07-25T16:03:47.352Z"}
{"level":"warn","message":"Invalid contact format (non-string) for record with PIP number EMEA-001513-PIP01-13: [\"Estetra S.A.\",\"Belgium\",\"E-mail: llebon@uteron.com\",\"Tel. +32 496553302\",\"Fax +32 42209631\"]","timestamp":"2025-07-25T16:03:47.352Z"}
{"level":"warn","message":"Skipping invalid key in record: ","timestamp":"2025-07-25T16:03:47.352Z"}
{"level":"warn","message":"Invalid contact format (non-string) for record with PIP number EMEA-001525-PIP01-13: [\"Triskel EU Services Ltd\",\"United Kingdom\",\"E-mail: oritp@kamada.com\",\"Tel. +44 (0)9728 940 64 72\",\"Fax +44 (0)9728 940 64 73\"]","timestamp":"2025-07-25T16:03:47.353Z"}
{"level":"warn","message":"Skipping invalid key in record: ","timestamp":"2025-07-25T16:03:47.353Z"}
{"level":"warn","message":"Invalid contact format (non-string) for record with PIP number EMEA-000994-PIP01-10-M01: [\"Bayer harma AG\",\"pediatrics.medical-affairs-europe@bayer.com\",\"Germany\",\"Tel. +49 3046815333\",\"Fax +49 3046895333\"]","timestamp":"2025-07-25T16:03:47.353Z"}
{"level":"warn","message":"Skipping invalid key in record: ","timestamp":"2025-07-25T16:03:47.353Z"}
{"level":"warn","message":"Invalid contact format (non-string) for record with PIP number EMEA-001173-PIP01-11-M01: [\"Vertex Pharmaceuticals (Europe) Ltd.\",\"Tel. +1 8776348789\",\"E-mail: medicalinfo@vrtx.com\"]","timestamp":"2025-07-25T16:03:47.353Z"}
{"level":"warn","message":"Skipping invalid key in record: ","timestamp":"2025-07-25T16:03:47.353Z"}
{"level":"warn","message":"Skipping invalid key in record: ","timestamp":"2025-07-25T16:03:47.353Z"}
{"level":"warn","message":"Invalid contact format (non-string) for record with PIP number EMEA-001503-PIP01-13: [\"Ipsen Pharma\",\"Email: paediatrics.plans@ipsen.com\",\"Tel. +33 1 58 33 50 00\"]","timestamp":"2025-07-25T16:03:47.353Z"}
{"level":"warn","message":"Skipping invalid key in record: ","timestamp":"2025-07-25T16:03:47.353Z"}
{"level":"warn","message":"Invalid contact format (non-string) for record with PIP number EMEA-000052-PIP01-07-M03: [\"AstraZeneca AB (Sweden)\",\"Tel. +46 8 5532791\",\"E-mail: paediatrics@astrazeneca.com\"]","timestamp":"2025-07-25T16:03:47.353Z"}
{"level":"warn","message":"Skipping invalid key in record: ","timestamp":"2025-07-25T16:03:47.353Z"}
{"level":"warn","message":"Skipping invalid key in record: ","timestamp":"2025-07-25T16:03:47.353Z"}
{"level":"warn","message":"Invalid contact format (non-string) for record with PIP number EMEA-001508-PIP01-13: [\"GlaxoSmithKline Trading Services Limited\",\"Ireland\",\"Email: admin@wainwrightassociates.co.uk\",\"Tel. +44 1628530554\"]","timestamp":"2025-07-25T16:03:47.353Z"}
{"level":"warn","message":"Skipping invalid key in record: ","timestamp":"2025-07-25T16:03:47.353Z"}
{"level":"warn","message":"Invalid contact format (non-string) for record with PIP number EMEA-001520-PIP01-13: [\"Alnylam Pharmaceuticals\",\"Inc.\",\"United States\",\"E-mail: snochur@alnylam.com\",\"Tel. +1 6175518393\",\"Fax +1 6175757339\"]","timestamp":"2025-07-25T16:03:47.353Z"}
{"level":"warn","message":"Skipping invalid key in record: ","timestamp":"2025-07-25T16:03:47.354Z"}
{"level":"warn","message":"Invalid contact format (non-string) for record with PIP number EMEA-001398-PIP02-13: [\"Diater Laboratorio de Diagnóstico y Aplicaciones Terapéuticas\",\"S.A.\",\"Spain\",\"E-mail: diater@diater.com\",\"Tel. +34 9149 660 13\",\"Fax +34 9149 660 12\"]","timestamp":"2025-07-25T16:03:47.354Z"}
{"level":"warn","message":"Skipping invalid key in record: ","timestamp":"2025-07-25T16:03:47.354Z"}
{"level":"warn","message":"Skipping invalid key in record: ","timestamp":"2025-07-25T16:03:47.354Z"}
{"level":"warn","message":"Skipping invalid key in record: ","timestamp":"2025-07-25T16:03:47.354Z"}
{"level":"warn","message":"Invalid contact format (non-string) for record with PIP number EMEA-000784-PIP02-11-M01: [\"Swedish Orphan Biovitrum International AB\",\"Sweden\",\"E-mail: maria.sahlberg@sobi.com\",\"Tel. +46 (0)8697 2030\"]","timestamp":"2025-07-25T16:03:47.354Z"}
{"level":"warn","message":"Skipping invalid key in record: ","timestamp":"2025-07-25T16:03:47.354Z"}
{"level":"warn","message":"Invalid contact format (non-string) for record with PIP number EMEA-000293-PIP02-10-M01: [\"Savient Pharmaceuticals\",\"Inc.\",\"United States\",\"E-mail: drug.development@savient.com\",\"Tel. +1 7324 189300\"]","timestamp":"2025-07-25T16:03:47.354Z"}
{"level":"warn","message":"Skipping invalid key in record: ","timestamp":"2025-07-25T16:03:47.354Z"}
{"level":"warn","message":"Invalid contact format (non-string) for record with PIP number EMEA-001510-PIP01-13: [\"Pharmaceutical Works Polpharma SA\",\"Poland\",\"E-mail: michal.dembowski@polpharma.com\",\"Tel. +48 2236 46321\"]","timestamp":"2025-07-25T16:03:47.354Z"}
{"level":"warn","message":"Skipping invalid key in record: ","timestamp":"2025-07-25T16:03:47.354Z"}
{"level":"warn","message":"Skipping invalid key in record: ","timestamp":"2025-07-25T16:03:47.354Z"}
{"level":"warn","message":"Skipping invalid key in record: ","timestamp":"2025-07-25T16:03:47.354Z"}
{"level":"warn","message":"Skipping invalid key in record: ","timestamp":"2025-07-25T16:03:47.355Z"}
{"level":"warn","message":"Invalid contact format (non-string) for record with PIP number EMEA-001374-PIP01-12: [\"BioMarin International Limited\",\"Ireland\",\"Tel. +353 21 500 7990\",\"Fax +31 7133 22088\",\"E-mail: shanbally@bmrn.nl\"]","timestamp":"2025-07-25T16:03:47.355Z"}
{"level":"warn","message":"Skipping invalid key in record: ","timestamp":"2025-07-25T16:03:47.355Z"}
{"level":"warn","message":"Invalid contact format (non-string) for record with PIP number EMEA-001369-PIP01-12: [\"BioMarin International Limited\",\"Ireland\",\"E-mail: shanbally@bmrn.nl\",\"Tel. +353 21 500 7990\",\"Fax +31 7133 22088\"]","timestamp":"2025-07-25T16:03:47.355Z"}
{"level":"warn","message":"Skipping invalid key in record: ","timestamp":"2025-07-25T16:03:47.355Z"}
{"level":"warn","message":"Invalid contact format (non-string) for record with PIP number EMEA-001201-PIP01-11-M02: [\"Sanofi pasteur\",\"Email: piplan@sanofipasteur.com\",\"Tel. +33 4373 75038\"]","timestamp":"2025-07-25T16:03:47.355Z"}
{"level":"warn","message":"Skipping invalid key in record: ","timestamp":"2025-07-25T16:03:47.355Z"}
{"level":"warn","message":"Invalid contact format (non-string) for record with PIP number EMEA-001480-PIP01-13: [\"Pharma Patent Kft.\",\"Hungary\",\"Email: info@pharmapatent.hu\",\"Tel. +36 1630 2560\",\"Fax +36 1630 2560\"]","timestamp":"2025-07-25T16:03:47.355Z"}
{"level":"warn","message":"Skipping invalid key in record: ","timestamp":"2025-07-25T16:03:47.355Z"}
{"level":"warn","message":"Invalid contact format (non-string) for record with PIP number EMEA-001471-PIP01-13: [\"GlaxoSmithKline Trading Services Limited\",\"Email: admin@wainwrightassociates.co.uk\",\"Tel. +44 (0)1628 530554\"]","timestamp":"2025-07-25T16:03:47.355Z"}
{"level":"warn","message":"Skipping invalid key in record: ","timestamp":"2025-07-25T16:03:47.356Z"}
{"level":"warn","message":"Skipping invalid key in record: ","timestamp":"2025-07-25T16:03:47.356Z"}
{"level":"warn","message":"Invalid contact format (non-string) for record with PIP number EMEA-001472-PIP01-13: [\"GlaxoSmithKline Trading Services Limited\",\"Ireland\",\"Email: admin@wainwrightassociates.co.uk\",\"Tel. +44 1628530554\"]","timestamp":"2025-07-25T16:03:47.356Z"}
{"level":"warn","message":"Skipping invalid key in record: ","timestamp":"2025-07-25T16:03:47.356Z"}
{"level":"warn","message":"Invalid contact format (non-string) for record with PIP number EMEA-001467-PIP01-13: [\"Zentiva\",\"k.s.\",\"Czech Republic\",\"blanka.zoubkova@zentiva.com\",\"Tel. +42 0267243574\"]","timestamp":"2025-07-25T16:03:47.356Z"}
{"level":"warn","message":"Skipping invalid key in record: ","timestamp":"2025-07-25T16:03:47.356Z"}
{"level":"warn","message":"Skipping invalid key in record: ","timestamp":"2025-07-25T16:03:47.356Z"}
{"level":"warn","message":"Invalid contact format (non-string) for record with PIP number EMEA-000726-PIP01-09-M02: [\"Roche Registration Limited\",\"alexandra.kalb@roche.com\",\"Tel. +41 61687360\",\"Fax +41 61681560\"]","timestamp":"2025-07-25T16:03:47.356Z"}
{"level":"warn","message":"Skipping invalid key in record: ","timestamp":"2025-07-25T16:03:47.356Z"}
{"level":"warn","message":"Invalid contact format (non-string) for record with PIP number EMEA-000284-PIP01-08-M04: [\"Allergy Therapeutics (UK) Ltd\",\"sue.sulsh@allergytherapeutics.com\",\"Tel. +44 (0)1903 844757\",\"Fax +44 (0)1903 844726\"]","timestamp":"2025-07-25T16:03:47.356Z"}
{"level":"warn","message":"Skipping invalid key in record: ","timestamp":"2025-07-25T16:03:47.356Z"}
{"level":"warn","message":"Invalid contact format (non-string) for record with PIP number EMEA-000654-PIP01-09-M02: [\"Sanofi Pasteur MSD SNC\",\"piplan@spmsd.com\",\"Tel. +33 437284000\"]","timestamp":"2025-07-25T16:03:47.356Z"}
{"level":"warn","message":"Skipping invalid key in record: ","timestamp":"2025-07-25T16:03:47.356Z"}
{"level":"warn","message":"Invalid contact format (non-string) for record with PIP number EMEA-001461-PIP01-13: [\"Zeria Pharmaceutical Co Ltd\",\"tomoharu-miyagawa@zeria.co.jp\",\"Tel. +44 (0)7528 697428\"]","timestamp":"2025-07-25T16:03:47.356Z"}
{"level":"warn","message":"Skipping invalid key in record: ","timestamp":"2025-07-25T16:03:47.356Z"}
{"level":"warn","message":"Invalid contact format (non-string) for record with PIP number EMEA-001421-PIP01-12: [\"Pharma Patent Kft.\",\"E-mail: info@pharmapatent.hu\",\"Tel. +36 16306182\"]","timestamp":"2025-07-25T16:03:47.357Z"}
{"level":"warn","message":"Skipping invalid key in record: ","timestamp":"2025-07-25T16:03:47.357Z"}
{"level":"warn","message":"Skipping invalid key in record: ","timestamp":"2025-07-25T16:03:47.357Z"}
{"level":"warn","message":"Invalid contact format (non-string) for record with PIP number EMEA-001437-PIP01-13: [\"Laboratories Litaphar\",\"S.A.\",\"litaphar@litaphar.com\",\"Tel. +34 943157299\",\"Fax +34 902999881\"]","timestamp":"2025-07-25T16:03:47.357Z"}
{"level":"warn","message":"Skipping invalid key in record: ","timestamp":"2025-07-25T16:03:47.357Z"}
{"level":"warn","message":"Invalid contact format (non-string) for record with PIP number EMEA-001409-PIP01-12: [\"Momaja s.r.o.\",\"Czech Republic\",\"E-mail: lucie@elc-group.com\",\"Tel. +420 224910000\",\"Fax +420 224910671\"]","timestamp":"2025-07-25T16:03:47.357Z"}
{"level":"warn","message":"Skipping invalid key in record: ","timestamp":"2025-07-25T16:03:47.357Z"}
{"level":"warn","message":"Invalid contact format (non-string) for record with PIP number EMEA-001464-PIP01-13: [\"Adamed Sp. z o.o.\",\"Poland\",\"E-mail: kamila.kawiak@adamed.com.pl\",\"Tel. +482 22187651\",\"Fax +482 27327800\"]","timestamp":"2025-07-25T16:03:47.357Z"}
{"level":"warn","message":"Skipping invalid key in record: ","timestamp":"2025-07-25T16:03:47.357Z"}
{"level":"warn","message":"Invalid contact format (non-string) for record with PIP number EMEA-001433-PIP01-13: [\"AOP Orphan Pharmaceuticals AG\",\"Austria\",\"E-mail: office@aoporphan.com\",\"Tel. +43 15037244\",\"Fax +43 150372445\"]","timestamp":"2025-07-25T16:03:47.357Z"}
{"level":"warn","message":"Skipping invalid key in record: ","timestamp":"2025-07-25T16:03:47.357Z"}
{"level":"warn","message":"Invalid contact format (non-string) for record with PIP number EMEA-001463-PIP01-13: [\"Billev Pharma ApS\",\"Denmark\",\"E-mail: katja.pecjak@billevpharma.dk\",\"Tel. +386 12322095\",\"Fax +386 12322096\"]","timestamp":"2025-07-25T16:03:47.357Z"}
{"level":"warn","message":"Skipping invalid key in record: ","timestamp":"2025-07-25T16:03:47.357Z"}
{"level":"warn","message":"Invalid contact format (non-string) for record with PIP number EMEA-001428-PIP01-13: [\"Janssen-Cilag International N.V.\",\"E-mail: mojanen@ITS.JNJ.com\",\"Tel. +34 917228079\"]","timestamp":"2025-07-25T16:03:47.357Z"}
{"level":"info","message":"CSV Headers: Decision number,PIP number,Active substance,Invented name,Therapeutic area,Pharmaceutical forms,Condition / indication,Routes of administration,Decision type,Decision date,Compliance outcome,Compliance opinion date,Compliance procedure number,Contact for public enquiries,First published date,Last updated date,PIP URL,","timestamp":"2025-07-25T16:03:47.357Z"}
{"level":"warn","message":"Skipping invalid key in record: ","timestamp":"2025-07-25T16:03:47.357Z"}
{"level":"warn","message":"Skipping invalid key in record: ","timestamp":"2025-07-25T16:03:47.357Z"}
{"level":"warn","message":"Invalid contact format (non-string) for record with PIP number EMEA-001237-PIP01-11: [\"Eli Lilly & Company Limited\",\"E-mail: eu_paediatric@lilly.com\",\"Tel. +44 (0)1276 483000\"]","timestamp":"2025-07-25T16:03:47.357Z"}
{"level":"warn","message":"Skipping invalid key in record: ","timestamp":"2025-07-25T16:03:47.358Z"}
{"level":"warn","message":"Invalid contact format (non-string) for record with PIP number EMEA-000817-PIP02-11-M01: [\"GSK Vaccines S.r.l.\",\"Tel. +1 438 899 8201\",\"Email: eu.paediatric-plans@gsk.com\"]","timestamp":"2025-07-25T16:03:47.358Z"}
{"level":"warn","message":"Skipping invalid key in record: ","timestamp":"2025-07-25T16:03:47.358Z"}
{"level":"warn","message":"Invalid contact format (non-string) for record with PIP number EMEA-001410-PIP01-12: [\"Takeda Global Research & Development Centre (Europe) Ltd\",\"United Kingdom\",\"E-mail: paediatrics@tgrd.com\",\"Tel. +44 (0)20 3116 8250\"]","timestamp":"2025-07-25T16:03:47.358Z"}
{"level":"warn","message":"Skipping invalid key in record: ","timestamp":"2025-07-25T16:03:47.358Z"}
{"level":"warn","message":"Invalid contact format (non-string) for record with PIP number EMEA-001361-PIP01-12: [\"Conventia Healthcare LLP\",\"United Kingdom\",\"E-mail: kim@conventia.com\",\"Tel. +44 (0)1442 890903\"]","timestamp":"2025-07-25T16:03:47.358Z"}
{"level":"warn","message":"Skipping invalid key in record: ","timestamp":"2025-07-25T16:03:47.358Z"}
{"level":"warn","message":"Invalid contact format (non-string) for record with PIP number EMEA-001397-PIP01-12: [\"Janssen-Cilag International N.V.\",\"E-mail: sglawe@its.jnj.com\",\"Tel. +49 9479218\"]","timestamp":"2025-07-25T16:03:47.358Z"}
{"level":"warn","message":"Skipping invalid key in record: ","timestamp":"2025-07-25T16:03:47.358Z"}
{"level":"warn","message":"Invalid contact format (non-string) for record with PIP number EMEA-001444-PIP01-13: [\"Transcept Pharmaceuticals\",\"Inc\",\"United States\",\"E-mail: ssakai@transcept.com\",\"Tel. +1 5102153515\"]","timestamp":"2025-07-25T16:03:47.358Z"}
{"level":"warn","message":"Skipping invalid key in record: ","timestamp":"2025-07-25T16:03:47.374Z"}
{"level":"warn","message":"Invalid contact format (non-string) for record with PIP number EMEA-001299-PIP01-12: [\"Birken AG\",\"Germany\",\"E-mail: info@birken.eu\",\"Tel. +49 72339749\",\"Fax +49 7233974922\"]","timestamp":"2025-07-25T16:03:47.374Z"}
{"level":"warn","message":"Skipping invalid key in record: ","timestamp":"2025-07-25T16:03:47.375Z"}
{"level":"warn","message":"Invalid contact format (non-string) for record with PIP number EMEA-001305-PIP01-12: [\"Grünenthal GmbH\",\"Gemany\",\"Tel. +49 2415690\",\"Fax +49 2415691498\",\"E-mail: pediatrics@grunenthal.com\"]","timestamp":"2025-07-25T16:03:47.375Z"}
{"level":"warn","message":"Skipping invalid key in record: ","timestamp":"2025-07-25T16:03:47.375Z"}
{"level":"warn","message":"Invalid contact format (non-string) for record with PIP number EMEA-000191-PIP01-08-M05: [\"Pfizer Limited\",\"Tel. + 44 1304646607\",\"E-mail: pip_enquiries@pfizer.com\"]","timestamp":"2025-07-25T16:03:47.375Z"}
{"level":"warn","message":"Skipping invalid key in record: ","timestamp":"2025-07-25T16:03:47.375Z"}
{"level":"warn","message":"Invalid contact format (non-string) for record with PIP number EMEA-001396-PIP01-12: [\"Janssen Biologics B.V.\",\"The Netherlands\",\"ssilk@its.jnj.com\",\"Tel. +44 (0) 1494 55 39 55\",\"Fax +44 (0) 1494 65 80 14\"]","timestamp":"2025-07-25T16:03:47.375Z"}
{"level":"warn","message":"Skipping invalid key in record: ","timestamp":"2025-07-25T16:03:47.375Z"}
{"level":"warn","message":"Skipping invalid key in record: ","timestamp":"2025-07-25T16:03:47.375Z"}
{"level":"warn","message":"Invalid contact format (non-string) for record with PIP number EMEA-001408-PIP01-12: [\"Krka\",\"d.d.\",\"Novo mesto\",\"Slovenia\",\"dragan.priselac@krka.biz\",\"Tel. +386 73322741\",\"Fax +386 73322742\"]","timestamp":"2025-07-25T16:03:47.375Z"}
{"level":"warn","message":"Skipping invalid key in record: ","timestamp":"2025-07-25T16:03:47.375Z"}
{"level":"warn","message":"Invalid contact format (non-string) for record with PIP number EMEA-001403-PIP01-12: [\"Laboratoires Genevrier\",\"France\",\"amy.whyte@regulis.com\",\"Tel. 44 (0) 1442 890903\"]","timestamp":"2025-07-25T16:03:47.375Z"}
{"level":"warn","message":"Skipping invalid key in record: ","timestamp":"2025-07-25T16:03:47.375Z"}
{"level":"warn","message":"Invalid contact format (non-string) for record with PIP number EMEA-001447-PIP01-12: [\"EGIS Pharmaceuticals PLC\",\"Hungary\",\"registry@egis.hu\",\"Tel. +361 18032414\"]","timestamp":"2025-07-25T16:03:47.375Z"}
{"level":"warn","message":"Skipping invalid key in record: ","timestamp":"2025-07-25T16:03:47.375Z"}
{"level":"warn","message":"Skipping invalid key in record: ","timestamp":"2025-07-25T16:03:47.376Z"}
{"level":"warn","message":"Skipping invalid key in record: ","timestamp":"2025-07-25T16:03:47.376Z"}
{"level":"warn","message":"Invalid contact format (non-string) for record with PIP number EMEA-000822-PIP01-09-M01: [\"Swedish Orphan Biovitrum AB\",\"E-mail: communication@sobi.com\",\"Country: Sweden\",\"Tel. +46 86972000\"]","timestamp":"2025-07-25T16:03:47.376Z"}
{"level":"warn","message":"Skipping invalid key in record: ","timestamp":"2025-07-25T16:03:47.376Z"}
{"level":"warn","message":"Invalid contact format (non-string) for record with PIP number EMEA-000013-PIP01-07-M03: [\"Medac Gesellschaft für klinische Spezialpräparate mbH\",\"E-mail: j.kuehnel@medac.de\",\"Country: Germany\",\"Tel. +49 41038006413\",\"Fax: +49 41038009130\"]","timestamp":"2025-07-25T16:03:47.376Z"}
{"level":"warn","message":"Skipping invalid key in record: ","timestamp":"2025-07-25T16:03:47.376Z"}
{"level":"warn","message":"Skipping invalid key in record: ","timestamp":"2025-07-25T16:03:47.376Z"}
{"level":"warn","message":"Skipping invalid key in record: ","timestamp":"2025-07-25T16:03:47.376Z"}
{"level":"warn","message":"Skipping invalid key in record: ","timestamp":"2025-07-25T16:03:47.376Z"}
{"level":"warn","message":"Skipping invalid key in record: ","timestamp":"2025-07-25T16:03:47.376Z"}
{"level":"warn","message":"Invalid contact format (non-string) for record with PIP number EMEA-001167-PIP02-11-M01: [\"Eli Lilly & Company Limited\",\"E-mail: eu_paediatric@lilly.com\",\"Tel. +44 (0)1276 483000\"]","timestamp":"2025-07-25T16:03:47.376Z"}
{"level":"warn","message":"Skipping invalid key in record: ","timestamp":"2025-07-25T16:03:47.376Z"}
{"level":"warn","message":"Invalid contact format (non-string) for record with PIP number EMEA-000132-PIP01-07-M04: [\"Lux Biosciences GmbH\",\"E-mail: info@luxbio.com\",\"Country: Germany\",\"Tel. +49 8924213109\"]","timestamp":"2025-07-25T16:03:47.376Z"}
{"level":"warn","message":"Skipping invalid key in record: ","timestamp":"2025-07-25T16:03:47.377Z"}
{"level":"warn","message":"Invalid contact format (non-string) for record with PIP number EMEA-001390-PIP01-12: [\"GlaxoSmithKline Trading Services Limited\",\"E-mail: admin@wainwrightassociates.co.uk\",\"Country: Ireland\",\"Tel. +44 (0)1628 530554\"]","timestamp":"2025-07-25T16:03:47.377Z"}
{"level":"warn","message":"Skipping invalid key in record: ","timestamp":"2025-07-25T16:03:47.377Z"}
{"level":"warn","message":"Invalid contact format (non-string) for record with PIP number EMEA-000205-PIP01-08-M02: [\"Basilea Pharmaceutica International Ltd.\",\"Tel. +41 616061400\",\"E-mail: medical.information@basilea.com\"]","timestamp":"2025-07-25T16:03:47.377Z"}
{"level":"warn","message":"Skipping invalid key in record: ","timestamp":"2025-07-25T16:03:47.377Z"}
{"level":"warn","message":"Invalid contact format (non-string) for record with PIP number EMEA-001288-PIP01-12: [\"Bristol-Myers Squibb International Corporation\",\"E-mail: yoshida@oncolys.com\",\"Tel. +81354721578\"]","timestamp":"2025-07-25T16:03:47.377Z"}
{"level":"warn","message":"Skipping invalid key in record: ","timestamp":"2025-07-25T16:03:47.377Z"}
{"level":"warn","message":"Invalid contact format (non-string) for record with PIP number EMEA-001400-PIP01-12: [\"Ultragenyx UK Limited c/o Regus\",\"Tel. +1 (415) 4838148\",\"Fax +1 (415) 4838920\",\"E-mail: rhostutler@ultragenyx.com\"]","timestamp":"2025-07-25T16:03:47.377Z"}
{"level":"warn","message":"Skipping invalid key in record: ","timestamp":"2025-07-25T16:03:47.377Z"}
{"level":"warn","message":"Invalid contact format (non-string) for record with PIP number EMEA-001385-PIP01-12: [\"Krka d.d. Novo Mesto\",\"E-mail: bernarda.bevc@krka.biz\",\"Country: Slovenia\",\"Tel. + 386 73312730\",\"Fax + 386 73322742\"]","timestamp":"2025-07-25T16:03:47.377Z"}
{"level":"warn","message":"Skipping invalid key in record: ","timestamp":"2025-07-25T16:03:47.377Z"}
{"level":"warn","message":"Invalid contact format (non-string) for record with PIP number EMEA-001381-PIP01-12: [\"I.D.B. Radiopharmacy B.V.\",\"E-mail: je.vaessen@bfc.nl\",\"Country: The Netherlands\",\"Tel. + 31 402453611\",\"Fax + 31 402374460\"]","timestamp":"2025-07-25T16:03:47.377Z"}
{"level":"warn","message":"Skipping invalid key in record: ","timestamp":"2025-07-25T16:03:47.377Z"}
{"level":"warn","message":"Invalid contact format (non-string) for record with PIP number EMEA-001327-PIP01-12: [\"Teva Pharma B.V.\",\"E-mail: lidija.brnic@tevapharm.com\",\"Country: The Netherlands\",\"Tel. +38 53722150\"]","timestamp":"2025-07-25T16:03:47.377Z"}
{"level":"warn","message":"Skipping invalid key in record: ","timestamp":"2025-07-25T16:03:47.377Z"}
{"level":"warn","message":"Invalid contact format (non-string) for record with PIP number EMEA-001245-PIP01-11: [\"Photocure ASA\",\"E-mail: info@photocure.no\",\"Country: Norway\",\"Tel. + 47 22062216\",\"Fax + 47 22062218\"]","timestamp":"2025-07-25T16:03:47.377Z"}
{"level":"warn","message":"Skipping invalid key in record: ","timestamp":"2025-07-25T16:03:47.378Z"}
{"level":"warn","message":"Invalid contact format (non-string) for record with PIP number EMEA-000550-PIP02-10-M01: [\"Merck KGaA\",\"E-mail: service@merck.de\",\"Country: Germany\",\"Tel. +49 6151720\"]","timestamp":"2025-07-25T16:03:47.378Z"}
{"level":"warn","message":"Skipping invalid key in record: ","timestamp":"2025-07-25T16:03:47.378Z"}
{"level":"warn","message":"Skipping invalid key in record: ","timestamp":"2025-07-25T16:03:47.378Z"}
{"level":"warn","message":"Invalid contact format (non-string) for record with PIP number EMEA-000764-PIP02-11: [\"Dr. Franz Köhler Chemie GmbH\",\"E-mail: info@koehler-chemie.de\",\"Country: Germany\",\"Tel. + 49 625110830\",\"Fax + 49 62511083246\"]","timestamp":"2025-07-25T16:03:47.378Z"}
{"level":"warn","message":"Skipping invalid key in record: ","timestamp":"2025-07-25T16:03:47.378Z"}
{"level":"warn","message":"Invalid contact format (non-string) for record with PIP number EMEA-001267-PIP01-12: [\"Glaxo Group Limited\",\"E-mail: eu.paediatric-plans@gsk.com\",\"Country: United Kingdom\",\"Tel. + +44 (0)20 8990 3650\",\"Fax + +44 (0)20 8990 3511\"]","timestamp":"2025-07-25T16:03:47.378Z"}
{"level":"warn","message":"Skipping invalid key in record: ","timestamp":"2025-07-25T16:03:47.378Z"}
{"level":"warn","message":"Invalid contact format (non-string) for record with PIP number EMEA-001033-PIP02-11: [\"Eli Lilly & Company Limited\",\"E-mail: eu_paediatric@lilly.com\",\"Tel. +44 (0)1276 483000\"]","timestamp":"2025-07-25T16:03:47.378Z"}
{"level":"warn","message":"Skipping invalid key in record: ","timestamp":"2025-07-25T16:03:47.378Z"}
{"level":"warn","message":"Invalid contact format (non-string) for record with PIP number EMEA-001380-PIP01-12: [\"Krka\",\"d.d.\",\"Novo mesto\",\"E-mail: tomaz.kralj@krka.biz\",\"Country: Slovenia\",\"Tel. + 386 73312055\",\"Fax + 386 73322742\"]","timestamp":"2025-07-25T16:03:47.378Z"}
{"level":"warn","message":"Skipping invalid key in record: ","timestamp":"2025-07-25T16:03:47.378Z"}
{"level":"warn","message":"Invalid contact format (non-string) for record with PIP number EMEA-001377-PIP01-12: [\"Gedeon Richter Plc.\",\"E-mail: mrprichter@richter.hu\",\"Country: Hungary\",\"Tel. + 36 14314040\",\"Fax + 36 14315415\"]","timestamp":"2025-07-25T16:03:47.378Z"}
{"level":"warn","message":"Skipping invalid key in record: ","timestamp":"2025-07-25T16:03:47.378Z"}
{"level":"warn","message":"Invalid contact format (non-string) for record with PIP number EMEA-001355-PIP01-12: [\"Pharma-Regist Kft.\",\"E-mail: vera.ruda@pharmaregist.hu\",\"Country: Hungary\",\"Tel. + 36 13187160\",\"Fax + 36 13188546\"]","timestamp":"2025-07-25T16:03:47.378Z"}
{"level":"warn","message":"Skipping invalid key in record: ","timestamp":"2025-07-25T16:03:47.378Z"}
{"level":"warn","message":"Invalid contact format (non-string) for record with PIP number EMEA-001298-PIP01-12: [\"Only For Children Pharmaceuticals\",\"E-mail: evelyne.jacqzaigrain@gmail.com\",\"Country: France\",\"Tel. + 33 140034099\"]","timestamp":"2025-07-25T16:03:47.378Z"}
{"level":"warn","message":"Skipping invalid key in record: ","timestamp":"2025-07-25T16:03:47.379Z"}
{"level":"warn","message":"Invalid contact format (non-string) for record with PIP number EMEA-001364-PIP01-12: [\"HCS bvba\",\"E-mail: info@hcsbvba.be\",\"Country: Belgium\",\"Tel. + 32 475591545\",\"Fax + 32 33215069\"]","timestamp":"2025-07-25T16:03:47.379Z"}
{"level":"info","message":"CSV Headers: Decision number,PIP number,Active substance,Invented name,Therapeutic area,Pharmaceutical forms,Condition / indication,Routes of administration,Decision type,Decision date,Compliance outcome,Compliance opinion date,Compliance procedure number,Contact for public enquiries,First published date,Last updated date,PIP URL,","timestamp":"2025-07-25T16:03:47.379Z"}
{"level":"warn","message":"Skipping invalid key in record: ","timestamp":"2025-07-25T16:03:47.379Z"}
{"level":"warn","message":"Invalid contact format (non-string) for record with PIP number EMEA-001317-PIP01-12: [\"Menarini Ricerche S.p.A.\",\"E-mail: prijli@menarini.it\",\"Tel. + 39 0555680633\"]","timestamp":"2025-07-25T16:03:47.379Z"}
{"level":"warn","message":"Skipping invalid key in record: ","timestamp":"2025-07-25T16:03:47.379Z"}
{"level":"warn","message":"Invalid contact format (non-string) for record with PIP number EMEA-001200-PIP01-11: [\"Allergan Pharmaceuticals Ireland\",\"Ireland\",\"Tel. +44 (0)1628 494026\",\"Fax +44 (0)1628 494058\",\"E-mail: uk_medinfo@allergan.com\"]","timestamp":"2025-07-25T16:03:47.379Z"}
{"level":"warn","message":"Skipping invalid key in record: ","timestamp":"2025-07-25T16:03:47.379Z"}
{"level":"warn","message":"Skipping invalid key in record: ","timestamp":"2025-07-25T16:03:47.379Z"}
{"level":"warn","message":"Skipping invalid key in record: ","timestamp":"2025-07-25T16:03:47.379Z"}
{"level":"warn","message":"Invalid contact format (non-string) for record with PIP number EMEA-000827-PIP03-11: [\"Gilead Sciences International Ltd\",\"E-mail: regulatory.pip@gilead.com\",\"Country: United Kingdom\",\"Tel. +44 (0)1223 897300\",\"Fax +44 (0)1223 897284\"]","timestamp":"2025-07-25T16:03:47.379Z"}
{"level":"warn","message":"Skipping invalid key in record: ","timestamp":"2025-07-25T16:03:47.379Z"}
{"level":"warn","message":"Invalid contact format (non-string) for record with PIP number EMEA-000185-PIP01-08-M05: [\"Novo Nordisk A/S\",\"E-mail: paediatrics@novonordisk.com\",\"Tel. +45 4444 8888\"]","timestamp":"2025-07-25T16:03:47.379Z"}
{"level":"warn","message":"Skipping invalid key in record: ","timestamp":"2025-07-25T16:03:47.379Z"}
{"level":"warn","message":"Invalid contact format (non-string) for record with PIP number EMEA-000511-PIP01-08-M04: [\"Pierre Fabre Dermatologie\",\"E-mail: peggy.michel@pierre-fabre.com\",\"Country: France\",\"Tel. +33 534506450\",\"Fax +33 149100216\"]","timestamp":"2025-07-25T16:03:47.379Z"}
{"level":"warn","message":"Skipping invalid key in record: ","timestamp":"2025-07-25T16:03:47.379Z"}
{"level":"warn","message":"Invalid contact format (non-string) for record with PIP number EMEA-001281-PIP01-12: [\"QRxPharma Inc.\",\"E-mail: michael.schroeder@qrxpharma.com\",\"Country: United States\",\"Tel. +1 (908)5062900\",\"Fax +1 (908)5062918\"]","timestamp":"2025-07-25T16:03:47.379Z"}
{"level":"warn","message":"Skipping invalid key in record: ","timestamp":"2025-07-25T16:03:47.379Z"}
{"level":"warn","message":"Invalid contact format (non-string) for record with PIP number EMEA-001358-PIP01-12: [\"Billev Pharma Aps\",\"E-mail: katja.pecjak@billevpharma.dk\",\"Country: Denmark\",\"Tel. +386 12322095\",\"Fax +386 12322096\"]","timestamp":"2025-07-25T16:03:47.379Z"}
{"level":"warn","message":"Skipping invalid key in record: ","timestamp":"2025-07-25T16:03:47.380Z"}
{"level":"warn","message":"Invalid contact format (non-string) for record with PIP number EMEA-001353-PIP01-12: [\"Billev Pharma Aps\",\"E-mail: katja.pecjak@billevpharma.dk\",\"Country: Denmark\",\"Tel. +386 12322095\",\"Fax +386 12322096\"]","timestamp":"2025-07-25T16:03:47.380Z"}
{"level":"warn","message":"Skipping invalid key in record: ","timestamp":"2025-07-25T16:03:47.380Z"}
{"level":"warn","message":"Skipping invalid key in record: ","timestamp":"2025-07-25T16:03:47.380Z"}
{"level":"warn","message":"Invalid contact format (non-string) for record with PIP number EMEA-001334-PIP01-12: [\"Galderma R&D\",\"France\",\"E-mail: martine.ortega@galderma.com\",\"Tel. +33 492952906\",\"Fax +33 493957071\"]","timestamp":"2025-07-25T16:03:47.380Z"}
{"level":"warn","message":"Skipping invalid key in record: ","timestamp":"2025-07-25T16:03:47.380Z"}
{"level":"warn","message":"Invalid contact format (non-string) for record with PIP number EMEA-001345-PIP01-12: [\"Innovacell Biotechnologie AG\",\"Austria\",\"E-mail: paediatrics@innovacell.com\",\"Tel. +43 512573680\",\"Fax +43 5125736805\"]","timestamp":"2025-07-25T16:03:47.380Z"}
{"level":"warn","message":"Skipping invalid key in record: ","timestamp":"2025-07-25T16:03:47.380Z"}
{"level":"warn","message":"Skipping invalid key in record: ","timestamp":"2025-07-25T16:03:47.380Z"}
{"level":"warn","message":"Invalid contact format (non-string) for record with PIP number EMEA-001326-PIP01-12: [\"TMC Pharma\",\"United States\",\"E-mail: paediatrics@abh.com\",\"Tel. +1 8662891915\",\"Fax +1 8587545371\"]","timestamp":"2025-07-25T16:03:47.380Z"}
{"level":"warn","message":"Skipping invalid key in record: ","timestamp":"2025-07-25T16:03:47.419Z"}
{"level":"warn","message":"Invalid contact format (non-string) for record with PIP number EMEA-001329-PIP01-12: [\"Bone Therapeutics S.A.\",\"Belgium\",\"E-mail: preob.on3@bonetherapeutics.com\",\"preob.nu3@bonetherapeutics.com\",\"Tel. +32 25295990\",\"Fax +32 25295993\"]","timestamp":"2025-07-25T16:03:47.419Z"}
{"level":"warn","message":"Skipping invalid key in record: ","timestamp":"2025-07-25T16:03:47.420Z"}
{"level":"warn","message":"Invalid contact format (non-string) for record with PIP number EMEA-000602-PIP02-12: [\"Boehringer Ingelheim International GmbH\",\"Tel. +49 6132 778271\",\"Email: Paediatrics@boehringer-ingelheim.com\"]","timestamp":"2025-07-25T16:03:47.420Z"}
{"level":"warn","message":"Skipping invalid key in record: ","timestamp":"2025-07-25T16:03:47.420Z"}
{"level":"warn","message":"Invalid contact format (non-string) for record with PIP number EMEA-000459-PIP01-08-M02: [\"Takeda Pharmaceuticals International AG Ireland Branch\",\"E-mail: medinfoemea@takeda.com\",\"Tel. +80066838470\"]","timestamp":"2025-07-25T16:03:47.420Z"}
{"level":"warn","message":"Skipping invalid key in record: ","timestamp":"2025-07-25T16:03:47.420Z"}
{"level":"warn","message":"Invalid contact format (non-string) for record with PIP number EMEA-001325-PIP01-12: [\"Merck Sharp & Dohme Ltd\",\"France\",\"sylvie.gabriel@sanofi.com\",\"Tel. +33 153774152\",\"Fax +33 153774133\"]","timestamp":"2025-07-25T16:03:47.420Z"}
{"level":"warn","message":"Skipping invalid key in record: ","timestamp":"2025-07-25T16:03:47.420Z"}
{"level":"warn","message":"Invalid contact format (non-string) for record with PIP number EMEA-001312-PIP01-12: [\"CSL Behring GmbH\",\"Tel. 41 313445118E-mail: PIP-CSLBehring@cslbehring.com\",\"&nbsp\"]","timestamp":"2025-07-25T16:03:47.420Z"}
{"level":"warn","message":"Skipping invalid key in record: ","timestamp":"2025-07-25T16:03:47.420Z"}
{"level":"warn","message":"Skipping invalid key in record: ","timestamp":"2025-07-25T16:03:47.420Z"}
{"level":"warn","message":"Invalid contact format (non-string) for record with PIP number EMEA-000408-PIP02-12: [\"Shire Orphan Therapies GmbH\",\"United States\",\"E-mail: medinfoeu-ceemea@shire.com\",\"Tel. +44 (0)2196 65520\",\"Fax +1 7814822954\"]","timestamp":"2025-07-25T16:03:47.420Z"}
{"level":"warn","message":"Skipping invalid key in record: ","timestamp":"2025-07-25T16:03:47.420Z"}
{"level":"warn","message":"Invalid contact format (non-string) for record with PIP number EMEA-001239-PIP01-11: [\"Galderma International\",\"France\",\"regulatory.affairs@galderma.com\",\"Tel. +33 493957105\",\"Fax +33 492952101\"]","timestamp":"2025-07-25T16:03:47.420Z"}
{"level":"warn","message":"Skipping invalid key in record: ","timestamp":"2025-07-25T16:03:47.420Z"}
{"level":"warn","message":"Invalid contact format (non-string) for record with PIP number EMEA-001344-PIP01-12: [\"Zentiva\",\"k.s.\",\"Czech Republic\",\"blanka.zoubkova@zentiva.com\",\"Tel. +42 0267243574\"]","timestamp":"2025-07-25T16:03:47.420Z"}
{"level":"warn","message":"Skipping invalid key in record: ","timestamp":"2025-07-25T16:03:47.421Z"}
{"level":"warn","message":"Invalid contact format (non-string) for record with PIP number EMEA-001234-PIP01-11: [\"Merck Sharp & Dohme (Europe)\",\"Inc.\",\"Belgium\",\"E-mail: pip.information@merck.com\",\"Tel. +31 412663179\",\"Fax +31 412662571\"]","timestamp":"2025-07-25T16:03:47.421Z"}
{"level":"warn","message":"Skipping invalid key in record: ","timestamp":"2025-07-25T16:03:47.421Z"}
{"level":"warn","message":"Invalid contact format (non-string) for record with PIP number EMEA-001343-PIP01-12: [\"Zentiva\",\"k.s.\",\"Czech Republic\",\"blanka.zoubkova@zentiva.com\",\"Tel. +42 0267243574\"]","timestamp":"2025-07-25T16:03:47.421Z"}
{"level":"warn","message":"Skipping invalid key in record: ","timestamp":"2025-07-25T16:03:47.421Z"}
{"level":"warn","message":"Invalid contact format (non-string) for record with PIP number EMEA-001337-PIP01-12: [\"Krka\",\"d.d.\",\"Novo mesto\",\"Slovenia\",\"martina.crevar@krka.biz\",\"Tel. +38 516312155\",\"Fax +38 516312153\"]","timestamp":"2025-07-25T16:03:47.421Z"}
{"level":"warn","message":"Skipping invalid key in record: ","timestamp":"2025-07-25T16:03:47.421Z"}
{"level":"warn","message":"Invalid contact format (non-string) for record with PIP number EMEA-000063-PIP01-07-M01: [\"Merck Sharp and Dohme (Europe)\",\"Inc.\",\"Belgium\",\"Tel. +33 180464738\",\"E-mail: pip.information@merck.com\"]","timestamp":"2025-07-25T16:03:47.421Z"}
{"level":"warn","message":"Skipping invalid key in record: ","timestamp":"2025-07-25T16:03:47.421Z"}
{"level":"warn","message":"Skipping invalid key in record: ","timestamp":"2025-07-25T16:03:47.421Z"}
{"level":"warn","message":"Invalid contact format (non-string) for record with PIP number EMEA-001322-PIP01-12: [\"Endocyte Europe B.V.\",\"United States\",\"kcarlson@endocyte.com\",\"Phone: +1 7658070658\"]","timestamp":"2025-07-25T16:03:47.421Z"}
{"level":"warn","message":"Skipping invalid key in record: ","timestamp":"2025-07-25T16:03:47.421Z"}
{"level":"warn","message":"Invalid contact format (non-string) for record with PIP number EMEA-001321-PIP01-12: [\"Endocyte Europe B.V.\",\"United States\",\"kcarlson@endocyte.com\",\"Phone: +1 7658070658\"]","timestamp":"2025-07-25T16:03:47.421Z"}
{"level":"warn","message":"Skipping invalid key in record: ","timestamp":"2025-07-25T16:03:47.421Z"}
{"level":"warn","message":"Invalid contact format (non-string) for record with PIP number EMEA-001342-PIP01-12: [\"Ferrer Internacional\",\"S.A.\",\"E-mail: smartin@ferrer.com​\",\"Tel. +34 9350 93227\"]","timestamp":"2025-07-25T16:03:47.421Z"}
{"level":"warn","message":"Skipping invalid key in record: ","timestamp":"2025-07-25T16:03:47.422Z"}
{"level":"warn","message":"Invalid contact format (non-string) for record with PIP number EMEA-001320-PIP01-12: [\"Teva Pharma B.V.\",\"Croatia\",\"lidija.brnic@pliva.com\",\"Phone: +38 513722150\"]","timestamp":"2025-07-25T16:03:47.422Z"}
{"level":"warn","message":"Skipping invalid key in record: ","timestamp":"2025-07-25T16:03:47.422Z"}
{"level":"warn","message":"Invalid contact format (non-string) for record with PIP number EMEA-001319-PIP01-12: [\"Zentiva\",\"k.s.\",\"Czech Republic\",\"blanka.zoubkova@zentiva.com\",\"Tel. +42 0267243574\"]","timestamp":"2025-07-25T16:03:47.422Z"}
{"level":"warn","message":"Skipping invalid key in record: ","timestamp":"2025-07-25T16:03:47.422Z"}
{"level":"warn","message":"Invalid contact format (non-string) for record with PIP number EMEA-001302-PIP01-12: [\"Menarini Ricerche SpA\",\"Italy\",\"prijli@menarini.it\",\"Phone: +39 0555680 633\",\"Fax: +39 0555680689\"]","timestamp":"2025-07-25T16:03:47.422Z"}
{"level":"warn","message":"Skipping invalid key in record: ","timestamp":"2025-07-25T16:03:47.422Z"}
{"level":"warn","message":"Invalid contact format (non-string) for record with PIP number EMEA-001196-PIP01-11: [\"Astrazeneca AB (France)\",\"Tel. +33 609050197\",\"E-mail: solange.rohou@astrazeneca.com\"]","timestamp":"2025-07-25T16:03:47.422Z"}
{"level":"warn","message":"Skipping invalid key in record: ","timestamp":"2025-07-25T16:03:47.422Z"}
{"level":"warn","message":"Invalid contact format (non-string) for record with PIP number EMEA-000439-PIP02-11: [\"Roche Registration Limited\",\"Switzerland\",\"E-mail: info.paediatrics@roche.com\",\"Tel. +41 616879411\",\"Fax +41 616879233\"]","timestamp":"2025-07-25T16:03:47.422Z"}
{"level":"warn","message":"Skipping invalid key in record: ","timestamp":"2025-07-25T16:03:47.422Z"}
{"level":"warn","message":"Invalid contact format (non-string) for record with PIP number EMEA-001294-PIP01-12: [\"Takeda Pharma A/S\",\"Lars.olsen@takeda.com\",\"Tel. : +45 46771111\",\"Fax: +45 46756560\"]","timestamp":"2025-07-25T16:03:47.422Z"}
{"level":"warn","message":"Skipping invalid key in record: ","timestamp":"2025-07-25T16:03:47.422Z"}
{"level":"warn","message":"Invalid contact format (non-string) for record with PIP number EMEA-001269-PIP01-12: [\"EGIS Pharmaceuticals PLC\",\"Hungary\",\"registry@egis.hu\",\"Phone: +36 18032414\",\"Fax: +36 18032415\"]","timestamp":"2025-07-25T16:03:47.422Z"}
{"level":"warn","message":"Skipping invalid key in record: ","timestamp":"2025-07-25T16:03:47.423Z"}
{"level":"warn","message":"Invalid contact format (non-string) for record with PIP number EMEA-000235-PIP02-10-M02: [\"Otsuka Pharmaceutical Europe Ltd.\",\"E-mail: medinfo.emea@bms.com\",\"Country: United Kingdom\",\"Tel. +44 1895 523686\",\"Fax +44 1895 52378\"]","timestamp":"2025-07-25T16:03:47.423Z"}
{"level":"warn","message":"Skipping invalid key in record: ","timestamp":"2025-07-25T16:03:47.423Z"}
{"level":"warn","message":"Invalid contact format (non-string) for record with PIP number EMEA-000510-PIP02-10-M02: [\"Orfagen\",\"France\",\"E-mail: info@orfagen.com\",\"Tel. +33 5345 06457\",\"Fax +33 5345 03457\"]","timestamp":"2025-07-25T16:03:47.423Z"}
{"level":"warn","message":"Skipping invalid key in record: ","timestamp":"2025-07-25T16:03:47.423Z"}
{"level":"warn","message":"Invalid contact format (non-string) for record with PIP number EMEA-001051-PIP01-10-M03: [\"MedImmune Limited\",\"United Kingdom\",\"paediatrics@medimmune.com\",\"Phone: +44 1223 471471\",\"Fax: +44 1223 890339\"]","timestamp":"2025-07-25T16:03:47.423Z"}
{"level":"warn","message":"Skipping invalid key in record: ","timestamp":"2025-07-25T16:03:47.423Z"}
{"level":"warn","message":"Invalid contact format (non-string) for record with PIP number EMEA-000302-PIP01-08-M03: [\"Kowa Pharmaceutical Europe Company Ltd\",\"E-mail: nhounslow@kowa.co.uk\",\"Country: United Kingdom\",\"Phone: +44 1189229000\"]","timestamp":"2025-07-25T16:03:47.423Z"}
{"level":"warn","message":"Skipping invalid key in record: ","timestamp":"2025-07-25T16:03:47.423Z"}
{"level":"warn","message":"Invalid contact format (non-string) for record with PIP number EMEA-000301-PIP01-08-M03: [\"Kowa Pharmaceutical Europe Company Ltd\",\"E-mail: nhounslow@kowa.co.uk\",\"Country: United Kingdom\",\"Phone: +44 118922900\"]","timestamp":"2025-07-25T16:03:47.423Z"}
{"level":"info","message":"CSV Headers: Decision number,PIP number,Active substance,Invented name,Therapeutic area,Pharmaceutical forms,Condition / indication,Routes of administration,Decision type,Decision date,Compliance outcome,Compliance opinion date,Compliance procedure number,Contact for public enquiries,First published date,Last updated date,PIP URL,","timestamp":"2025-07-25T16:03:47.423Z"}
{"level":"warn","message":"Skipping invalid key in record: ","timestamp":"2025-07-25T16:03:47.423Z"}
{"level":"warn","message":"Invalid contact format (non-string) for record with PIP number EMEA-000404-PIP02-12: [\"Glaxo Group Ltd\",\"Tel. +41 613241111\",\"E-mail: paediatric.enquiries@novartis.com\"]","timestamp":"2025-07-25T16:03:47.423Z"}
{"level":"warn","message":"Skipping invalid key in record: ","timestamp":"2025-07-25T16:03:47.423Z"}
{"level":"warn","message":"Invalid contact format (non-string) for record with PIP number EMEA-001300-PIP01-12: [\"Amarin Pharmaceuticals Ireland Limited\",\"United States\",\"libette.luce@amarincorp.com\",\"+1 9083261233\"]","timestamp":"2025-07-25T16:03:47.423Z"}
{"level":"warn","message":"Skipping invalid key in record: ","timestamp":"2025-07-25T16:03:47.424Z"}
{"level":"warn","message":"Skipping invalid key in record: ","timestamp":"2025-07-25T16:03:47.424Z"}
{"level":"warn","message":"Invalid contact format (non-string) for record with PIP number EMEA-001279-PIP01-12: [\"Laboratorios del Dr. Esteve S.A.\",\"Spain\",\"evalenti@esteve.es\",\"+34 934466000\"]","timestamp":"2025-07-25T16:03:47.424Z"}
{"level":"warn","message":"Skipping invalid key in record: ","timestamp":"2025-07-25T16:03:47.424Z"}
{"level":"warn","message":"Invalid contact format (non-string) for record with PIP number EMEA-001291-PIP01-12: [\"Gedeon Richter Plc.\",\"Hungary\",\"mrprichter@richter.hu\",\"Phone: +36 14314040\",\"Fax: +36 14315415\"]","timestamp":"2025-07-25T16:03:47.424Z"}
{"level":"warn","message":"Skipping invalid key in record: ","timestamp":"2025-07-25T16:03:47.424Z"}
{"level":"warn","message":"Invalid contact format (non-string) for record with PIP number EMEA-001277-PIP01-12: [\"Voisin Consulting\",\"United States\",\"irpr_info@info.com\",\"Phone: +1 6174531336\",\"Fax: +1 6174531001\"]","timestamp":"2025-07-25T16:03:47.424Z"}
{"level":"warn","message":"Skipping invalid key in record: ","timestamp":"2025-07-25T16:03:47.424Z"}
{"level":"warn","message":"Invalid contact format (non-string) for record with PIP number EMEA-001275-PIP01-12: [\"Merck Sharp & Dohme (Europe)\",\"Inc.\",\"Belgium\",\"E-mail: pip.information@merck.com\",\"Tel. +31 412663179\",\"Fax +31 412662571\"]","timestamp":"2025-07-25T16:03:47.424Z"}
{"level":"warn","message":"Skipping invalid key in record: ","timestamp":"2025-07-25T16:03:47.424Z"}
{"level":"warn","message":"Invalid contact format (non-string) for record with PIP number EMEA-001278-PIP01-12: [\"EGIS Pharmaceuticals PLC\",\"Country: Hungary\",\"E-mail: registry@egis.hu\",\"Tel. +36 1803 2414\",\"Fax +36 18032415\"]","timestamp":"2025-07-25T16:03:47.424Z"}
{"level":"warn","message":"Skipping invalid key in record: ","timestamp":"2025-07-25T16:03:47.424Z"}
{"level":"warn","message":"Invalid contact format (non-string) for record with PIP number EMEA-001274-PIP01-12: [\"Biovest Europe Ltd.\",\"Country: United States\",\"dwcalder@accentia.net\",\"Phone: +1 8138642558\",\"Fax: +1 8132586912\"]","timestamp":"2025-07-25T16:03:47.424Z"}
{"level":"warn","message":"Skipping invalid key in record: ","timestamp":"2025-07-25T16:03:47.424Z"}
{"level":"warn","message":"Invalid contact format (non-string) for record with PIP number EMEA-001216-PIP01-12: [\"Santen Oy\",\"mail@santen.de\",\"Finland\",\"+49 8984807822\",\"+49 8984807860\"]","timestamp":"2025-07-25T16:03:47.424Z"}
{"level":"warn","message":"Skipping invalid key in record: ","timestamp":"2025-07-25T16:03:47.424Z"}
{"level":"warn","message":"Invalid contact format (non-string) for record with PIP number EMEA-001192-PIP01-11: [\"Bristol-Myers Squibb International Corporation\",\"Tel. +44 1895523740\",\"E-mail: medical.information@bms.com\"]","timestamp":"2025-07-25T16:03:47.424Z"}
{"level":"warn","message":"Skipping invalid key in record: ","timestamp":"2025-07-25T16:03:47.425Z"}
{"level":"warn","message":"Invalid contact format (non-string) for record with PIP number EMEA-001190-PIP01-11: [\"Bristol-Myers Squibb International Corporation\",\"Tel. +44 1895523740\",\"E-mail: medical.information@bms.com\"]","timestamp":"2025-07-25T16:03:47.425Z"}
{"level":"warn","message":"Skipping invalid key in record: ","timestamp":"2025-07-25T16:03:47.425Z"}
{"level":"warn","message":"Invalid contact format (non-string) for record with PIP number EMEA-001159-PIP02-12: [\"Ferring pharmaceuticals A/S\",\"gb3-info@ferring.com\",\"United Kingdom\",\"+44 1355293166\",\"+44 1355269661\"]","timestamp":"2025-07-25T16:03:47.425Z"}
{"level":"warn","message":"Skipping invalid key in record: ","timestamp":"2025-07-25T16:03:47.425Z"}
{"level":"warn","message":"Invalid contact format (non-string) for record with PIP number EMEA-001284-PIP01-12: [\"Daiichi Sankyo Development Limited\",\"kourumova@dsd-eu.com\",\"United Kingdom\",\"+44 1753482813\",\"+44 1753899107\"]","timestamp":"2025-07-25T16:03:47.425Z"}
{"level":"warn","message":"Skipping invalid key in record: ","timestamp":"2025-07-25T16:03:47.425Z"}
{"level":"warn","message":"Invalid contact format (non-string) for record with PIP number EMEA-000006-PIP03-12: [\"Merck Sharp & Dohme Limited\",\"E-mail: regaffairseurope@organon.com\",\"Tel: +31 412770000\"]","timestamp":"2025-07-25T16:03:47.425Z"}
{"level":"warn","message":"Skipping invalid key in record: ","timestamp":"2025-07-25T16:03:47.425Z"}
{"level":"warn","message":"Invalid contact format (non-string) for record with PIP number EMEA-000007-PIP04-12: [\"Merck Sharp & Dohme Limited\",\"E-mail: regaffairseurope@organon.com\",\"Tel: +31 412770000\"]","timestamp":"2025-07-25T16:03:47.425Z"}
{"level":"warn","message":"Skipping invalid key in record: ","timestamp":"2025-07-25T16:03:47.425Z"}
{"level":"warn","message":"Invalid contact format (non-string) for record with PIP number EMEA-000414-PIP02-11: [\"Orphagen\",\"info@orfagen.com\",\"France\",\"+33 534506458\",\"+33 534503458\"]","timestamp":"2025-07-25T16:03:47.425Z"}
{"level":"warn","message":"Skipping invalid key in record: ","timestamp":"2025-07-25T16:03:47.426Z"}
{"level":"warn","message":"Invalid contact format (non-string) for record with PIP number EMEA-001110-PIP01-10-M01: [\"Octapharma Pharmazeutika Produktionsges.m.b.H\",\"wolfgang.frenzel@octapharma.com\",\"Austria\",\"+ 43 1610321201\",\"+ 43 1610329249\"]","timestamp":"2025-07-25T16:03:47.426Z"}
{"level":"warn","message":"Skipping invalid key in record: ","timestamp":"2025-07-25T16:03:47.427Z"}
{"level":"warn","message":"Invalid contact format (non-string) for record with PIP number EMEA-000556-PIP01-09-M02: [\"Shire Pharmaceuticals Ireland Limited\",\"medinfouk@shire.com\",\"United Kingdom\",\"Phone +44 1256894000\"]","timestamp":"2025-07-25T16:03:47.427Z"}
{"level":"warn","message":"Skipping invalid key in record: ","timestamp":"2025-07-25T16:03:47.427Z"}
{"level":"warn","message":"Invalid contact format (non-string) for record with PIP number EMEA-000036-PIP01-07-M06: [\"Pfizer Limited\",\"Tel. + 44 1304646607\",\"E-mail: pip_enquiries@pfizer.com\"]","timestamp":"2025-07-25T16:03:47.427Z"}
{"level":"warn","message":"Skipping invalid key in record: ","timestamp":"2025-07-25T16:03:47.427Z"}
{"level":"warn","message":"Invalid contact format (non-string) for record with PIP number EMEA-001144-PIP01-11: [\"Norgine Ltd\",\"United Kingdom\",\"enquiries@norgine.com\",\"+44 1895 826600\"]","timestamp":"2025-07-25T16:03:47.427Z"}
{"level":"warn","message":"Skipping invalid key in record: ","timestamp":"2025-07-25T16:03:47.427Z"}
{"level":"warn","message":"Invalid contact format (non-string) for record with PIP number EMEA-000724-PIP02-11: [\"Debiopharm International SA\",\"E-mail: regulatory.affairs@debiopharm.com\",\"Tel. +41 2131 10111\"]","timestamp":"2025-07-25T16:03:47.427Z"}
{"level":"warn","message":"Skipping invalid key in record: ","timestamp":"2025-07-25T16:03:47.427Z"}
{"level":"warn","message":"Invalid contact format (non-string) for record with PIP number EMEA-001145-PIP01-10: [\"Ixodes AG\",\"Zürih\",\"Switzerland\",\"ixodesag@bluewin.ch\",\"+41 432680565\",\"+41 432680864\"]","timestamp":"2025-07-25T16:03:47.427Z"}
{"level":"warn","message":"Skipping invalid key in record: ","timestamp":"2025-07-25T16:03:47.427Z"}
{"level":"warn","message":"Invalid contact format (non-string) for record with PIP number EMEA-000035-PIP01-07-M05: [\"Boehringer Ingelheim International GmbH\",\"Tel. +49 6132 778271\",\"Email: Paediatrics@boehringer-ingelheim.com\"]","timestamp":"2025-07-25T16:03:47.427Z"}
{"level":"warn","message":"Skipping invalid key in record: ","timestamp":"2025-07-25T16:03:47.427Z"}
{"level":"warn","message":"Invalid contact format (non-string) for record with PIP number EMEA-001065-PIP01-10: [\"The Medicines Company UK Limited\",\"United Kingdom\",\"camille.debray@themedco.com\",\"+44 1235 448500\",\"+44 1235 835561\"]","timestamp":"2025-07-25T16:03:47.427Z"}
{"level":"warn","message":"Skipping invalid key in record: ","timestamp":"2025-07-25T16:03:47.427Z"}
{"level":"warn","message":"Invalid contact format (non-string) for record with PIP number EMEA-001266-PIP01-12: [\"AB Science\",\"France\",\"a.moussy@ab-science.com\",\"+33 147200014\",\"+33 147202411\"]","timestamp":"2025-07-25T16:03:47.427Z"}
{"level":"warn","message":"Skipping invalid key in record: ","timestamp":"2025-07-25T16:03:47.427Z"}
{"level":"warn","message":"Invalid contact format (non-string) for record with PIP number EMEA-001247-PIP01-11: [\"Synthon B.V.\",\"Germany\",\"avril.mankel@ndareg.com\",\"+49 89 35854009\",\"+49 89 35854010\"]","timestamp":"2025-07-25T16:03:47.427Z"}
{"level":"warn","message":"Skipping invalid key in record: ","timestamp":"2025-07-25T16:03:47.428Z"}
{"level":"warn","message":"Invalid contact format (non-string) for record with PIP number EMEA-001232-PIP01-11: [\"GlaxoSmithKline Trading Services Limited\",\"United Kingdom\",\"admin@wainwrightassociates.co.uk\",\"+44 1628530554\"]","timestamp":"2025-07-25T16:03:47.428Z"}
{"level":"warn","message":"Skipping invalid key in record: ","timestamp":"2025-07-25T16:03:47.428Z"}
{"level":"warn","message":"Invalid contact format (non-string) for record with PIP number EMEA-000917-PIP02-11: [\"Allergan Pharmaceuticals International Limited\",\"E-mail: ml-eu_reg_affairs@allergan.com\",\"Tel. +44 (0)1628 4944444\"]","timestamp":"2025-07-25T16:03:47.428Z"}
{"level":"warn","message":"Skipping invalid key in record: ","timestamp":"2025-07-25T16:03:47.428Z"}
{"level":"warn","message":"Invalid contact format (non-string) for record with PIP number EMEA-001252-PIP01-11: [\"Bayer Pharma AG\",\"Germany\",\"pediatrics.medical-affairs-europe@bayerhealthcare.com\",\"+49 3046815333\",\"+49 3046895333\"]","timestamp":"2025-07-25T16:03:47.428Z"}
{"level":"warn","message":"Skipping invalid key in record: ","timestamp":"2025-07-25T16:03:47.428Z"}
{"level":"warn","message":"Invalid contact format (non-string) for record with PIP number EMEA-000266-PIP01-08-M01: [\"Toray International U.K. Limited\",\"E-mail: nalfurafine_pip@toray-intl.co.uk\",\"Country: United Kingdom\",\"Phone: +44 2076637760\",\"Fax: +44 2076637770\"]","timestamp":"2025-07-25T16:03:47.428Z"}
{"level":"warn","message":"Skipping invalid key in record: ","timestamp":"2025-07-25T16:03:47.428Z"}
{"level":"warn","message":"Invalid contact format (non-string) for record with PIP number Human normal immunoglobulin: [\"Orfagen\",\"E-mail: info@orfagen.com\",\"Country: France\",\"Phone: + 33 5354506457\",\"Fax: +33 534503457\"]","timestamp":"2025-07-25T16:03:47.428Z"}
{"level":"warn","message":"Skipping invalid key in record: ","timestamp":"2025-07-25T16:03:47.428Z"}
{"level":"warn","message":"Invalid contact format (non-string) for record with PIP number EMEA-000015-PIP01-07-M04: [\"Shionogi Limited\",\"E-mail: joe.gaugas@shionogi.co.uk\",\"Tel. +44 (0)20 3609 8660\"]","timestamp":"2025-07-25T16:03:47.428Z"}
{"level":"warn","message":"Skipping invalid key in record: ","timestamp":"2025-07-25T16:03:47.428Z"}
{"level":"warn","message":"Invalid contact format (non-string) for record with PIP number EMEA-001257-PIP01-11: [\"Sandoz BV\",\"The Netherlands\",\"Phone: +31 365241700\",\"caroline.kleinjan@sandoz.com\"]","timestamp":"2025-07-25T16:03:47.428Z"}
{"level":"warn","message":"Skipping invalid key in record: ","timestamp":"2025-07-25T16:03:47.428Z"}
{"level":"warn","message":"Skipping invalid key in record: ","timestamp":"2025-07-25T16:03:47.428Z"}
{"level":"warn","message":"Invalid contact format (non-string) for record with PIP number EMEA-001212-PIP01-11: [\"Swedish Orphan Biovitrum AB\",\"christina.rickhammar@sobi.com\",\"Country: Sweden\",\"Phone: +46 86972000\"]","timestamp":"2025-07-25T16:03:47.429Z"}
{"level":"warn","message":"Skipping invalid key in record: ","timestamp":"2025-07-25T16:03:47.429Z"}
{"level":"warn","message":"Invalid contact format (non-string) for record with PIP number EMEA-001218-PIP01-11: [\"Kythera Biopharmaceuticals (Europe) Limited\",\"United Kingdom\",\"Email: dstroehmann@kytherabiopharma.com\",\"Tel. +1 818 587 4521\",\"Fax +1 818 587 4591\"]","timestamp":"2025-07-25T16:03:47.429Z"}
{"level":"warn","message":"Skipping invalid key in record: ","timestamp":"2025-07-25T16:03:47.429Z"}
{"level":"warn","message":"Invalid contact format (non-string) for record with PIP number EMEA-000488-PIP02-11: [\"Advanced Accelerator Applications\",\"Email: infomed@adacap.com\",\"Tel. +33 (0)450993070\"]","timestamp":"2025-07-25T16:03:47.429Z"}
{"level":"warn","message":"Skipping invalid key in record: ","timestamp":"2025-07-25T16:03:47.429Z"}
{"level":"warn","message":"Invalid contact format (non-string) for record with PIP number EMEA-001121-PIP01-10: [\"Clavis Pharma ASA\",\"Norway\",\"mail@clavispharma.com\",\"+47 24110850\",\"+47 24110951\"]","timestamp":"2025-07-25T16:03:47.429Z"}
{"level":"warn","message":"Skipping invalid key in record: ","timestamp":"2025-07-25T16:03:47.429Z"}
{"level":"warn","message":"Invalid contact format (non-string) for record with PIP number EMEA-000394-PIP01-08-M01: [\"Sanofi Pasteur MSD SNC\",\"E-mail: piplan@spmsd.com\",\"Country: France\",\"Phone: + 33 437284000\"]","timestamp":"2025-07-25T16:03:47.429Z"}
{"level":"warn","message":"Skipping invalid key in record: ","timestamp":"2025-07-25T16:03:47.429Z"}
{"level":"warn","message":"Invalid contact format (non-string) for record with PIP number EMEA-000736-PIP01-09: [\"Fidia Advanced Biopolymers S.r.l.\",\"info@fidiapharma.it\",\"Italy\",\"+39 0498232111\"]","timestamp":"2025-07-25T16:03:47.429Z"}
{"level":"warn","message":"Skipping invalid key in record: ","timestamp":"2025-07-25T16:03:47.429Z"}
{"level":"warn","message":"Skipping invalid key in record: ","timestamp":"2025-07-25T16:03:47.429Z"}
{"level":"warn","message":"Invalid contact format (non-string) for record with PIP number EMEA-001223-PIP01-11: [\"S.L.A. Pharma (UK) Limited\",\"United Kingdom\",\"info@slapharma.com\",\"+44 1923 681001\",\"+44 1923 681221\"]","timestamp":"2025-07-25T16:03:47.429Z"}
{"level":"info","message":"CSV Headers: Decision number,PIP number,Active substance,Invented name,Therapeutic area,Pharmaceutical forms,Condition / indication,Routes of administration,Decision type,Decision date,Compliance outcome,Compliance opinion date,Compliance procedure number,Contact for public enquiries,First published date,Last updated date,PIP URL,","timestamp":"2025-07-25T16:03:47.429Z"}
{"level":"warn","message":"Skipping invalid key in record: ","timestamp":"2025-07-25T16:03:47.429Z"}
{"level":"warn","message":"Invalid contact format (non-string) for record with PIP number EMEA-000530-PIP02-11: [\"Keocyt SAS\",\"catherine.lallier@keocyt.com\",\"France\",\"+33 1423107\",\"+33 142312379\"]","timestamp":"2025-07-25T16:03:47.430Z"}
{"level":"warn","message":"Skipping invalid key in record: ","timestamp":"2025-07-25T16:03:47.430Z"}
{"level":"warn","message":"Invalid contact format (non-string) for record with PIP number EMEA-001198-PIP01-11: [\"Helsinn Birex Pharmaceuticals Limited\",\"E-mail: paediatrics-netu@helsinn.com\",\"Tel. +41 9198 51950\"]","timestamp":"2025-07-25T16:03:47.430Z"}
{"level":"warn","message":"Skipping invalid key in record: ","timestamp":"2025-07-25T16:03:47.430Z"}
{"level":"warn","message":"Invalid contact format (non-string) for record with PIP number EMEA-000711-PIP01-09: [\"EPMC Pharma SPRL\",\"hugo.lagercrantz@ki.se\",\"Sweden\",\"+46 8 7098 45273\",\"+46 8 5177 7353\"]","timestamp":"2025-07-25T16:03:47.430Z"}
{"level":"warn","message":"Skipping invalid key in record: ","timestamp":"2025-07-25T16:03:47.430Z"}
{"level":"warn","message":"Invalid contact format (non-string) for record with PIP number EMEA-001165-PIP01-11: [\"United Therapeutics Europe Ltd\",\"info1@unither.com\",\"United Kingdom\",\"+44 1932573800\",\"+44 1932571110\"]","timestamp":"2025-07-25T16:03:47.430Z"}
{"level":"warn","message":"Skipping invalid key in record: ","timestamp":"2025-07-25T16:03:47.430Z"}
{"level":"warn","message":"Invalid contact format (non-string) for record with PIP number EMEA-000463-PIP01-08-M03: [\"Novartis Europharm Limited\",\"paediatric.enquiries@novartis.com\",\"Country: Switzerland\",\"Phone: +41 61 324 6715\",\"Fax: +41 61 324 2224\"]","timestamp":"2025-07-25T16:03:47.430Z"}
{"level":"warn","message":"Skipping invalid key in record: ","timestamp":"2025-07-25T16:03:47.430Z"}
{"level":"warn","message":"Invalid contact format (non-string) for record with PIP number EMEA-000562-PIP01-09-M01: [\"Sanofi-aventis Recherche & Développement\",\"France\",\"frederique.maneval@sanofi-aventis.com\",\"+33 169495011\"]","timestamp":"2025-07-25T16:03:47.430Z"}
{"level":"warn","message":"Skipping invalid key in record: ","timestamp":"2025-07-25T16:03:47.431Z"}
{"level":"warn","message":"Invalid contact format (non-string) for record with PIP number EMEA-001042-PIP02-11: [\"Teva Pharma B.V.\",\"E-mail: info@ratiopharm.de\",\"Tel. : +49 73140202\",\"Fax: +49 7314027832\"]","timestamp":"2025-07-25T16:03:47.431Z"}
{"level":"warn","message":"Skipping invalid key in record: ","timestamp":"2025-07-25T16:03:47.431Z"}
{"level":"warn","message":"Invalid contact format (non-string) for record with PIP number EMEA-001134-PIP01-11: [\"LFB Biotechnologies\",\"France\",\"roussariec@lfb.fr\",\"+33 169828842\",\"+33 169827182\"]","timestamp":"2025-07-25T16:03:47.431Z"}
{"level":"warn","message":"Skipping invalid key in record: ","timestamp":"2025-07-25T16:03:47.431Z"}
{"level":"warn","message":"Invalid contact format (non-string) for record with PIP number EMEA-001193-PIP01-11: [\"Novo Nordisk A/S\",\"Denmark\",\"mbse@novonordisk.com\",\"+45 30796941\",\"+45 39699173\"]","timestamp":"2025-07-25T16:03:47.431Z"}
{"level":"warn","message":"Skipping invalid key in record: ","timestamp":"2025-07-25T16:03:47.431Z"}
{"level":"warn","message":"Invalid contact format (non-string) for record with PIP number EMEA-001075-PIP01-10: [\"Amgen Europe B.V\",\"United Kingdom\",\"pipenquiry@amgen.com\",\"+ 44 1223420305\",\"+ 44 1223426814\"]","timestamp":"2025-07-25T16:03:47.431Z"}
{"level":"warn","message":"Skipping invalid key in record: ","timestamp":"2025-07-25T16:03:47.431Z"}
{"level":"warn","message":"Invalid contact format (non-string) for record with PIP number EMEA-000770-PIP02-11: [\"Auris Medical Limited\",\"Ireland\",\"ear@aurismedical.com\",\"+353 766154675\",\"+353 16853040\"]","timestamp":"2025-07-25T16:03:47.431Z"}
{"level":"warn","message":"Skipping invalid key in record: ","timestamp":"2025-07-25T16:03:47.431Z"}
{"level":"warn","message":"Skipping invalid key in record: ","timestamp":"2025-07-25T16:03:47.431Z"}
{"level":"warn","message":"Invalid contact format (non-string) for record with PIP number EMEA-001120-PIP01-10: [\"Neurosis Consortium\",\"dirk.bassler@med.uni-tuebingen.de\",\"German\",\"+49 7071 29 80898\",\"+49 7071 29 4471\"]","timestamp":"2025-07-25T16:03:47.431Z"}
{"level":"warn","message":"Skipping invalid key in record: ","timestamp":"2025-07-25T16:03:47.431Z"}
{"level":"warn","message":"Invalid contact format (non-string) for record with PIP number EMEA-001117-PIP01-10: [\"S.L.A. Pharma (UK) Limited\",\"info@slapharma.com\",\"United Kingdom\",\"+44 1923681001\",\"+44 1923681 221\"]","timestamp":"2025-07-25T16:03:47.431Z"}
{"level":"warn","message":"Skipping invalid key in record: ","timestamp":"2025-07-25T16:03:47.432Z"}
{"level":"warn","message":"Invalid contact format (non-string) for record with PIP number EMEA-000800-PIP01-09-M01: [\"Sanofi-aventis recherche & developpement\",\"France\",\"E-mail: sylvie.gabriel@sanofi-aventis.com\",\"Tel. +33 1537 74152\",\"Fax +33 1537 74133\"]","timestamp":"2025-07-25T16:03:47.432Z"}
{"level":"warn","message":"Skipping invalid key in record: ","timestamp":"2025-07-25T16:03:47.432Z"}
{"level":"warn","message":"Invalid contact format (non-string) for record with PIP number EMEA-001182-PIP01-11: [\"Boehringer Ingelheim International GmbH\",\"Tel. +49 6132 778271\",\"Email: Paediatrics@boehringer-ingelheim.com\"]","timestamp":"2025-07-25T16:03:47.432Z"}
{"level":"warn","message":"Skipping invalid key in record: ","timestamp":"2025-07-25T16:03:47.432Z"}
{"level":"warn","message":"Invalid contact format (non-string) for record with PIP number EMEA-001163-PIP01-11: [\"TEVA Pharma B.V.\",\"Croatia\",\"lidija.brnic@tevapharm.com\",\"+38 53722150\"]","timestamp":"2025-07-25T16:03:47.432Z"}
{"level":"warn","message":"Skipping invalid key in record: ","timestamp":"2025-07-25T16:03:47.432Z"}
{"level":"warn","message":"Invalid contact format (non-string) for record with PIP number EMEA-000026-PIP02-11: [\"Pfizer Limited\",\"Tel. + 44 1304646607\",\"E-mail: pip_enquiries@pfizer.com\"]","timestamp":"2025-07-25T16:03:47.432Z"}
{"level":"warn","message":"Skipping invalid key in record: ","timestamp":"2025-07-25T16:03:47.432Z"}
{"level":"warn","message":"Invalid contact format (non-string) for record with PIP number EMEA-001069-PIP01-10: [\"Repligen Europe Limited\",\"USA\",\"kjauregui@repligen.com\",\"+1 7814191821\"]","timestamp":"2025-07-25T16:03:47.432Z"}
{"level":"warn","message":"Skipping invalid key in record: ","timestamp":"2025-07-25T16:03:47.432Z"}
{"level":"warn","message":"Invalid contact format (non-string) for record with PIP number EMEA-001172-PIP01-11: [\"Alcon Laboratories (UK) Ltd.\",\"Doug.MacHatton@AlconLabs.com\",\"United States\",\"Phone: +1 8175518974\",\"Fax: +1 8176154607\"]","timestamp":"2025-07-25T16:03:47.433Z"}
{"level":"warn","message":"Skipping invalid key in record: ","timestamp":"2025-07-25T16:03:47.433Z"}
{"level":"warn","message":"Skipping invalid key in record: ","timestamp":"2025-07-25T16:03:47.433Z"}
{"level":"warn","message":"Invalid contact format (non-string) for record with PIP number EMEA-000287-PIP02-10: [\"Eurand Pharmaceuticals Limited\",\"Italy\",\"pamela.ventura@eurand.com\",\"+39 0295428347\",\"+39 0295745018\"]","timestamp":"2025-07-25T16:03:47.433Z"}
{"level":"warn","message":"Skipping invalid key in record: ","timestamp":"2025-07-25T16:03:47.434Z"}
{"level":"warn","message":"Invalid contact format (non-string) for record with PIP number EMEA-001184-PIP01-11: [\"Boehringer Ingelheim International GmbH\",\"Tel. +49 6132 778271\",\"Email: Paediatrics@boehringer-ingelheim.com\"]","timestamp":"2025-07-25T16:03:47.434Z"}
{"level":"warn","message":"Skipping invalid key in record: ","timestamp":"2025-07-25T16:03:47.434Z"}
{"level":"warn","message":"Invalid contact format (non-string) for record with PIP number EMEA-000637-PIP01-09-M01: [\"Shire Pharmaceutical Contracts Ltd\",\"United Kingdom\",\"Tel. +44 (0)1423 850717\",\"E-mail: medinfoemea@shire.com\"]","timestamp":"2025-07-25T16:03:47.434Z"}
{"level":"warn","message":"Skipping invalid key in record: ","timestamp":"2025-07-25T16:03:47.434Z"}
{"level":"warn","message":"Invalid contact format (non-string) for record with PIP number EMEA-001148-PIP01-11: [\"Avanir Pharmaceuticals\",\"Incorporated\",\"E-mail: arosenthal@avanir.com\",\"Tel.: +1 9493896748\"]","timestamp":"2025-07-25T16:03:47.434Z"}
{"level":"warn","message":"Skipping invalid key in record: ","timestamp":"2025-07-25T16:03:47.434Z"}
{"level":"warn","message":"Invalid contact format (non-string) for record with PIP number EMEA-001109-PIP01-10: [\"Teva Pharmaceuticals Europe B.V.\",\"Country: Croatia\",\"E-mail: ana.lebo@pliva.com\",\"lidija.brnic@pliva.com\",\"Phone: +385 13722875\",\"+385 13722150\",\"Fax: +385 13723157\"]","timestamp":"2025-07-25T16:03:47.434Z"}
{"level":"warn","message":"Skipping invalid key in record: ","timestamp":"2025-07-25T16:03:47.434Z"}
{"level":"warn","message":"Invalid contact format (non-string) for record with PIP number EMEA-001154-PIP01-11: [\"GTC Biotherapeutics UK Limited\",\"E-mail: Dick.Scotland@gtc-bio.com\",\"Tel.: +1 5083705164\"]","timestamp":"2025-07-25T16:03:47.434Z"}
{"level":"warn","message":"Skipping invalid key in record: ","timestamp":"2025-07-25T16:03:47.434Z"}
{"level":"warn","message":"Invalid contact format (non-string) for record with PIP number EMEA-001151-PIP01-11: [\"Bristol-Myers Squibb / AstraZeneca EEIG\",\"Email: medical.information@bms.com\",\"Tel.: +44 1895523740\"]","timestamp":"2025-07-25T16:03:47.434Z"}
{"level":"warn","message":"Skipping invalid key in record: ","timestamp":"2025-07-25T16:03:47.434Z"}
{"level":"warn","message":"Invalid contact format (non-string) for record with PIP number EMEA-000993-PIP01-10: [\"Almirall Hermal GmbH\",\"Country: Germany\",\"E-mail: info@almirall.de\",\"Phone: +49 40727040\",\"Fax: +49 407229296\"]","timestamp":"2025-07-25T16:03:47.434Z"}
{"level":"warn","message":"Skipping invalid key in record: ","timestamp":"2025-07-25T16:03:47.434Z"}
{"level":"warn","message":"Invalid contact format (non-string) for record with PIP number Etanercept: [\"Wyeth Europa Limited\",\"julian.britton@pfizer.com\",\"United Kingdom\",\"Phone: +44 1628692245\"]","timestamp":"2025-07-25T16:03:47.434Z"}
{"level":"warn","message":"Skipping invalid key in record: ","timestamp":"2025-07-25T16:03:47.434Z"}
{"level":"warn","message":"Invalid contact format (non-string) for record with PIP number EMEA-000725-PIP01-09-M03: [\"GlaxoSmithKline Biologicals S.A. (Belgium)\",\"Tel. +1 438 899 8201\",\"Email: eu.paediatric-plans@gsk.com\"]","timestamp":"2025-07-25T16:03:47.435Z"}
{"level":"warn","message":"Skipping invalid key in record: ","timestamp":"2025-07-25T16:03:47.435Z"}
{"level":"warn","message":"Invalid contact format (non-string) for record with PIP number EMEA-000670-PIP01-09-M02: [\"Sanofi Pasteur SA\",\"E-mail: Piplan@sanofipasteur.com\",\"Country: France\",\"Phone: +33 437375038\"]","timestamp":"2025-07-25T16:03:47.435Z"}
{"level":"warn","message":"Skipping invalid key in record: ","timestamp":"2025-07-25T16:03:47.435Z"}
{"level":"warn","message":"Invalid contact format (non-string) for record with PIP number Cholic acid: [\"FGK Representative Service GmbH\",\"E-mail: info@nymox.com\",\"Tel. +1 8009369669\"]","timestamp":"2025-07-25T16:03:47.435Z"}
{"level":"warn","message":"Skipping invalid key in record: ","timestamp":"2025-07-25T16:03:47.435Z"}
{"level":"warn","message":"Invalid contact format (non-string) for record with PIP number P/198/2011: [\"Laboratoire HRA Pharma\",\"regulatory@hra-pharma.com\",\"France\",\"Phone: +33 140331130\",\"Fax: +33 142771060\"]","timestamp":"2025-07-25T16:03:47.435Z"}
{"level":"warn","message":"Skipping invalid key in record: ","timestamp":"2025-07-25T16:03:47.435Z"}
{"level":"warn","message":"Skipping invalid key in record: ","timestamp":"2025-07-25T16:03:47.435Z"}
{"level":"warn","message":"Invalid contact format (non-string) for record with PIP number Human normal immunoglobulin: [\"LFB Biotechnologies\",\"micardt@lfb.fr\",\"France\",\"Phone: +33 169828842\",\"Fax: +33 169827182\"]","timestamp":"2025-07-25T16:03:47.435Z"}
{"level":"warn","message":"Skipping invalid key in record: ","timestamp":"2025-07-25T16:03:47.435Z"}
{"level":"warn","message":"Invalid contact format (non-string) for record with PIP number EMEA-001138-PIP02-11: [\"Gedeon Richter Plc.\",\"mrpRichter@richter.hu\",\"Hungary\",\"Phone +36 1 431 4040\",\"Fax +36 1 431 5415\"]","timestamp":"2025-07-25T16:03:47.435Z"}
{"level":"warn","message":"Skipping invalid key in record: ","timestamp":"2025-07-25T16:03:47.435Z"}
{"level":"warn","message":"Invalid contact format (non-string) for record with PIP number EMEA-001135-PIP01-11: [\"Eli Lilly & Company Limited\",\"E-mail: eu_paediatric@lilly.com\",\"Tel. +44 (0)1276 483000\"]","timestamp":"2025-07-25T16:03:47.435Z"}
{"level":"warn","message":"Skipping invalid key in record: ","timestamp":"2025-07-25T16:03:47.435Z"}
{"level":"warn","message":"Skipping invalid key in record: ","timestamp":"2025-07-25T16:03:47.435Z"}
{"level":"warn","message":"Invalid contact format (non-string) for record with PIP number EMEA-001090-PIP01-11: [\"Bayer Schering Pharma AG\",\"ulrike.bodesheim@bayer.com\",\"Germany\",\"Phone +49 3046818208\"]","timestamp":"2025-07-25T16:03:47.435Z"}
{"level":"warn","message":"Skipping invalid key in record: ","timestamp":"2025-07-25T16:03:47.435Z"}
{"level":"warn","message":"Invalid contact format (non-string) for record with PIP number EMEA-000236-PIP03-11: [\"Bayer Schering Pharma AG\",\"pediatrics.medical-affairs-europe@bayerhealthcare.com\",\"Germany\",\"Phone: +49 3046815333\",\"Fax: +49 3046895333\"]","timestamp":"2025-07-25T16:03:47.436Z"}
{"level":"warn","message":"Skipping invalid key in record: ","timestamp":"2025-07-25T16:03:47.436Z"}
{"level":"info","message":"CSV Headers: Decision number,PIP number,Active substance,Invented name,Therapeutic area,Pharmaceutical forms,Condition / indication,Routes of administration,Decision type,Decision date,Compliance outcome,Compliance opinion date,Compliance procedure number,Contact for public enquiries,First published date,Last updated date,PIP URL,","timestamp":"2025-07-25T16:03:47.436Z"}
{"level":"warn","message":"Skipping invalid key in record: ","timestamp":"2025-07-25T16:03:47.436Z"}
{"level":"warn","message":"Skipping invalid key in record: ","timestamp":"2025-07-25T16:03:47.436Z"}
{"level":"warn","message":"Invalid contact format (non-string) for record with PIP number EMEA-000014-PIP01-07-M06: [\"Janssen-Cilag International NV\",\"bbyl@gcpbe.jnj.com\",\"Belgium\",\"Phone: +32 14607172\",\"Fax: +32 473839426\"]","timestamp":"2025-07-25T16:03:47.436Z"}
{"level":"warn","message":"Skipping invalid key in record: ","timestamp":"2025-07-25T16:03:47.436Z"}
{"level":"warn","message":"Invalid contact format (non-string) for record with PIP number EMEA-001034-PIP01-10: [\"Wockhardt UK Ltd\",\"gordon.urquhart@wockhardt.co.uk\",\"United Kingdom\",\"Phone: +44 1961773934\"]","timestamp":"2025-07-25T16:03:47.436Z"}
{"level":"warn","message":"Skipping invalid key in record: ","timestamp":"2025-07-25T16:03:47.436Z"}
{"level":"warn","message":"Invalid contact format (non-string) for record with PIP number EMEA-001128-PIP01-10: [\"Takeda Global Research and Development Centre (Europe) Ltd\",\"paediatrics@tgrd.com\",\"United Kingdom\",\"Phone: +44 2031168237\",\"Fax: +44 2031168250\"]","timestamp":"2025-07-25T16:03:47.436Z"}
{"level":"warn","message":"Skipping invalid key in record: ","timestamp":"2025-07-25T16:03:47.436Z"}
{"level":"warn","message":"Invalid contact format (non-string) for record with PIP number EMEA-001007-PIP01-10: [\"Allergan Pharmaceuticals International Limited\",\"E-mail: ml-eu_reg_affairs@allergan.com\",\"Tel. +44 (0)1628 4944444\"]","timestamp":"2025-07-25T16:03:47.436Z"}
{"level":"warn","message":"Skipping invalid key in record: ","timestamp":"2025-07-25T16:03:47.436Z"}
{"level":"warn","message":"Invalid contact format (non-string) for record with PIP number EMEA-001118-PIP01-10: [\"TEVA Pharma B.V.\",\"Lidija.Brnic@tevapharm.com\",\"Croatia\",\"Phone: +385 3722150\"]","timestamp":"2025-07-25T16:03:47.436Z"}
{"level":"warn","message":"Skipping invalid key in record: ","timestamp":"2025-07-25T16:03:47.436Z"}
{"level":"warn","message":"Invalid contact format (non-string) for record with PIP number EMEA-001141-PIP01-11: [\"KBM Pharma OÜ\",\"tiina.must@kbmpharma.eu\",\"Estonia\",\"Phone: +372 7338080\",\"Fax: +372 7338081\"]","timestamp":"2025-07-25T16:03:47.436Z"}
{"level":"warn","message":"Skipping invalid key in record: ","timestamp":"2025-07-25T16:03:47.436Z"}
{"level":"warn","message":"Invalid contact format (non-string) for record with PIP number EMEA-001137-PIP01-11: [\"IBSA Farmaceutici Italia Srl\",\"Julie.cook@regulis.com\",\"United Kingdom\",\"+44 1442890909\",\"+44 1442890903\"]","timestamp":"2025-07-25T16:03:47.436Z"}
{"level":"warn","message":"Skipping invalid key in record: ","timestamp":"2025-07-25T16:03:47.436Z"}
{"level":"warn","message":"Invalid contact format (non-string) for record with PIP number EMEA-001102-PIP01-10: [\"Eckert & Ziegler Radiopharma GmbH\",\"regaffairs.radiopharma@ezag.de\",\"Germany\",\"+49 30941084282\",\"+49 30941084160\"]","timestamp":"2025-07-25T16:03:47.436Z"}
{"level":"warn","message":"Skipping invalid key in record: ","timestamp":"2025-07-25T16:03:47.437Z"}
{"level":"warn","message":"Invalid contact format (non-string) for record with PIP number EMEA-001111-PIP01-10: [\"Janssen-Cilag International\",\"E-mail: lpeeter8@its.jnj.com\",\"Tel. +32 14 603 876\"]","timestamp":"2025-07-25T16:03:47.437Z"}
{"level":"warn","message":"Skipping invalid key in record: ","timestamp":"2025-07-25T16:03:47.437Z"}
{"level":"warn","message":"Invalid contact format (non-string) for record with PIP number EMEA-000928-PIP01-10-M01: [\"Genzyme Europe B.V.\",\"Tel. +31 (0) 20 245 3917\",\"E-mail: EUmedinfo@genzyme.com\"]","timestamp":"2025-07-25T16:03:47.437Z"}
{"level":"warn","message":"Skipping invalid key in record: ","timestamp":"2025-07-25T16:03:47.437Z"}
{"level":"warn","message":"Invalid contact format (non-string) for record with PIP number P/149/2011: [\"Sanofi Pasteur MSD SNC\",\"piplan@spmsd.com\",\"France\",\"Phone: +33 437284000\"]","timestamp":"2025-07-25T16:03:47.437Z"}
{"level":"warn","message":"Skipping invalid key in record: ","timestamp":"2025-07-25T16:03:47.437Z"}
{"level":"warn","message":"Invalid contact format (non-string) for record with PIP number EMEA-000194-PIP03-10: [\"Granzer Regulatory Consulting & Services\",\"office@granzer.biz\",\"Germany\",\"Phone +49 8978068980\",\"Fax +49 89780689815\"]","timestamp":"2025-07-25T16:03:47.437Z"}
{"level":"warn","message":"Skipping invalid key in record: ","timestamp":"2025-07-25T16:03:47.437Z"}
{"level":"warn","message":"Invalid contact format (non-string) for record with PIP number EMEA-001004-PIP01-10: [\"CellSeed Europe S.A.R.L.\",\"aokamoto@cellseed.com\",\"Japan\",\"Phone +81 3 5286 6231\",\"Fax +81 3 5286 6233\"]","timestamp":"2025-07-25T16:03:47.437Z"}
{"level":"warn","message":"Skipping invalid key in record: ","timestamp":"2025-07-25T16:03:47.437Z"}
{"level":"warn","message":"Invalid contact format (non-string) for record with PIP number EMEA-000988-PIP01-10: [\"APT Pharmaceuticals Limited\",\"info@aptbio.com\",\"United States\",\"Phone +1 6509311666\",\"Fax +1 6509311667\"]","timestamp":"2025-07-25T16:03:47.437Z"}
{"level":"warn","message":"Skipping invalid key in record: ","timestamp":"2025-07-25T16:03:47.437Z"}
{"level":"warn","message":"Invalid contact format (non-string) for record with PIP number EMEA-001080-PIP01-10: [\"Rib-X Therapeutics Ltd\",\"Tel: +39 055 5680 633\",\"E-mail: prijli@menarini.it\"]","timestamp":"2025-07-25T16:03:47.437Z"}
{"level":"warn","message":"Skipping invalid key in record: ","timestamp":"2025-07-25T16:03:47.438Z"}
{"level":"warn","message":"Invalid contact format (non-string) for record with PIP number EMEA-000006-PIP02-10: [\"Merck Sharp & Dohme Limited\",\"E-mail: regaffairseurope@organon.com\",\"Tel: +31 412770000\"]","timestamp":"2025-07-25T16:03:47.438Z"}
{"level":"warn","message":"Skipping invalid key in record: ","timestamp":"2025-07-25T16:03:47.438Z"}
{"level":"warn","message":"Skipping invalid key in record: ","timestamp":"2025-07-25T16:03:47.438Z"}
{"level":"warn","message":"Invalid contact format (non-string) for record with PIP number EMEA-000990-PIP02-10: [\"MEDA Pharma GmbH & Co. KG\",\"info@medapharma.de\",\"Germany\",\"Phone +49 617288801\",\"Fax +49 61728881112\"]","timestamp":"2025-07-25T16:03:47.438Z"}
{"level":"warn","message":"Skipping invalid key in record: ","timestamp":"2025-07-25T16:03:47.438Z"}
{"level":"warn","message":"Invalid contact format (non-string) for record with PIP number EMEA-001066-PIP01-10: [\"Onxeo\",\"France\",\"E-mail: a.dembri@onxeo.com\",\"Tel. +33 1455 86000\",\"Fax +33 1455 80881\"]","timestamp":"2025-07-25T16:03:47.438Z"}
{"level":"warn","message":"Skipping invalid key in record: ","timestamp":"2025-07-25T16:03:47.438Z"}
{"level":"warn","message":"Invalid contact format (non-string) for record with PIP number EMEA-000032-PIP01-07-M04: [\"GSK Vaccines S.r.l.\",\"Tel. +1 438 899 8201\",\"Email: eu.paediatric-plans@gsk.com\"]","timestamp":"2025-07-25T16:03:47.438Z"}
{"level":"warn","message":"Skipping invalid key in record: ","timestamp":"2025-07-25T16:03:47.438Z"}
{"level":"warn","message":"Skipping invalid key in record: ","timestamp":"2025-07-25T16:03:47.438Z"}
{"level":"warn","message":"Invalid contact format (non-string) for record with PIP number EMEA-001085-PIP01-10: [\"Miklich Laboratorios\",\"S.L.\",\"borut@miklich.eu\",\"Spain\",\"Phone +34 9520+8822\",\"Fax +34 952067709\"]","timestamp":"2025-07-25T16:03:47.438Z"}
{"level":"warn","message":"Skipping invalid key in record: ","timestamp":"2025-07-25T16:03:47.438Z"}
{"level":"warn","message":"Invalid contact format (non-string) for record with PIP number EMEA-000558-PIP02-10: [\"LFB Biotechnologies\",\"micardt@lfb.fr\",\"France\",\"Phone +33 169821749\",\"Fax +33 169827182\"]","timestamp":"2025-07-25T16:03:47.438Z"}
{"level":"warn","message":"Skipping invalid key in record: ","timestamp":"2025-07-25T16:03:47.438Z"}
{"level":"warn","message":"Invalid contact format (non-string) for record with PIP number EMEA-000823-PIP02-10: [\"Gedeon Richter Plc.\",\"mrpRichter@richter.hu\",\"Hungary\",\"Tel. +36 14314040\",\"Fax. +36 14315415\"]","timestamp":"2025-07-25T16:03:47.438Z"}
{"level":"warn","message":"Skipping invalid key in record: ","timestamp":"2025-07-25T16:03:47.438Z"}
{"level":"warn","message":"Invalid contact format (non-string) for record with PIP number EMEA-001028-PIP01-10: [\"GE Healthcare Inc.\",\"Tel. +44 1494543483\",\"E-mail: Gabriel.Brooks@ge.com\"]","timestamp":"2025-07-25T16:03:47.438Z"}
{"level":"warn","message":"Skipping invalid key in record: ","timestamp":"2025-07-25T16:03:47.439Z"}
{"level":"warn","message":"Invalid contact format (non-string) for record with PIP number EMEA-000995-PIP01-10: [\"Vanda Pharmaceuticals Ltd\",\"United States\",\"E-mail: gunther.birznieks@vandapharma.com\",\"Tel. +1 202 7343416\",\"Fax +1 202 2961450\"]","timestamp":"2025-07-25T16:03:47.439Z"}
{"level":"warn","message":"Skipping invalid key in record: ","timestamp":"2025-07-25T16:03:47.439Z"}
{"level":"warn","message":"Invalid contact format (non-string) for record with PIP number EMEA-000926-PIP01-10: [\"LETI Pharma GmbH\",\"paediatrics@leti.de\",\"Germany\",\"Phone: +49 2302202860\",\"Fax: +49 23022028620\"]","timestamp":"2025-07-25T16:03:47.440Z"}
{"level":"warn","message":"Skipping invalid key in record: ","timestamp":"2025-07-25T16:03:47.440Z"}
{"level":"warn","message":"Invalid contact format (non-string) for record with PIP number EMEA-000665-PIP01-09: [\"Ipsen Pharma\",\"E-mail: paediatrics.plans@ispen.com\",\"Tel. +33 1 5833 5000\"]","timestamp":"2025-07-25T16:03:47.440Z"}
{"level":"warn","message":"Skipping invalid key in record: ","timestamp":"2025-07-25T16:03:47.440Z"}
{"level":"warn","message":"Invalid contact format (non-string) for record with PIP number P/80/2010: [\"Ipsen Pharma\",\"E-mail: paediatrics.plans@ispen.com\",\"Tel. +33 1 5833 5000\"]","timestamp":"2025-07-25T16:03:47.440Z"}
{"level":"warn","message":"Skipping invalid key in record: ","timestamp":"2025-07-25T16:03:47.440Z"}
{"level":"warn","message":"Invalid contact format (non-string) for record with PIP number EMEA-000156-PIP01-07-M02: [\"Baxter Innovations GmbH\",\"E-mail: johannes_braun@baxter.com\",\"Tel.: +43 1201002542\"]","timestamp":"2025-07-25T16:03:47.440Z"}
{"level":"warn","message":"Skipping invalid key in record: ","timestamp":"2025-07-25T16:03:47.440Z"}
{"level":"warn","message":"Invalid contact format (non-string) for record with PIP number EMEA-001055-PIP01-10: [\"ISA Therapeutics BV\",\"info@isa-pharma.com\",\"The Netherlands\",\"+31 713322310\"]","timestamp":"2025-07-25T16:03:47.440Z"}
{"level":"warn","message":"Skipping invalid key in record: ","timestamp":"2025-07-25T16:03:47.440Z"}
{"level":"warn","message":"Skipping invalid key in record: ","timestamp":"2025-07-25T16:03:47.440Z"}
{"level":"warn","message":"Skipping invalid key in record: ","timestamp":"2025-07-25T16:03:47.440Z"}
{"level":"warn","message":"Skipping invalid key in record: ","timestamp":"2025-07-25T16:03:47.441Z"}
{"level":"warn","message":"Skipping invalid key in record: ","timestamp":"2025-07-25T16:03:47.441Z"}
{"level":"warn","message":"Invalid contact format (non-string) for record with PIP number EMEA-001060-PIP01-10: [\"Eli Lilly & Company Limited\",\"E-mail: eu_paediatric@lilly.com\",\"Tel. +44 (0)1276 483000\"]","timestamp":"2025-07-25T16:03:47.441Z"}
{"level":"warn","message":"Skipping invalid key in record: ","timestamp":"2025-07-25T16:03:47.441Z"}
{"level":"warn","message":"Invalid contact format (non-string) for record with PIP number EMEA-000719-PIP02-10: [\"Gedeon Richter Plc.\",\"mrpRichter@richter.hu\",\"Hungary\",\"+36 14314040\",\"+36 14315415\"]","timestamp":"2025-07-25T16:03:47.441Z"}
{"level":"warn","message":"Skipping invalid key in record: ","timestamp":"2025-07-25T16:03:47.441Z"}
{"level":"warn","message":"Invalid contact format (non-string) for record with PIP number EMEA-001023-PIP01-10: [\"Celgene Europe B.V.\",\"Tel. +41 327298500\",\"E-mail: medinfo.emea@celgene.com\"]","timestamp":"2025-07-25T16:03:47.441Z"}
{"level":"warn","message":"Skipping invalid key in record: ","timestamp":"2025-07-25T16:03:47.441Z"}
{"level":"warn","message":"Skipping invalid key in record: ","timestamp":"2025-07-25T16:03:47.441Z"}
{"level":"warn","message":"Invalid contact format (non-string) for record with PIP number P/36/2011: [\"Teva Pharmaceuticals Europe B.V\",\"info@ratiopharm.de\",\"Germany\",\"Phone: +49 73140202\",\"Fax: +49 7314027832\"]","timestamp":"2025-07-25T16:03:47.441Z"}
{"level":"warn","message":"Skipping invalid key in record: ","timestamp":"2025-07-25T16:03:47.441Z"}
{"level":"warn","message":"Invalid contact format (non-string) for record with PIP number P/16/2011: [\"Alcon Laboratories (UK) Ltd.\",\"Doug.MacHatton@AlconLabs.com\",\"United States\",\"Phone: +1 8175518974\",\"Fax: +1 8176154607\"]","timestamp":"2025-07-25T16:03:47.441Z"}
{"level":"warn","message":"Skipping invalid key in record: ","timestamp":"2025-07-25T16:03:47.441Z"}
{"level":"warn","message":"Skipping invalid key in record: ","timestamp":"2025-07-25T16:03:47.441Z"}
{"level":"warn","message":"Invalid contact format (non-string) for record with PIP number P/22/2011: [\"Stallergenes S.A.\",\"pip.germany@stallergenes.fr\",\"France\",\"Phone: +33 155592100\",\"Fax: +33 155592002\"]","timestamp":"2025-07-25T16:03:47.441Z"}
{"level":"info","message":"CSV Headers: Decision number,PIP number,Active substance,Invented name,Therapeutic area,Pharmaceutical forms,Condition / indication,Routes of administration,Decision type,Decision date,Compliance outcome,Compliance opinion date,Compliance procedure number,Contact for public enquiries,First published date,Last updated date,PIP URL,","timestamp":"2025-07-25T16:03:47.442Z"}
{"level":"warn","message":"Skipping invalid key in record: ","timestamp":"2025-07-25T16:03:47.442Z"}
{"level":"warn","message":"Invalid contact format (non-string) for record with PIP number EMEA-000977-PIP01-10): [\"Stallergenes S.A.\",\"pip.germany@stallergenes.fr\",\"France\",\"Phone: +33 155592100\",\"Fax: +33 155592002\"]","timestamp":"2025-07-25T16:03:47.442Z"}
{"level":"warn","message":"Skipping invalid key in record: ","timestamp":"2025-07-25T16:03:47.442Z"}
{"level":"warn","message":"Invalid contact format (non-string) for record with PIP number P/23/211: [\"Theratechnologies Inc\",\"communications@theratech.com\",\"Canada\",\"Phone: +1 5143367800\"]","timestamp":"2025-07-25T16:03:47.442Z"}
{"level":"warn","message":"Skipping invalid key in record: ","timestamp":"2025-07-25T16:03:47.442Z"}
{"level":"warn","message":"Invalid contact format (non-string) for record with PIP number EMEA-000084-PIP02-10: [\"Merck\",\"Sharp & Dohme (Europe) Inc.\",\"Tel. +31 412770000\",\"E-mail: regaffairseurope@organon.com\"]","timestamp":"2025-07-25T16:03:47.442Z"}
{"level":"warn","message":"Skipping invalid key in record: ","timestamp":"2025-07-25T16:03:47.442Z"}
{"level":"warn","message":"Invalid contact format (non-string) for record with PIP number EMEA-000866-PIP01-10: [\"ALK-Abelló A/S\",\"ldidk@alk-abello.com\",\"ALKMRPdk@alk-abello.com\",\"Denmark\",\"Phone: +45 457478079\",\"Fax: +45 45748600\"]","timestamp":"2025-07-25T16:03:47.442Z"}
{"level":"warn","message":"Skipping invalid key in record: ","timestamp":"2025-07-25T16:03:47.442Z"}
{"level":"warn","message":"Invalid contact format (non-string) for record with PIP number EMEA-000863-PIP01-10: [\"ALK-Abelló A/S\",\"ldidk@alk-abello.com\",\"ALKMRPdk@alk-abello.com\",\"Denmark\",\"Phone: +45 457478079\",\"Fax: +45 45748600\"]","timestamp":"2025-07-25T16:03:47.442Z"}
{"level":"warn","message":"Skipping invalid key in record: ","timestamp":"2025-07-25T16:03:47.442Z"}
{"level":"warn","message":"Invalid contact format (non-string) for record with PIP number Ecallantide: [\"Dyax s.a.\",\"ndauteuil@dyax.com\",\"United States\",\"Phone: +1 6172505773\",\"Fax: +1 6172252501\"]","timestamp":"2025-07-25T16:03:47.442Z"}
{"level":"warn","message":"Skipping invalid key in record: ","timestamp":"2025-07-25T16:03:47.442Z"}
{"level":"warn","message":"Invalid contact format (non-string) for record with PIP number EMEA-000249-PIP01-10: [\"MedImmune\",\"LLC\",\"dekkere@medimmune.com\",\"United States\",\"Phone: +1 3013984040\",\"Fax: +1 3013984015\"]","timestamp":"2025-07-25T16:03:47.442Z"}
{"level":"warn","message":"Skipping invalid key in record: ","timestamp":"2025-07-25T16:03:47.442Z"}
{"level":"warn","message":"Invalid contact format (non-string) for record with PIP number EMEA-000934-PIP01-10: [\"ROXALL Medizin GmbH\",\"info@roxall.deGermany\",\"Phone: +49 408972520\",\"Fax: +49 4089725223\"]","timestamp":"2025-07-25T16:03:47.442Z"}
{"level":"warn","message":"Skipping invalid key in record: ","timestamp":"2025-07-25T16:03:47.442Z"}
{"level":"warn","message":"Invalid contact format (non-string) for record with PIP number EMEA-000935-PIP01-10: [\"ROXALL Medizin GmbH\",\"info@roxall.deGermany\",\"Phone: +49 408972520\",\"Fax: +49 4089725223\"]","timestamp":"2025-07-25T16:03:47.442Z"}
{"level":"warn","message":"Skipping invalid key in record: ","timestamp":"2025-07-25T16:03:47.442Z"}
{"level":"warn","message":"Invalid contact format (non-string) for record with PIP number EMEA-000948-PIP01-10: [\"ROXALL Medizin GmbH\",\"info@roxall.deGermany\",\"Phone: +49 408972520\",\"Fax: +49 4089725223\"]","timestamp":"2025-07-25T16:03:47.442Z"}
{"level":"warn","message":"Skipping invalid key in record: ","timestamp":"2025-07-25T16:03:47.443Z"}
{"level":"warn","message":"Invalid contact format (non-string) for record with PIP number EMEA-000933-PIP01-10: [\"ROXALL Medizin GmbH\",\"info@roxall.deGermany\",\"Phone: +49 408972520\",\"Fax: +49 4089725223\"]","timestamp":"2025-07-25T16:03:47.443Z"}
{"level":"warn","message":"Skipping invalid key in record: ","timestamp":"2025-07-25T16:03:47.443Z"}
{"level":"warn","message":"Invalid contact format (non-string) for record with PIP number EMEA-001036-PIP01-10: [\"Helix BioPharma Corp\",\"t.hinkley@helixbiopharma.com\",\"Canada\",\"Phone: +1 905 8412300\",\"Fax: +1 905 8412244\"]","timestamp":"2025-07-25T16:03:47.443Z"}
{"level":"warn","message":"Skipping invalid key in record: ","timestamp":"2025-07-25T16:03:47.443Z"}
{"level":"warn","message":"Invalid contact format (non-string) for record with PIP number EMEA-000947-PIP01-10: [\"ROXALL Medizin GmbH\",\"info@roxall.deGermany\",\"Phone: +49 408972520\",\"Fax: +49 4089725223\"]","timestamp":"2025-07-25T16:03:47.443Z"}
{"level":"warn","message":"Skipping invalid key in record: ","timestamp":"2025-07-25T16:03:47.443Z"}
{"level":"warn","message":"Invalid contact format (non-string) for record with PIP number EMEA-000949-PIP01-10: [\"ROXALL Medizin GmbH\",\"info@roxall.deGermany\",\"Phone: +49 408972520\",\"Fax: +49 4089725223\"]","timestamp":"2025-07-25T16:03:47.443Z"}
{"level":"warn","message":"Skipping invalid key in record: ","timestamp":"2025-07-25T16:03:47.443Z"}
{"level":"warn","message":"Invalid contact format (non-string) for record with PIP number EMEA-000960-PIP01-10: [\"ROXALL Medizin GmbH\",\"info@roxall.deGermany\",\"Phone: +49 408972520\",\"Fax: +49 4089725223\"]","timestamp":"2025-07-25T16:03:47.443Z"}
{"level":"warn","message":"Skipping invalid key in record: ","timestamp":"2025-07-25T16:03:47.443Z"}
{"level":"warn","message":"Invalid contact format (non-string) for record with PIP number EMEA-000964-PIP01-10: [\"ROXALL Medizin GmbH\",\"info@roxall.deGermany\",\"Phone: +49 408972520\",\"Fax: +49 4089725223\"]","timestamp":"2025-07-25T16:03:47.443Z"}
{"level":"warn","message":"Skipping invalid key in record: ","timestamp":"2025-07-25T16:03:47.443Z"}
{"level":"warn","message":"Invalid contact format (non-string) for record with PIP number EMEA-000943-PIP01-10: [\"ROXALL Medizin GmbH\",\"info@roxall.deGermany\",\"Phone: +49 408972520\",\"Fax: +49 4089725223\"]","timestamp":"2025-07-25T16:03:47.443Z"}
{"level":"warn","message":"Skipping invalid key in record: ","timestamp":"2025-07-25T16:03:47.443Z"}
{"level":"warn","message":"Invalid contact format (non-string) for record with PIP number EMEA-000954-PIP01-10: [\"ROXALL Medizin GmbH\",\"info@roxall.deGermany\",\"Phone: +49 408972520\",\"Fax: +49 4089725223\"]","timestamp":"2025-07-25T16:03:47.443Z"}
{"level":"warn","message":"Skipping invalid key in record: ","timestamp":"2025-07-25T16:03:47.443Z"}
{"level":"warn","message":"Invalid contact format (non-string) for record with PIP number EMEA-000956-PIP01-10: [\"ROXALL Medizin GmbH\",\"info@roxall.deGermany\",\"Phone: +49 408972520\",\"Fax: +49 4089725223\"]","timestamp":"2025-07-25T16:03:47.443Z"}
{"level":"warn","message":"Skipping invalid key in record: ","timestamp":"2025-07-25T16:03:47.443Z"}
{"level":"warn","message":"Invalid contact format (non-string) for record with PIP number EMEA-000944-PIP01-10: [\"ROXALL Medizin GmbH\",\"info@roxall.deGermany\",\"Phone: +49 408972520\",\"Fax: +49 4089725223\"]","timestamp":"2025-07-25T16:03:47.443Z"}
{"level":"warn","message":"Skipping invalid key in record: ","timestamp":"2025-07-25T16:03:47.443Z"}
{"level":"warn","message":"Invalid contact format (non-string) for record with PIP number EMEA-000938-PIP01-10: [\"ROXALL Medizin GmbH\",\"info@roxall.deGermany\",\"Phone: +49 408972520\",\"Fax: +49 4089725223\"]","timestamp":"2025-07-25T16:03:47.444Z"}
{"level":"warn","message":"Skipping invalid key in record: ","timestamp":"2025-07-25T16:03:47.444Z"}
{"level":"warn","message":"Invalid contact format (non-string) for record with PIP number EMEA-000941-PIP01-10: [\"ROXALL Medizin GmbH\",\"info@roxall.deGermany\",\"Phone: +49 408972520\",\"Fax: +49 4089725223\"]","timestamp":"2025-07-25T16:03:47.444Z"}
{"level":"warn","message":"Skipping invalid key in record: ","timestamp":"2025-07-25T16:03:47.444Z"}
{"level":"warn","message":"Invalid contact format (non-string) for record with PIP number EMEA-000958-PIP01-10: [\"ROXALL Medizin GmbH\",\"info@roxall.deGermany\",\"Phone: +49 408972520\",\"Fax: +49 4089725223\"]","timestamp":"2025-07-25T16:03:47.444Z"}
{"level":"warn","message":"Skipping invalid key in record: ","timestamp":"2025-07-25T16:03:47.444Z"}
{"level":"warn","message":"Invalid contact format (non-string) for record with PIP number EMEA-000940-PIP01-10: [\"ROXALL Medizin GmbH\",\"info@roxall.deGermany\",\"Phone: +49 408972520\",\"Fax: +49 4089725223\"]","timestamp":"2025-07-25T16:03:47.444Z"}
{"level":"warn","message":"Skipping invalid key in record: ","timestamp":"2025-07-25T16:03:47.444Z"}
{"level":"warn","message":"Invalid contact format (non-string) for record with PIP number EMEA-000951-PIP01-10: [\"ROXALL Medizin GmbH\",\"info@roxall.deGermany\",\"Phone: +49 408972520\",\"Fax: +49 4089725223\"]","timestamp":"2025-07-25T16:03:47.444Z"}
{"level":"warn","message":"Skipping invalid key in record: ","timestamp":"2025-07-25T16:03:47.444Z"}
{"level":"warn","message":"Invalid contact format (non-string) for record with PIP number EMEA-000959-PIP01-10: [\"ROXALL Medizin GmbH\",\"info@roxall.deGermany\",\"Phone: +49 408972520\",\"Fax: +49 4089725223\"]","timestamp":"2025-07-25T16:03:47.444Z"}
{"level":"warn","message":"Skipping invalid key in record: ","timestamp":"2025-07-25T16:03:47.444Z"}
{"level":"warn","message":"Invalid contact format (non-string) for record with PIP number EMEA-000963-PIP01-10: [\"ROXALL Medizin GmbH\",\"info@roxall.deGermany\",\"Phone: +49 408972520\",\"Fax: +49 4089725223\"]","timestamp":"2025-07-25T16:03:47.444Z"}
{"level":"warn","message":"Skipping invalid key in record: ","timestamp":"2025-07-25T16:03:47.444Z"}
{"level":"warn","message":"Invalid contact format (non-string) for record with PIP number EMEA-000966-PIP01-10: [\"ROXALL Medizin GmbH\",\"info@roxall.deGermany\",\"Phone: +49 408972520\",\"Fax: +49 4089725223\"]","timestamp":"2025-07-25T16:03:47.444Z"}
{"level":"warn","message":"Skipping invalid key in record: ","timestamp":"2025-07-25T16:03:47.445Z"}
{"level":"warn","message":"Invalid contact format (non-string) for record with PIP number EMEA-000965-PIP01-10: [\"ROXALL Medizin GmbH\",\"info@roxall.deGermany\",\"Phone: +49 408972520\",\"Fax: +49 4089725223\"]","timestamp":"2025-07-25T16:03:47.445Z"}
{"level":"warn","message":"Skipping invalid key in record: ","timestamp":"2025-07-25T16:03:47.445Z"}
{"level":"warn","message":"Invalid contact format (non-string) for record with PIP number EMEA-000942-PIP01-10: [\"ROXALL Medizin GmbH\",\"info@roxall.deGermany\",\"Phone: +49 408972520\",\"Fax: +49 4089725223\"]","timestamp":"2025-07-25T16:03:47.445Z"}
{"level":"warn","message":"Skipping invalid key in record: ","timestamp":"2025-07-25T16:03:47.445Z"}
{"level":"warn","message":"Invalid contact format (non-string) for record with PIP number EMEA-000962-PIP01-10: [\"ROXALL Medizin GmbH\",\"info@roxall.deGermany\",\"Phone: +49 408972520\",\"Fax: +49 4089725223\"]","timestamp":"2025-07-25T16:03:47.445Z"}
{"level":"warn","message":"Skipping invalid key in record: ","timestamp":"2025-07-25T16:03:47.445Z"}
{"level":"warn","message":"Invalid contact format (non-string) for record with PIP number EMEA-000955-PIP01-10: [\"ROXALL Medizin GmbH\",\"info@roxall.deGermany\",\"Phone: +49 408972520\",\"Fax: +49 4089725223\"]","timestamp":"2025-07-25T16:03:47.445Z"}
{"level":"warn","message":"Skipping invalid key in record: ","timestamp":"2025-07-25T16:03:47.446Z"}
{"level":"warn","message":"Invalid contact format (non-string) for record with PIP number EMEA-000950-PIP01-10: [\"ROXALL Medizin GmbH\",\"info@roxall.deGermany\",\"Phone: +49 408972520\",\"Fax: +49 4089725223\"]","timestamp":"2025-07-25T16:03:47.446Z"}
{"level":"warn","message":"Skipping invalid key in record: ","timestamp":"2025-07-25T16:03:47.446Z"}
{"level":"warn","message":"Invalid contact format (non-string) for record with PIP number EMEA-000957-PIP01-10: [\"ROXALL Medizin GmbH\",\"info@roxall.deGermany\",\"Phone: +49 408972520\",\"Fax: +49 4089725223\"]","timestamp":"2025-07-25T16:03:47.446Z"}
{"level":"warn","message":"Skipping invalid key in record: ","timestamp":"2025-07-25T16:03:47.447Z"}
{"level":"warn","message":"Invalid contact format (non-string) for record with PIP number EMEA-000945-PIP01-10: [\"ROXALL Medizin GmbH\",\"info@roxall.deGermany\",\"Phone: +49 408972520\",\"Fax: +49 4089725223\"]","timestamp":"2025-07-25T16:03:47.447Z"}
{"level":"warn","message":"Skipping invalid key in record: ","timestamp":"2025-07-25T16:03:47.447Z"}
{"level":"warn","message":"Invalid contact format (non-string) for record with PIP number EMEA-000939-PIP01-10: [\"ROXALL Medizin GmbH\",\"info@roxall.deGermany\",\"Phone: +49 408972520\",\"Fax: +49 4089725223\"]","timestamp":"2025-07-25T16:03:47.447Z"}
{"level":"warn","message":"Skipping invalid key in record: ","timestamp":"2025-07-25T16:03:47.447Z"}
{"level":"warn","message":"Invalid contact format (non-string) for record with PIP number EMEA-000937-PIP01-10: [\"ROXALL Medizin GmbH\",\"info@roxall.deGermany\",\"Phone: +49 408972520\",\"Fax: +49 4089725223\"]","timestamp":"2025-07-25T16:03:47.447Z"}
{"level":"warn","message":"Skipping invalid key in record: ","timestamp":"2025-07-25T16:03:47.447Z"}
{"level":"warn","message":"Invalid contact format (non-string) for record with PIP number EMEA-000953-PIP01-10: [\"ROXALL Medizin GmbH\",\"info@roxall.deGermany\",\"Phone: +49 408972520\",\"Fax: +49 4089725223\"]","timestamp":"2025-07-25T16:03:47.447Z"}
{"level":"warn","message":"Skipping invalid key in record: ","timestamp":"2025-07-25T16:03:47.447Z"}
{"level":"warn","message":"Invalid contact format (non-string) for record with PIP number EMEA-000946-PIP01-10: [\"ROXALL Medizin GmbH\",\"info@roxall.deGermany\",\"Phone: +49 408972520\",\"Fax: +49 4089725223\"]","timestamp":"2025-07-25T16:03:47.447Z"}
{"level":"warn","message":"Skipping invalid key in record: ","timestamp":"2025-07-25T16:03:47.448Z"}
{"level":"warn","message":"Invalid contact format (non-string) for record with PIP number EMEA-000961-PIP01-10: [\"ROXALL Medizin GmbH\",\"info@roxall.deGermany\",\"Phone: +49 408972520\",\"Fax: +49 4089725223\"]","timestamp":"2025-07-25T16:03:47.448Z"}
{"level":"warn","message":"Skipping invalid key in record: ","timestamp":"2025-07-25T16:03:47.448Z"}
{"level":"warn","message":"Invalid contact format (non-string) for record with PIP number EMEA-000851-PIP01-10: [\"ALK-Abelló A/S\",\"lcndk@alk-abello.com\",\"ALKMRPdk@alk-abello.com\",\"Denmark\",\"Phone: +45 45748037\",\"Fax: +45 45748600\"]","timestamp":"2025-07-25T16:03:47.448Z"}
{"level":"warn","message":"Skipping invalid key in record: ","timestamp":"2025-07-25T16:03:47.448Z"}
{"level":"warn","message":"Invalid contact format (non-string) for record with PIP number EMEA-000929-PIP01-10: [\"ROXALL Medizin GmbH\",\"info@roxall.deGermany\",\"Phone: +49 408972520\",\"Fax: +49 4089725223\"]","timestamp":"2025-07-25T16:03:47.448Z"}
{"level":"warn","message":"Skipping invalid key in record: ","timestamp":"2025-07-25T16:03:47.448Z"}
{"level":"warn","message":"Invalid contact format (non-string) for record with PIP number EMEA-000864-PIP01-10: [\"ALK-Abelló A/S\",\"ldidk@alk-abello.com\",\"ALKMRPdk@alk-abello.com\",\"Denmark\",\"Phone: +45 457478079\",\"Fax: +45 45748600\"]","timestamp":"2025-07-25T16:03:47.448Z"}
{"level":"info","message":"CSV Headers: Decision number,PIP number,Active substance,Invented name,Therapeutic area,Pharmaceutical forms,Condition / indication,Routes of administration,Decision type,Decision date,Compliance outcome,Compliance opinion date,Compliance procedure number,Contact for public enquiries,First published date,Last updated date,PIP URL,","timestamp":"2025-07-25T16:03:47.448Z"}
{"level":"warn","message":"Skipping invalid key in record: ","timestamp":"2025-07-25T16:03:47.448Z"}
{"level":"warn","message":"Invalid contact format (non-string) for record with PIP number EMEA-000856-PIP01-10: [\"ALK-Abelló A/S\",\"ldidk@alk-abello.com\",\"ALKMRPdk@alk-abello.com\",\"Denmark\",\"Phone: +45 457478079\",\"Fax: +45 45748600\"]","timestamp":"2025-07-25T16:03:47.448Z"}
{"level":"warn","message":"Skipping invalid key in record: ","timestamp":"2025-07-25T16:03:47.448Z"}
{"level":"warn","message":"Invalid contact format (non-string) for record with PIP number EMEA-000869-PIP01-10: [\"ALK-Abelló A/S\",\"ldidk@alk-abello.com\",\"ALKMRPdk@alk-abello.com\",\"Denmark\",\"Phone: +45 457478079\",\"Fax: +45 45748600\"]","timestamp":"2025-07-25T16:03:47.448Z"}
{"level":"warn","message":"Skipping invalid key in record: ","timestamp":"2025-07-25T16:03:47.448Z"}
{"level":"warn","message":"Skipping invalid key in record: ","timestamp":"2025-07-25T16:03:47.449Z"}
{"level":"warn","message":"Invalid contact format (non-string) for record with PIP number EMEA-000930-PIP01-10: [\"ROXALL Medizin GmbH\",\"info@roxall.deGermany\",\"Phone: +49 408972520\",\"Fax: +49 4089725223\"]","timestamp":"2025-07-25T16:03:47.449Z"}
{"level":"warn","message":"Skipping invalid key in record: ","timestamp":"2025-07-25T16:03:47.449Z"}
{"level":"warn","message":"Invalid contact format (non-string) for record with PIP number EMEA-000936-PIP01-10: [\"ROXALL Medizin GmbH\",\"info@roxall.deGermany\",\"Phone: +49 408972520\",\"Fax: +49 4089725223\"]","timestamp":"2025-07-25T16:03:47.449Z"}
{"level":"warn","message":"Skipping invalid key in record: ","timestamp":"2025-07-25T16:03:47.449Z"}
{"level":"warn","message":"Invalid contact format (non-string) for record with PIP number EMEA-000850-PIP01-10: [\"ALK-Abelló A/S\",\"lcndk@alk-abello.com\",\"ALKMRPdk@alk-abello.com\",\"Denmark\",\"Phone: +45 45748037\",\"Fax: +45 45748600\"]","timestamp":"2025-07-25T16:03:47.449Z"}
{"level":"warn","message":"Skipping invalid key in record: ","timestamp":"2025-07-25T16:03:47.449Z"}
{"level":"warn","message":"Invalid contact format (non-string) for record with PIP number EMEA-000931-PIP01-10: [\"ROXALL Medizin GmbH\",\"info@roxall.deGermany\",\"Phone: +49 408972520\",\"Fax: +49 4089725223\"]","timestamp":"2025-07-25T16:03:47.449Z"}
{"level":"warn","message":"Skipping invalid key in record: ","timestamp":"2025-07-25T16:03:47.449Z"}
{"level":"warn","message":"Invalid contact format (non-string) for record with PIP number EMEA-000867-PIP01-10: [\"ALK-Abelló A/S\",\"ldidk@alk-abello.com\",\"ALKMRPdk@alk-abello.com\",\"Denmark\",\"Phone: +45 457478079\",\"Fax: +45 45748600\"]","timestamp":"2025-07-25T16:03:47.449Z"}
{"level":"warn","message":"Skipping invalid key in record: ","timestamp":"2025-07-25T16:03:47.449Z"}
{"level":"warn","message":"Invalid contact format (non-string) for record with PIP number EMEA-000859-PIP01-10: [\"ALK-Abelló A/S\",\"ldidk@alk-abello.com\",\"ALKMRPdk@alk-abello.com\",\"Denmark\",\"Phone: +45 457478079\",\"Fax: +45 45748600\"]","timestamp":"2025-07-25T16:03:47.449Z"}
{"level":"warn","message":"Skipping invalid key in record: ","timestamp":"2025-07-25T16:03:47.449Z"}
{"level":"warn","message":"Invalid contact format (non-string) for record with PIP number EMEA-000824-PIP01-09: [\"H. Lundbeck A/S\",\"E-mail: information@lundbeck.com\",\"Tel. +45 36301311\"]","timestamp":"2025-07-25T16:03:47.449Z"}
{"level":"warn","message":"Skipping invalid key in record: ","timestamp":"2025-07-25T16:03:47.449Z"}
{"level":"warn","message":"Invalid contact format (non-string) for record with PIP number EMEA-000865-PIP01-10: [\"ALK-Abelló A/S\",\"ldidk@alk-abello.com\",\"ALKMRPdk@alk-abello.com\",\"Denmark\",\"Phone: +45 457478079\",\"Fax: +45 45748600\"]","timestamp":"2025-07-25T16:03:47.449Z"}
{"level":"warn","message":"Skipping invalid key in record: ","timestamp":"2025-07-25T16:03:47.449Z"}
{"level":"warn","message":"Skipping invalid key in record: ","timestamp":"2025-07-25T16:03:47.449Z"}
{"level":"warn","message":"Skipping invalid key in record: ","timestamp":"2025-07-25T16:03:47.449Z"}
{"level":"warn","message":"Skipping invalid key in record: ","timestamp":"2025-07-25T16:03:47.450Z"}
{"level":"warn","message":"Skipping invalid key in record: ","timestamp":"2025-07-25T16:03:47.450Z"}
{"level":"warn","message":"Skipping invalid key in record: ","timestamp":"2025-07-25T16:03:47.450Z"}
{"level":"warn","message":"Skipping invalid key in record: ","timestamp":"2025-07-25T16:03:47.450Z"}
{"level":"warn","message":"Skipping invalid key in record: ","timestamp":"2025-07-25T16:03:47.450Z"}
{"level":"warn","message":"Skipping invalid key in record: ","timestamp":"2025-07-25T16:03:47.450Z"}
{"level":"warn","message":"Skipping invalid key in record: ","timestamp":"2025-07-25T16:03:47.450Z"}
{"level":"warn","message":"Invalid contact format (non-string) for record with PIP number EMEA-000619-PIP02-10: [\"Allos Therapeutics Limited\",\"pedinfo@allos.com\",\"United States\",\"Phone: +1 3034266262\",\"Fax: +1 3034129160\"]","timestamp":"2025-07-25T16:03:47.450Z"}
{"level":"warn","message":"Skipping invalid key in record: ","timestamp":"2025-07-25T16:03:47.450Z"}
{"level":"warn","message":"Invalid contact format (non-string) for record with PIP number Eritoran: [\"Eisai Limited\",\"United Kingdom\",\"Tel. +44 (0)20 8600 1400\",\"Fax +44 8456 761401\",\"E-mail: lmedinfo@eisai.net\"]","timestamp":"2025-07-25T16:03:47.450Z"}
{"level":"warn","message":"Skipping invalid key in record: ","timestamp":"2025-07-25T16:03:47.450Z"}
{"level":"warn","message":"Invalid contact format (non-string) for record with PIP number EMEA-000841-PIP01-10: [\"LETI Pharma GmbH\",\"paediatrics@leti.de\",\"Germany\",\"Phone: +49 2302202860\",\"Fax: +49 23022028620\"]","timestamp":"2025-07-25T16:03:47.450Z"}
{"level":"warn","message":"Skipping invalid key in record: ","timestamp":"2025-07-25T16:03:47.450Z"}
{"level":"warn","message":"Invalid contact format (non-string) for record with PIP number EMEA-000920-PIP01-10: [\"LETI Pharma GmbH\",\"paediatrics@leti.de\",\"Germany\",\"Phone: +49 2302202860\",\"Fax: +49 23022028620\"]","timestamp":"2025-07-25T16:03:47.450Z"}
{"level":"warn","message":"Skipping invalid key in record: ","timestamp":"2025-07-25T16:03:47.450Z"}
{"level":"warn","message":"Invalid contact format (non-string) for record with PIP number EMEA-000921-PIP01-10: [\"LETI Pharma GmbH\",\"paediatrics@leti.de\",\"Germany\",\"Phone: +49 2302202860\",\"Fax: +49 23022028620\"]","timestamp":"2025-07-25T16:03:47.450Z"}
{"level":"warn","message":"Skipping invalid key in record: ","timestamp":"2025-07-25T16:03:47.451Z"}
{"level":"warn","message":"Invalid contact format (non-string) for record with PIP number EMEA-000924-PIP01-10: [\"LETI Pharma GmbH\",\"paediatrics@leti.de\",\"Germany\",\"Phone: +49 2302202860\",\"Fax: +49 23022028620\"]","timestamp":"2025-07-25T16:03:47.451Z"}
{"level":"warn","message":"Skipping invalid key in record: ","timestamp":"2025-07-25T16:03:47.451Z"}
{"level":"warn","message":"Invalid contact format (non-string) for record with PIP number EMEA-000793-PIP01-09: [\"LETI Pharma GmbH\",\"paediatrics@leti.de\",\"Germany\",\"Phone: +49 2302202860\",\"Fax: +49 23022028620\"]","timestamp":"2025-07-25T16:03:47.451Z"}
{"level":"warn","message":"Skipping invalid key in record: ","timestamp":"2025-07-25T16:03:47.451Z"}
{"level":"warn","message":"Invalid contact format (non-string) for record with PIP number EMEA-000919-PIP01-10: [\"LETI Pharma GmbH\",\"Germany\",\"E-mail: paediatrics@leti.de\",\"Tel. +49 2302 202860\",\"Fax +49 2302 2028620\"]","timestamp":"2025-07-25T16:03:47.451Z"}
{"level":"warn","message":"Skipping invalid key in record: ","timestamp":"2025-07-25T16:03:47.451Z"}
{"level":"warn","message":"Invalid contact format (non-string) for record with PIP number EMEA-000986-PIP01-10: [\"ThromboGenics\",\"lenerose.arfelt@thrombogenics.com\",\"Belgium\",\"Phone: +32 16751440\",\"Fax: +32 16751311\"]","timestamp":"2025-07-25T16:03:47.451Z"}
{"level":"warn","message":"Skipping invalid key in record: ","timestamp":"2025-07-25T16:03:47.451Z"}
{"level":"warn","message":"Invalid contact format (non-string) for record with PIP number EMEA-000840-PIP01-10: [\"LETI Pharma GmbH\",\"paediatrics@leti.de\",\"Germany\",\"Phone: +49 2302202860\",\"Fax: +49 23022028620\"]","timestamp":"2025-07-25T16:03:47.451Z"}
{"level":"warn","message":"Skipping invalid key in record: ","timestamp":"2025-07-25T16:03:47.451Z"}
{"level":"warn","message":"Invalid contact format (non-string) for record with PIP number EMEA-000189-PIP01-08-M01: [\"Novo Nordisk A/S\",\"E-mail: paediatrics@novonordisk.com\",\"Tel: +45 44448888\"]","timestamp":"2025-07-25T16:03:47.451Z"}
{"level":"warn","message":"Skipping invalid key in record: ","timestamp":"2025-07-25T16:03:47.451Z"}
{"level":"warn","message":"Invalid contact format (non-string) for record with PIP number EMEA-000923-PIP01-10: [\"LETI Pharma GmbH\",\"paediatrics@leti.de\",\"Germany\",\"Phone: +49 2302202860\",\"Fax: +49 23022028620\"]","timestamp":"2025-07-25T16:03:47.451Z"}
{"level":"warn","message":"Skipping invalid key in record: ","timestamp":"2025-07-25T16:03:47.451Z"}
{"level":"warn","message":"Invalid contact format (non-string) for record with PIP number EMEA-000925-PIP01-10: [\"LETI Pharma GmbH\",\"paediatrics@leti.de\",\"Germany\",\"Phone: +49 2302202860\",\"Fax: +49 23022028620\"]","timestamp":"2025-07-25T16:03:47.451Z"}
{"level":"warn","message":"Skipping invalid key in record: ","timestamp":"2025-07-25T16:03:47.452Z"}
{"level":"warn","message":"Invalid contact format (non-string) for record with PIP number EMEA-000922-PIP01-10: [\"LETI Pharma GmbH\",\"paediatrics@leti.de\",\"Germany\",\"Phone: +49 2302202860\",\"Fax: +49 23022028620\"]","timestamp":"2025-07-25T16:03:47.452Z"}
{"level":"warn","message":"Skipping invalid key in record: ","timestamp":"2025-07-25T16:03:47.452Z"}
{"level":"warn","message":"Invalid contact format (non-string) for record with PIP number EMEA-000918-PIP01-10: [\"LETI Pharma GmbH\",\"paediatrics@leti.de\",\"Germany\",\"Phone: +49 2302202860\",\"Fax: +49 23022028620\"]","timestamp":"2025-07-25T16:03:47.452Z"}
{"level":"warn","message":"Skipping invalid key in record: ","timestamp":"2025-07-25T16:03:47.452Z"}
{"level":"warn","message":"Invalid contact format (non-string) for record with PIP number EMEA-000791-PIP01-09: [\"LETI Pharma GmbH\",\"paediatrics@leti.de\",\"Germany\",\"Phone: +49 2302202860\",\"Fax: +49 23022028620\"]","timestamp":"2025-07-25T16:03:47.452Z"}
{"level":"warn","message":"Skipping invalid key in record: ","timestamp":"2025-07-25T16:03:47.452Z"}
{"level":"warn","message":"Invalid contact format (non-string) for record with PIP number EMEA-000790-PIP01-09: [\"LETI Pharma GmbH\",\"paediatrics@leti.de\",\"Germany\",\"Phone: +49 2302202860\",\"Fax: +49 23022028620\"]","timestamp":"2025-07-25T16:03:47.452Z"}
{"level":"warn","message":"Skipping invalid key in record: ","timestamp":"2025-07-25T16:03:47.452Z"}
{"level":"warn","message":"Invalid contact format (non-string) for record with PIP number EMEA-000839-PIP01-10: [\"LETI Pharma GmbH\",\"paediatrics@leti.de\",\"Germany\",\"Phone: +49 2302202860\",\"Fax: +49 23022028620\"]","timestamp":"2025-07-25T16:03:47.452Z"}
{"level":"warn","message":"Skipping invalid key in record: ","timestamp":"2025-07-25T16:03:47.452Z"}
{"level":"warn","message":"Invalid contact format (non-string) for record with PIP number EMEA-000288-PIP01-08-M02: [\"Bayer Schering Pharma AG\",\"pediatrics.medical-affairs-europe@bayerhealthcare.com\",\"Germany\",\"Phone: +49 3046815333\",\"Fax: +49 3046895333\"]","timestamp":"2025-07-25T16:03:47.452Z"}
{"level":"warn","message":"Skipping invalid key in record: ","timestamp":"2025-07-25T16:03:47.452Z"}
{"level":"warn","message":"Invalid contact format (non-string) for record with PIP number Rosuvastatin (calcium): [\"AstraZeneca AB (UK)\",\"Tel. +44 2073045345\",\"E-mail: paediatrics@astrazeneca.com\"]","timestamp":"2025-07-25T16:03:47.452Z"}
{"level":"warn","message":"Skipping invalid key in record: ","timestamp":"2025-07-25T16:03:47.453Z"}
{"level":"warn","message":"Invalid contact format (non-string) for record with PIP number EMEA-000712-PIP01-09: [\"EPMC Pharma SPRL\",\"Hugo.Lagercrantz@ki.se\",\"Sweden\",\"Phone: + 46 8709845273\",\"Fax: + 46 8709845273\"]","timestamp":"2025-07-25T16:03:47.453Z"}
{"level":"info","message":"CSV Headers: Decision number,PIP number,Active substance,Invented name,Therapeutic area,Pharmaceutical forms,Condition / indication,Routes of administration,Decision type,Decision date,Compliance outcome,Compliance opinion date,Compliance procedure number,Contact for public enquiries,First published date,Last updated date,PIP URL,","timestamp":"2025-07-25T16:03:47.453Z"}
{"level":"warn","message":"Skipping invalid key in record: ","timestamp":"2025-07-25T16:03:47.453Z"}
{"level":"warn","message":"Invalid contact format (non-string) for record with PIP number EMEA-000764-PIP01-09: [\"Dr. Franz Köhler Chemie GmbH\",\"info@koehler-chemie.de\",\"Germany\",\"Phone: +49 625110830\",\"Fax: +49 62511083246\"]","timestamp":"2025-07-25T16:03:47.453Z"}
{"level":"warn","message":"Skipping invalid key in record: ","timestamp":"2025-07-25T16:03:47.453Z"}
{"level":"warn","message":"Invalid contact format (non-string) for record with PIP number EMEA-000742-PIP01-09: [\"Allergopharma J. Ganzer KG\",\"info@allergopharma.de\",\"Germany\",\"Phone: +49 40727650\",\"Fax: +49 407227713\"]","timestamp":"2025-07-25T16:03:47.453Z"}
{"level":"warn","message":"Skipping invalid key in record: ","timestamp":"2025-07-25T16:03:47.453Z"}
{"level":"warn","message":"Skipping invalid key in record: ","timestamp":"2025-07-25T16:03:47.453Z"}
{"level":"warn","message":"Invalid contact format (non-string) for record with PIP number Infliximab: [\"Centocor B.V.\",\"info@remicade.eu\",\"The Netherlands\",\"Phone: +31 202015009\",\"Fax: +-*31 713065101\"]","timestamp":"2025-07-25T16:03:47.453Z"}
{"level":"warn","message":"Skipping invalid key in record: ","timestamp":"2025-07-25T16:03:47.454Z"}
{"level":"warn","message":"Invalid contact format (non-string) for record with PIP number EMEA-000789-PIP01-09: [\"LETI Pharma GmbH\",\"paediatrics@leti.de\",\"Germany\",\"Phone: +49 2302202860\",\"Fax: +49 23022028620\"]","timestamp":"2025-07-25T16:03:47.454Z"}
{"level":"warn","message":"Skipping invalid key in record: ","timestamp":"2025-07-25T16:03:47.454Z"}
{"level":"warn","message":"Invalid contact format (non-string) for record with PIP number EMEA-000049-PIP01-07-M03: [\"Sanofi Pharma Bristol-Myers Squibb SNC\",\"sylvie.gabriel@sanofi-aventis.com\",\"France\",\"Phone: +33 153774152\",\"Fax: +33 153774133\"]","timestamp":"2025-07-25T16:03:47.454Z"}
{"level":"warn","message":"Skipping invalid key in record: ","timestamp":"2025-07-25T16:03:47.454Z"}
{"level":"warn","message":"Invalid contact format (non-string) for record with PIP number EMEA-000991-PIP01-10: [\"Laboratoires Théa\",\"E-mail: s.momege@laboratoires-thea.fr\",\"Tel. +33 473981436\"]","timestamp":"2025-07-25T16:03:47.454Z"}
{"level":"warn","message":"Skipping invalid key in record: ","timestamp":"2025-07-25T16:03:47.454Z"}
{"level":"warn","message":"Invalid contact format (non-string) for record with PIP number EMEA-000812-PIP01-09: [\"Allergy Therapeutics (UK) Ltd\",\"Tel. +44(0)1903 844 700\",\"E-mail: infoservices@allergytherapeutics.com\"]","timestamp":"2025-07-25T16:03:47.454Z"}
{"level":"warn","message":"Skipping invalid key in record: ","timestamp":"2025-07-25T16:03:47.454Z"}
{"level":"warn","message":"Invalid contact format (non-string) for record with PIP number EMEA-000807-PIP01-09: [\"Allergy Therapeutics (UK) Ltd\",\"Tel. +44(0)1903 844 700\",\"E-mail: infoservices@allergytherapeutics.com\"]","timestamp":"2025-07-25T16:03:47.454Z"}
{"level":"warn","message":"Skipping invalid key in record: ","timestamp":"2025-07-25T16:03:47.454Z"}
{"level":"warn","message":"Invalid contact format (non-string) for record with PIP number EMEA-000608-PIP01-09: [\"Biosynexus\",\"Incorporated\",\"Veronika.Alt@eraconsulting.com\",\"Germany\",\"Phone:+49 5161989011\",\"Fax: +49 5161989018\"]","timestamp":"2025-07-25T16:03:47.454Z"}
{"level":"warn","message":"Skipping invalid key in record: ","timestamp":"2025-07-25T16:03:47.455Z"}
{"level":"warn","message":"Invalid contact format (non-string) for record with PIP number EMEA-000826-PIP01-09: [\"Vivus BV\",\"Tam@vivus.com\",\"United States\",\"Phone: + 1 6509345200\"]","timestamp":"2025-07-25T16:03:47.455Z"}
{"level":"warn","message":"Skipping invalid key in record: ","timestamp":"2025-07-25T16:03:47.455Z"}
{"level":"warn","message":"Skipping invalid key in record: ","timestamp":"2025-07-25T16:03:47.455Z"}
{"level":"warn","message":"Invalid contact format (non-string) for record with PIP number EMEA-000806-PIP01-09: [\"Allergy Therapeutics (UK) Ltd\",\"Tel. +44(0)1903 844 700\",\"E-mail: infoservices@allergytherapeutics.com\"]","timestamp":"2025-07-25T16:03:47.455Z"}
{"level":"warn","message":"Skipping invalid key in record: ","timestamp":"2025-07-25T16:03:47.455Z"}
{"level":"warn","message":"Invalid contact format (non-string) for record with PIP number EMEA-000894-PIP01-10: [\"LEO Pharma A/S\",\"paediatrics@leo-pharma.com\",\"Denmark\",\"Phone: +45 44945888\",\"Fax: +45 72263321\"]","timestamp":"2025-07-25T16:03:47.455Z"}
{"level":"warn","message":"Skipping invalid key in record: ","timestamp":"2025-07-25T16:03:47.455Z"}
{"level":"warn","message":"Invalid contact format (non-string) for record with PIP number EMEA-000811-PIP01-09: [\"Allergy Therapeutics (UK) Ltd\",\"Tel. +44(0)1903 844 700\",\"E-mail: infoservices@allergytherapeutics.com\"]","timestamp":"2025-07-25T16:03:47.455Z"}
{"level":"warn","message":"Skipping invalid key in record: ","timestamp":"2025-07-25T16:03:47.455Z"}
{"level":"warn","message":"Invalid contact format (non-string) for record with PIP number EMEA-000810-PIP01-09: [\"Allergy Therapeutics (UK) Ltd\",\"Tel. +44(0)1903 844 700\",\"E-mail: infoservices@allergytherapeutics.com\"]","timestamp":"2025-07-25T16:03:47.455Z"}
{"level":"warn","message":"Skipping invalid key in record: ","timestamp":"2025-07-25T16:03:47.455Z"}
{"level":"warn","message":"Invalid contact format (non-string) for record with PIP number EMEA-000814-PIP01-09: [\"Allergy Therapeutics (UK) Ltd.\",\"tom.holdich@allergytherapeutics.com\",\"United Kingdom\",\"Phone: +44 1903844725\",\"Fax: +44 1903844726\"]","timestamp":"2025-07-25T16:03:47.455Z"}
{"level":"warn","message":"Skipping invalid key in record: ","timestamp":"2025-07-25T16:03:47.455Z"}
{"level":"warn","message":"Invalid contact format (non-string) for record with PIP number EMEA-001006-PIP01-10: [\"Boehringer Ingelheim International GmbH\",\"Tel. +49 6132 778271\",\"Email: Paediatrics@boehringer-ingelheim.com\"]","timestamp":"2025-07-25T16:03:47.455Z"}
{"level":"warn","message":"Skipping invalid key in record: ","timestamp":"2025-07-25T16:03:47.455Z"}
{"level":"warn","message":"Invalid contact format (non-string) for record with PIP number Dronabinol: [\"Bionorica AG\",\"info@bionorica.de\",\"Germany\",\"Phone: +49 918132190\",\"Fax: +49 9181231265\"]","timestamp":"2025-07-25T16:03:47.455Z"}
{"level":"warn","message":"Skipping invalid key in record: ","timestamp":"2025-07-25T16:03:47.456Z"}
{"level":"warn","message":"Invalid contact format (non-string) for record with PIP number Fampridine: [\"Acorda Therapeutics\",\"Inc.\",\"CTA.submissions@biogenidec.com\",\"United Kingdom\",\"Phone: +44 1628501000\",\"Fax: +44 1628501010\"]","timestamp":"2025-07-25T16:03:47.456Z"}
{"level":"warn","message":"Skipping invalid key in record: ","timestamp":"2025-07-25T16:03:47.456Z"}
{"level":"warn","message":"Skipping invalid key in record: ","timestamp":"2025-07-25T16:03:47.456Z"}
{"level":"warn","message":"Invalid contact format (non-string) for record with PIP number EMEA-000886-PIP01-10: [\"Hanmi Europe Limited\",\"minasong@hanmi.co.kr\",\"Republic of Korea\",\"+82 24109184\",\"+82 24108799\"]","timestamp":"2025-07-25T16:03:47.456Z"}
{"level":"warn","message":"Skipping invalid key in record: ","timestamp":"2025-07-25T16:03:47.456Z"}
{"level":"warn","message":"Skipping invalid key in record: ","timestamp":"2025-07-25T16:03:47.456Z"}
{"level":"warn","message":"Invalid contact format (non-string) for record with PIP number EMEA-000737-PIP01-09: [\"Clinuvel UK Limited\",\"mail@clinuvel.com\",\"Australia\",\"+61 396604900\",\"+61 396604999\"]","timestamp":"2025-07-25T16:03:47.456Z"}
{"level":"warn","message":"Skipping invalid key in record: ","timestamp":"2025-07-25T16:03:47.456Z"}
{"level":"warn","message":"Skipping invalid key in record: ","timestamp":"2025-07-25T16:03:47.456Z"}
{"level":"warn","message":"Skipping invalid key in record: ","timestamp":"2025-07-25T16:03:47.456Z"}
{"level":"warn","message":"Invalid contact format (non-string) for record with PIP number EMEA-001002-PIP01-10: [\"Sparkle Srl\",\"p.panichelli@sparklepet.it\",\"Italy\",\"+39 0733229739\",\"+39 0733560352\"]","timestamp":"2025-07-25T16:03:47.456Z"}
{"level":"warn","message":"Skipping invalid key in record: ","timestamp":"2025-07-25T16:03:47.456Z"}
{"level":"warn","message":"Invalid contact format (non-string) for record with PIP number EMEA-000998-PIP01-10: [\"Pfizer Ltd\",\"United Kingdom\",\"E-mail: kulminder.nowacki@pfizer.com\",\"Tel. +44 (0)1628 692253\",\"Fax +44 (0)1628 692283\"]","timestamp":"2025-07-25T16:03:47.456Z"}
{"level":"warn","message":"Skipping invalid key in record: ","timestamp":"2025-07-25T16:03:47.456Z"}
{"level":"warn","message":"Skipping invalid key in record: ","timestamp":"2025-07-25T16:03:47.456Z"}
{"level":"warn","message":"Invalid contact format (non-string) for record with PIP number EMEA-000915-PIP01-10: [\"Sanofi-aventis R&D\",\"sylvie.gabriel@sanofi-aventis.com\",\"France\",\"+33 153774152\",\"+33 153774133\"]","timestamp":"2025-07-25T16:03:47.456Z"}
{"level":"warn","message":"Skipping invalid key in record: ","timestamp":"2025-07-25T16:03:47.457Z"}
{"level":"warn","message":"Skipping invalid key in record: ","timestamp":"2025-07-25T16:03:47.457Z"}
{"level":"warn","message":"Invalid contact format (non-string) for record with PIP number EMEA-000687-PIP01-09-M02: [\"GlaxoSmithKline Biologicals S.A. (UK)\",\"E-mail: eu.paediatric-plans@gsk.com\",\"Tel.: +1 438 899 8201\"]","timestamp":"2025-07-25T16:03:47.457Z"}
{"level":"warn","message":"Skipping invalid key in record: ","timestamp":"2025-07-25T16:03:47.457Z"}
{"level":"warn","message":"Invalid contact format (non-string) for record with PIP number EMEA-000892-PIP01-10: [\"MEDA Pharma GmbH & Co. KG\",\"info@medapharma.de\",\"Country: Germany\",\"Phone: +49 617288801\",\"Fax: +49 61728881112\"]","timestamp":"2025-07-25T16:03:47.457Z"}
{"level":"warn","message":"Skipping invalid key in record: ","timestamp":"2025-07-25T16:03:47.457Z"}
{"level":"warn","message":"Skipping invalid key in record: ","timestamp":"2025-07-25T16:03:47.457Z"}
{"level":"warn","message":"Invalid contact format (non-string) for record with PIP number EMEA-001000-PIP01-10: [\"Krka\",\"d.d.\",\"Novo mesto\",\"helen.staresinic@krka.biz\",\"Country: Slovenia\",\"Phone: +385 99110291\",\"Fax: +385 16312153\"]","timestamp":"2025-07-25T16:03:47.457Z"}
{"level":"warn","message":"Skipping invalid key in record: ","timestamp":"2025-07-25T16:03:47.457Z"}
{"level":"warn","message":"Skipping invalid key in record: ","timestamp":"2025-07-25T16:03:47.457Z"}
{"level":"warn","message":"Invalid contact format (non-string) for record with PIP number EMEA-000983-PIP01-10: [\"Krka\",\"d.d.\",\"Novo mesto\",\"E-mail: sendi.kersnic@krka.biz\",\"Tel. +386 1475 1159\"]","timestamp":"2025-07-25T16:03:47.457Z"}
{"level":"warn","message":"Skipping invalid key in record: ","timestamp":"2025-07-25T16:03:47.457Z"}
{"level":"warn","message":"Invalid contact format (non-string) for record with PIP number Darunavir: [\"Janssen-Cilag International NV\",\"E-mail: info@its.jnj.com\",\"Country: Belgium\",\"Phone: +32 15293100\",\"Fax: +32 15286347\"]","timestamp":"2025-07-25T16:03:47.457Z"}
{"level":"warn","message":"Skipping invalid key in record: ","timestamp":"2025-07-25T16:03:47.457Z"}
{"level":"warn","message":"Invalid contact format (non-string) for record with PIP number EMEA-000829-PIP01-09: [\"Teva Pharma B.V.\",\"Sonja.Katanec-Frankovic@pliva.com\",\"Lidija.Brnic@pliva.com\",\"Silvana.Giljanovic@pliva.hr\",\"Country: Croatia\",\"Phone: +385 13723085\",\"Fax: +385 3723157\"]","timestamp":"2025-07-25T16:03:47.457Z"}
{"level":"warn","message":"Skipping invalid key in record: ","timestamp":"2025-07-25T16:03:47.457Z"}
{"level":"warn","message":"Invalid contact format (non-string) for record with PIP number EMEA-000663-PIP01-09-M03: [\"Novartis Vaccines & Diagnostics GmbH & Co. KG\",\"E-mail: pip.seq@seqirus.com\",\"Phone: +39 0577 243046\"]","timestamp":"2025-07-25T16:03:47.457Z"}
{"level":"warn","message":"Skipping invalid key in record: ","timestamp":"2025-07-25T16:03:47.457Z"}
{"level":"warn","message":"Invalid contact format (non-string) for record with PIP number EMEA-000823-PIP01-10: [\"Gedeon Richter Plc.\",\"E-mail: mrpRichter@richter.hu\",\"Country: Hungary\",\"Phone: +36 14314040\",\"Fax: +36 14315415\"]","timestamp":"2025-07-25T16:03:47.458Z"}
{"level":"warn","message":"Skipping invalid key in record: ","timestamp":"2025-07-25T16:03:47.458Z"}
{"level":"warn","message":"Invalid contact format (non-string) for record with PIP number EMEA-000884-PIP01-10: [\"FoldRx Pharmaceuticals\",\"E-mail: PIP_enquiries@pfizer.com\",\"United States\",\"Phone: +44 1304 646607\",\"Fax: +44 1304 653601\"]","timestamp":"2025-07-25T16:03:47.458Z"}
{"level":"warn","message":"Skipping invalid key in record: ","timestamp":"2025-07-25T16:03:47.458Z"}
{"level":"warn","message":"Invalid contact format (non-string) for record with PIP number EMEA-000887-PIP01-10: [\"EGIS Pharmaceuticals PLC\",\"E-mail: registry@egis.hu\",\"Country: Hungary\",\"Phone: +36 14692414\",\"Fax: +36 14692415\"]","timestamp":"2025-07-25T16:03:47.458Z"}
{"level":"warn","message":"Skipping invalid key in record: ","timestamp":"2025-07-25T16:03:47.458Z"}
{"level":"warn","message":"Invalid contact format (non-string) for record with PIP number EMEA-000641-PIP01-09: [\"Lactest SL\",\"E-mail: jlmartin@lactest.com\",\"Country: Spain\",\"Phone: +34911467897\",\"Fax: +34 915938262\"]","timestamp":"2025-07-25T16:03:47.458Z"}
{"level":"info","message":"CSV Headers: Decision number,PIP number,Active substance,Invented name,Therapeutic area,Pharmaceutical forms,Condition / indication,Routes of administration,Decision type,Decision date,Compliance outcome,Compliance opinion date,Compliance procedure number,Contact for public enquiries,First published date,Last updated date,PIP URL,","timestamp":"2025-07-25T16:03:47.458Z"}
{"level":"warn","message":"Skipping invalid key in record: ","timestamp":"2025-07-25T16:03:47.458Z"}
{"level":"warn","message":"Invalid contact format (non-string) for record with PIP number EMEA-000198-PIP04-10: [\"Allergan Pharmaceuticals International Limited\",\"E-mail: ml-eu_reg_affairs@allergan.com\",\"Tel. +44 (0)1628 4944444\"]","timestamp":"2025-07-25T16:03:47.458Z"}
{"level":"warn","message":"Skipping invalid key in record: ","timestamp":"2025-07-25T16:03:47.458Z"}
{"level":"warn","message":"Invalid contact format (non-string) for record with PIP number Lidocaine/tetracaine: [\"ZARS Pharma\",\"E-mail: PliaglisEU@zars.com\",\"Country: United States\",\"Phone: +1 8013500202\",\"Fax: +1 8013500909\"]","timestamp":"2025-07-25T16:03:47.458Z"}
{"level":"warn","message":"Skipping invalid key in record: ","timestamp":"2025-07-25T16:03:47.458Z"}
{"level":"warn","message":"Skipping invalid key in record: ","timestamp":"2025-07-25T16:03:47.458Z"}
{"level":"warn","message":"Invalid contact format (non-string) for record with PIP number P/116/2010: [\"Ipsen Pharma\",\"E-mail: paediatrics.plans@ipsen.com\",\"Tel. +33 58335820\"]","timestamp":"2025-07-25T16:03:47.458Z"}
{"level":"warn","message":"Skipping invalid key in record: ","timestamp":"2025-07-25T16:03:47.458Z"}
{"level":"warn","message":"Invalid contact format (non-string) for record with PIP number P/117/2010: [\"Temmler Werke GmbH\",\"E-mail: avril.mankel@ndareg.com\",\"Tel.: +49 8935854000\"]","timestamp":"2025-07-25T16:03:47.458Z"}
{"level":"warn","message":"Skipping invalid key in record: ","timestamp":"2025-07-25T16:03:47.459Z"}
{"level":"warn","message":"Invalid contact format (non-string) for record with PIP number P/118/2010: [\"Eisai Ltd\",\"E-mail: angela_miller@eisai.net\",\"Country: United Kingdom\",\"Phone: +44 8456765089\"]","timestamp":"2025-07-25T16:03:47.459Z"}
{"level":"warn","message":"Skipping invalid key in record: ","timestamp":"2025-07-25T16:03:47.459Z"}
{"level":"warn","message":"Invalid contact format (non-string) for record with PIP number P/111/2010: [\"CSI GmbH\",\"E-mail: CSI.GmbH.cs@gmail.com\",\"Tel.: +1 4083706150\"]","timestamp":"2025-07-25T16:03:47.459Z"}
{"level":"warn","message":"Skipping invalid key in record: ","timestamp":"2025-07-25T16:03:47.459Z"}
{"level":"warn","message":"Invalid contact format (non-string) for record with PIP number EMEA-000250-PIP01-08-M02: [\"N.V. Organon\",\"Tel. +33 180 464 738\",\"E-mail: pip.information@merck.com\"]","timestamp":"2025-07-25T16:03:47.459Z"}
{"level":"warn","message":"Skipping invalid key in record: ","timestamp":"2025-07-25T16:03:47.459Z"}
{"level":"warn","message":"Invalid contact format (non-string) for record with PIP number Diamorphine hydrochloride: [\"Genus Pharmaceuticals Limited\",\"E-mail: katyg@genuspharma.com\",\"Country: United Kingdom\",\"Phone: +44 1635568405\"]","timestamp":"2025-07-25T16:03:47.459Z"}
{"level":"warn","message":"Skipping invalid key in record: ","timestamp":"2025-07-25T16:03:47.459Z"}
{"level":"warn","message":"Invalid contact format (non-string) for record with PIP number EMEA-000781-PIP01-09: [\"Bayer Schering Pharma AG\",\"E-mail: pediatrics.medical-affairs-europe@bayerhealthcare.com\",\"Country: Germany\",\"Phone: +49 3046815333\",\"Fax: +49 3046815333\"]","timestamp":"2025-07-25T16:03:47.459Z"}
{"level":"warn","message":"Skipping invalid key in record: ","timestamp":"2025-07-25T16:03:47.460Z"}
{"level":"warn","message":"Invalid contact format (non-string) for record with PIP number Diamorphine: [\"Azanta A/S\",\"E-mail: cm@azanta.com\",\"Country: Denmark\",\"Phone: +45 33267477\"]","timestamp":"2025-07-25T16:03:47.460Z"}
{"level":"warn","message":"Skipping invalid key in record: ","timestamp":"2025-07-25T16:03:47.460Z"}
{"level":"warn","message":"Invalid contact format (non-string) for record with PIP number Forodesine hydrochloride: [\"Mundipharma Research Ltd\",\"E-mail: paediatric@mundipharma-rd.eu\",\"Country: United Kingdom\",\"Phone: +44 1223424900\",\"Fax: +44 1223426054\"]","timestamp":"2025-07-25T16:03:47.460Z"}
{"level":"warn","message":"Skipping invalid key in record: ","timestamp":"2025-07-25T16:03:47.460Z"}
{"level":"warn","message":"Invalid contact format (non-string) for record with PIP number Octocog alfa: [\"Baxter AG\",\"E-mail: juliana_brankova@baxter.com\",\"Country: Austria\",\"Phone: +43 1201002548\",\"Fax: + 43 120100727\"]","timestamp":"2025-07-25T16:03:47.460Z"}
{"level":"warn","message":"Skipping invalid key in record: ","timestamp":"2025-07-25T16:03:47.460Z"}
{"level":"warn","message":"Invalid contact format (non-string) for record with PIP number Avotermin: [\"Renovo Ltd\",\"E-mail: David.Fairlamb@renovo.com\",\"Country: United Kingdom\",\"Phone: +44 1612767132\",\"Fax: +44 1612767200\"]","timestamp":"2025-07-25T16:03:47.460Z"}
{"level":"warn","message":"Skipping invalid key in record: ","timestamp":"2025-07-25T16:03:47.460Z"}
{"level":"warn","message":"Skipping invalid key in record: ","timestamp":"2025-07-25T16:03:47.460Z"}
{"level":"warn","message":"Invalid contact format (non-string) for record with PIP number P/86/2010: [\"AstraZeneca AB (UK)\",\"Tel. +44 2037496236\",\"E-mail: paediatrics@astrazeneca.com\"]","timestamp":"2025-07-25T16:03:47.460Z"}
{"level":"warn","message":"Skipping invalid key in record: ","timestamp":"2025-07-25T16:03:47.460Z"}
{"level":"warn","message":"Invalid contact format (non-string) for record with PIP number EMEA-000351-PIP01-08: [\"Schering-Plough Research Institute\",\"a division of Schering Corporation\",\"E-mail: regaffairseurope@organon.com\",\"Tel: +31 412770000\"]","timestamp":"2025-07-25T16:03:47.461Z"}
{"level":"warn","message":"Skipping invalid key in record: ","timestamp":"2025-07-25T16:03:47.461Z"}
{"level":"warn","message":"Invalid contact format (non-string) for record with PIP number P/82/2010: [\"Merck Sharp & Dohme Ltd\",\"Belgium\",\"E-mail: pip.information@merck.com\",\"Tel. +31 412663179\",\"Fax +31 412662571\"]","timestamp":"2025-07-25T16:03:47.461Z"}
{"level":"warn","message":"Skipping invalid key in record: ","timestamp":"2025-07-25T16:03:47.461Z"}
{"level":"warn","message":"Invalid contact format (non-string) for record with PIP number P/91/2010: [\"Campharm Ltd.\",\"E-mail: craig.mccarthy@campharm.eu\",\"Country: France\",\"Phone: +33 494508996\",\"Fax: +33 494506824\"]","timestamp":"2025-07-25T16:03:47.461Z"}
{"level":"warn","message":"Skipping invalid key in record: ","timestamp":"2025-07-25T16:03:47.461Z"}
{"level":"warn","message":"Invalid contact format (non-string) for record with PIP number P/90/2010: [\"Orfagen\",\"E-mail: info@orfagen.com\",\"Country: France\",\"Phone: +33 562247683\",\"Fax: +33 562247686\"]","timestamp":"2025-07-25T16:03:47.461Z"}
{"level":"warn","message":"Skipping invalid key in record: ","timestamp":"2025-07-25T16:03:47.461Z"}
{"level":"warn","message":"Invalid contact format (non-string) for record with PIP number P/93/2010: [\"Merck Sharp & Dohme (Europe)\",\"Inc.\",\"Belgium\",\"E-mail: pip.information@merck.com\",\"Tel. +31 412663179\",\"Fax +31 412662571\"]","timestamp":"2025-07-25T16:03:47.461Z"}
{"level":"warn","message":"Skipping invalid key in record: ","timestamp":"2025-07-25T16:03:47.461Z"}
{"level":"warn","message":"Invalid contact format (non-string) for record with PIP number Levonorgestrel: [\"Bayer Schering Pharma AG\",\"E-mail: pediatrics.medical-affairs-europe@bayerhealthcare.com\",\"Country: Germany\",\"Phone: +49 3046815333\",\"Fax: +49 3046895333\"]","timestamp":"2025-07-25T16:03:47.461Z"}
{"level":"warn","message":"Skipping invalid key in record: ","timestamp":"2025-07-25T16:03:47.461Z"}
{"level":"warn","message":"Invalid contact format (non-string) for record with PIP number Esomeprazole magnesium/acetylsalisylic acid: [\"AstraZeneca AB (Sweden)\",\"Tel. +46 8 5532791\",\"E-mail: paediatrics@astrazeneca.com\"]","timestamp":"2025-07-25T16:03:47.461Z"}
{"level":"warn","message":"Skipping invalid key in record: ","timestamp":"2025-07-25T16:03:47.462Z"}
{"level":"warn","message":"Invalid contact format (non-string) for record with PIP number Budesonide / salmeterol xinafoate: [\"Laboratoires SMB s.a.\",\"E-mail: regulatory@smb.be\",\"Country: Belgium\",\"Phone: +32 24114828\"]","timestamp":"2025-07-25T16:03:47.462Z"}
{"level":"warn","message":"Skipping invalid key in record: ","timestamp":"2025-07-25T16:03:47.462Z"}
{"level":"warn","message":"Invalid contact format (non-string) for record with PIP number Tartaric acid: [\"Pneumoflex E.U. Limited\",\"E-mail: info@interfaceconsultancy.com\",\"Country: United Kingdom\",\"Phone: +44 1377288420\",\"Fax: +44 1377288420\"]","timestamp":"2025-07-25T16:03:47.462Z"}
{"level":"warn","message":"Skipping invalid key in record: ","timestamp":"2025-07-25T16:03:47.462Z"}
{"level":"warn","message":"Invalid contact format (non-string) for record with PIP number Taliglucerase alfa: [\"Protalix B.V.\",\"einata@protalix.com\",\"Israel\",\"Phone: +972 9028100 / ext.137\",\"Fax: +972 9889489\"]","timestamp":"2025-07-25T16:03:47.462Z"}
{"level":"warn","message":"Skipping invalid key in record: ","timestamp":"2025-07-25T16:03:47.462Z"}
{"level":"warn","message":"Skipping invalid key in record: ","timestamp":"2025-07-25T16:03:47.462Z"}
{"level":"warn","message":"Invalid contact format (non-string) for record with PIP number Dalcetrapib: [\"Roche Registration Limited\",\"info.paediatrics@roche.com\",\"Switzerland\",\"Phone: +41 616879411\",\"Fax: +41 616879233\"]","timestamp":"2025-07-25T16:03:47.462Z"}
{"level":"warn","message":"Skipping invalid key in record: ","timestamp":"2025-07-25T16:03:47.462Z"}
{"level":"warn","message":"Skipping invalid key in record: ","timestamp":"2025-07-25T16:03:47.462Z"}
{"level":"warn","message":"Skipping invalid key in record: ","timestamp":"2025-07-25T16:03:47.462Z"}
{"level":"warn","message":"Skipping invalid key in record: ","timestamp":"2025-07-25T16:03:47.462Z"}
{"level":"warn","message":"Invalid contact format (non-string) for record with PIP number EMEA-000744-PIP01-09: [\"Novartis Europharm Ltd.\",\"E-mail: paediatric.enquiries@novartis.com\",\"Country: Switzerland\",\"Phone: +41 61 324 1111\",\"Fax: +41 61 324 8001\"]","timestamp":"2025-07-25T16:03:47.462Z"}
{"level":"warn","message":"Skipping invalid key in record: ","timestamp":"2025-07-25T16:03:47.462Z"}
{"level":"warn","message":"Invalid contact format (non-string) for record with PIP number P/4/2010: [\"ZooBiotic Limited\",\"E-mail: enquiries@zoobiotic.co.uk\",\"Country: United Kingdom\",\"Phone: +44 8452301810\",\"Fax: +44 1656668047\"]","timestamp":"2025-07-25T16:03:47.462Z"}
{"level":"warn","message":"Skipping invalid key in record: ","timestamp":"2025-07-25T16:03:47.463Z"}
{"level":"warn","message":"Invalid contact format (non-string) for record with PIP number P/9/2010: [\"Italfarmaco SpA\",\"E-mail: c.durzo@italfarmaco.com\",\"Country: Italy\",\"Phone: +39 0264432584\",\"Fax: +39 0264433554\"]","timestamp":"2025-07-25T16:03:47.463Z"}
{"level":"warn","message":"Skipping invalid key in record: ","timestamp":"2025-07-25T16:03:47.463Z"}
{"level":"warn","message":"Invalid contact format (non-string) for record with PIP number EMEA-000552-PIP01-0: [\"Abbott Laboratories Ltd\",\"E-mail: pediatric_oncology_immunology@abbott.com\",\"Country: United Kingdom\",\"Phone: +44 1628644475\",\"Fax: +44 1628644330\"]","timestamp":"2025-07-25T16:03:47.463Z"}
{"level":"warn","message":"Skipping invalid key in record: ","timestamp":"2025-07-25T16:03:47.463Z"}
{"level":"warn","message":"Skipping invalid key in record: ","timestamp":"2025-07-25T16:03:47.463Z"}
{"level":"warn","message":"Invalid contact format (non-string) for record with PIP number P/5/2010: [\"Gedeon Richter Plc.\",\"E-mail: mrpRichter@richter.hu\",\"Country: Hungary\",\"Phone: +36 14314040\",\"Fax: +36 14315415\"]","timestamp":"2025-07-25T16:03:47.463Z"}
{"level":"warn","message":"Skipping invalid key in record: ","timestamp":"2025-07-25T16:03:47.463Z"}
{"level":"warn","message":"Invalid contact format (non-string) for record with PIP number Fluorouracil / salicylic acid: [\"Almirall Hermal GmbH\",\"E-mail: info@alimirall.de\",\"Country: Germany\",\"Phone: +49 40727040\",\"Fax: +49 407229296\"]","timestamp":"2025-07-25T16:03:47.463Z"}
{"level":"warn","message":"Skipping invalid key in record: ","timestamp":"2025-07-25T16:03:47.463Z"}
{"level":"warn","message":"Invalid contact format (non-string) for record with PIP number Tramadol hydrochloride, Paracetamol: [\"Labopharm Europe Limited\",\"E-mail: info@labopharm.com\",\"Country: Ireland\",\"Phone: +353 18540140\",\"Fax: +353 18540144\"]","timestamp":"2025-07-25T16:03:47.463Z"}
{"level":"warn","message":"Skipping invalid key in record: ","timestamp":"2025-07-25T16:03:47.463Z"}
{"level":"warn","message":"Invalid contact format (non-string) for record with PIP number Amlodipine besilate / bisoprolol fumarate: [\"EGIS Pharmaceuticals PLC\",\"E-mail: regulatory@egis.hu\",\"Country:  Hungary\",\"Phone: +36 14692414\",\"Fax: +36 14692415\"]","timestamp":"2025-07-25T16:03:47.463Z"}
{"level":"warn","message":"Skipping invalid key in record: ","timestamp":"2025-07-25T16:03:47.463Z"}
{"level":"warn","message":"Invalid contact format (non-string) for record with PIP number Tramadol hydrochloride, Paracetamol: [\"Labopharm Europe Limited\",\"E-mail: info@labopharm.com\",\"Country: Ireland\",\"Phone: +353 18540140\",\"Fax: +353 18540144\"]","timestamp":"2025-07-25T16:03:47.463Z"}
{"level":"warn","message":"Skipping invalid key in record: ","timestamp":"2025-07-25T16:03:47.463Z"}
{"level":"warn","message":"Invalid contact format (non-string) for record with PIP number Fentanyl citrate: [\"Nycomed Danmark ApS\",\"E-mail: corporatecommunications@nycomed.com\",\"Country: Switzerland\",\"Phone: +41 445551510\"]","timestamp":"2025-07-25T16:03:47.463Z"}
{"level":"warn","message":"Skipping invalid key in record: ","timestamp":"2025-07-25T16:03:47.463Z"}
{"level":"warn","message":"Invalid contact format (non-string) for record with PIP number Saxagliptin / metformin: [\"Bristol-Myers Squibb / AstraZeneca EEIG\",\"Email: medical.information@bms.com\",\"Tel.: +44 1895523740\"]","timestamp":"2025-07-25T16:03:47.463Z"}
{"level":"warn","message":"Skipping invalid key in record: ","timestamp":"2025-07-25T16:03:47.463Z"}
{"level":"warn","message":"Invalid contact format (non-string) for record with PIP number EMEA-000564-PIP01-09: [\"Vale Pharmaceuticals Limited\",\"E-mail: majella.ryan@ivowen.com\",\"Country: Ireland\",\"Phone: +353 526180664\",\"Fax: +353 526180665\"]","timestamp":"2025-07-25T16:03:47.463Z"}
{"level":"info","message":"CSV Headers: Decision number,PIP number,Active substance,Invented name,Therapeutic area,Pharmaceutical forms,Condition / indication,Routes of administration,Decision type,Decision date,Compliance outcome,Compliance opinion date,Compliance procedure number,Contact for public enquiries,First published date,Last updated date,PIP URL,","timestamp":"2025-07-25T16:03:47.463Z"}
{"level":"warn","message":"Skipping invalid key in record: ","timestamp":"2025-07-25T16:03:47.464Z"}
{"level":"warn","message":"Invalid contact format (non-string) for record with PIP number Allogeneic ex vivo expanded umbilical cord blood cells: [\"Teva Pharma GmbH\",\"E-mail: Ekkehard.Baader@TEVA.DE\",\"Country: Germany\",\"Phone: +49 61059767617\",\"Fax: +49 61059767660\"]","timestamp":"2025-07-25T16:03:47.464Z"}
{"level":"warn","message":"Skipping invalid key in record: ","timestamp":"2025-07-25T16:03:47.464Z"}
{"level":"warn","message":"Invalid contact format (non-string) for record with PIP number EMEA-000492-PIP01-08-M01: [\"Bayer Schering Pharma AG\",\"E-mail: steven.kowalsky@bayer.com\",\"Country: United States\",\"Phone: +1 9734872107\"]","timestamp":"2025-07-25T16:03:47.464Z"}
{"level":"warn","message":"Skipping invalid key in record: ","timestamp":"2025-07-25T16:03:47.464Z"}
{"level":"warn","message":"Invalid contact format (non-string) for record with PIP number EMEA-000612-PIP01-09: [\"INO Therapeutics AB\",\"E-mail: Cecilia.dahlgren@linde-gas.com\",\"Country: Sweden\",\"Phone: +46 702500055\",\"Fax: +46 87655287\"]","timestamp":"2025-07-25T16:03:47.464Z"}
{"level":"warn","message":"Skipping invalid key in record: ","timestamp":"2025-07-25T16:03:47.464Z"}
{"level":"warn","message":"Invalid contact format (non-string) for record with PIP number EMEA-000281-PIP01-08-M02: [\"Roche Registration Limited\",\"E-mail: info.paediatrics@roche.com\",\"Tel.: +41 616879411\"]","timestamp":"2025-07-25T16:03:47.464Z"}
{"level":"warn","message":"Skipping invalid key in record: ","timestamp":"2025-07-25T16:03:47.464Z"}
{"level":"warn","message":"Invalid contact format (non-string) for record with PIP number EMEA-000493-PIP01-08-M01: [\"Bayer Schering Pharma AG\",\"E-mail: steven.kowalsky@bayer.com\",\"Country: United States\",\"Phone: +1 9734872107\"]","timestamp":"2025-07-25T16:03:47.464Z"}
{"level":"warn","message":"Skipping invalid key in record: ","timestamp":"2025-07-25T16:03:47.464Z"}
{"level":"warn","message":"Invalid contact format (non-string) for record with PIP number EMEA-000491-PIP01-08-M01: [\"Bayer Schering Pharma AG\",\"E-mail: steven.kowalsky@bayer.com\",\"Country: United States\",\"Phone: +1 9734872107\"]","timestamp":"2025-07-25T16:03:47.464Z"}
{"level":"warn","message":"Skipping invalid key in record: ","timestamp":"2025-07-25T16:03:47.464Z"}
{"level":"warn","message":"Invalid contact format (non-string) for record with PIP number EMEA-000656-PIP01-09: [\"Novartis Europharm Ltd.\",\"E-mail: paediatric.enquiries@novartis.com\",\"Country: Switzerland\",\"Phone: +41 61 324 1111\",\"Fax: +41 61 324 8001\"]","timestamp":"2025-07-25T16:03:47.464Z"}
{"level":"warn","message":"Skipping invalid key in record: ","timestamp":"2025-07-25T16:03:47.464Z"}
{"level":"warn","message":"Invalid contact format (non-string) for record with PIP number EMEA-000631-PIP01-09: [\"Ferrer Internacional\",\"S.A\",\"E-mail: jrandreu@ferrergrupo.com / silviamartin@ferrergrupo.com\",\"Phone: +34 936003801 / +34 935093227\"]","timestamp":"2025-07-25T16:03:47.464Z"}
{"level":"warn","message":"Skipping invalid key in record: ","timestamp":"2025-07-25T16:03:47.464Z"}
{"level":"warn","message":"Invalid contact format (non-string) for record with PIP number Latanoprost: [\"Pfizer Global Research & Development\",\"E-mail: PIP_Enquiries@pfizer.com\",\"Country: United Kingdom\",\"Phone: +44 13046446607\",\"Fax: +44 1304646607\"]","timestamp":"2025-07-25T16:03:47.464Z"}
{"level":"warn","message":"Skipping invalid key in record: ","timestamp":"2025-07-25T16:03:47.465Z"}
{"level":"warn","message":"Invalid contact format (non-string) for record with PIP number Soluble yeast beta-1,3/1,6-glucan: [\"Biotec Pharmacon ASA\",\"E-mail: info@biotec.no\",\"Country: Norway\",\"Phone: +47 77648900\",\"Fax: +4777648901\"]","timestamp":"2025-07-25T16:03:47.465Z"}
{"level":"info","message":"Processed 3000 records (inserted: 1994, updated: 6, skipped: 7)","timestamp":"2025-07-25T16:03:47.465Z"}
{"level":"warn","message":"Skipping invalid key in record: ","timestamp":"2025-07-25T16:03:47.465Z"}
{"level":"warn","message":"Invalid contact format (non-string) for record with PIP number Olmesartan medoxomil / amlodipine besilate / hydrochlorothiazide: [\"Daiichi Sankyo Europe GmbH\",\"E-mail: service@daiichi-sankyo.eu\",\"Country: Germany\",\"Phone: +49 8978080\",\"Fax: +49 897808267\"]","timestamp":"2025-07-25T16:03:47.465Z"}
{"level":"warn","message":"Skipping invalid key in record: ","timestamp":"2025-07-25T16:03:47.466Z"}
{"level":"warn","message":"Invalid contact format (non-string) for record with PIP number Olmesartan medoxomil / amlodipine besilate / hydrochlorothiazide: [\"Daiichi Sankyo Europe GmbH\",\"E-mail: service@daiichi-sankyo.eu\",\"Country: Germany\",\"Phone: +49 8978080\",\"Fax: +49 897808267\"]","timestamp":"2025-07-25T16:03:47.466Z"}
{"level":"warn","message":"Skipping invalid key in record: ","timestamp":"2025-07-25T16:03:47.466Z"}
{"level":"warn","message":"Invalid contact format (non-string) for record with PIP number EMEA-000658-PIP01-08: [\"NV Organon (part of Schering Plough)\",\"Tel.+ 33 180 464 738\",\"E-mail: pip.information@merck.com\"]","timestamp":"2025-07-25T16:03:47.466Z"}
{"level":"warn","message":"Skipping invalid key in record: ","timestamp":"2025-07-25T16:03:47.466Z"}
{"level":"warn","message":"Invalid contact format (non-string) for record with PIP number Olmesartan medoxomil / amlodipine besilate / hydrochlorothiazide: [\"Daiichi Sankyo Europe GmbH\",\"E-mail: service@daiichi-sankyo.eu\",\"Country: Germany\",\"Phone: +49 8978080\",\"Fax: +49 897808267\"]","timestamp":"2025-07-25T16:03:47.466Z"}
{"level":"warn","message":"Skipping invalid key in record: ","timestamp":"2025-07-25T16:03:47.466Z"}
{"level":"warn","message":"Invalid contact format (non-string) for record with PIP number Ibuprofen / Famotidine: [\"Horizon Therapeutics Inc.\",\"E-mail: twalbert@horizontherapeutics.com\",\"Tel.: +1 2243833000\"]","timestamp":"2025-07-25T16:03:47.466Z"}
{"level":"warn","message":"Skipping invalid key in record: ","timestamp":"2025-07-25T16:03:47.466Z"}
{"level":"warn","message":"Skipping invalid key in record: ","timestamp":"2025-07-25T16:03:47.466Z"}
{"level":"warn","message":"Invalid contact format (non-string) for record with PIP number Clopidogrel: [\"Bristol-Myers Squibb Pharma EEIG\",\"E-mail: sylvie.gabriel@sanofi-aventis.com\",\"Country: France\",\"Phone: +33 153774152\",\"Fax: +33 153774133\"]","timestamp":"2025-07-25T16:03:47.466Z"}
{"level":"info","message":"Processed batch: inserted 992, updated 8","timestamp":"2025-07-25T16:03:52.816Z"}
{"level":"warn","message":"Skipping invalid key in record: ","timestamp":"2025-07-25T16:03:52.817Z"}
{"level":"warn","message":"Invalid contact format (non-string) for record with PIP number Ulipristal acetate: [\"PregLem SA\",\"E-mail: info@preglem.com\",\"Country: Switzerland\",\"Phone: +41 228840340\",\"Fax: +41 228840349\"]","timestamp":"2025-07-25T16:03:52.817Z"}
{"level":"warn","message":"Skipping invalid key in record: ","timestamp":"2025-07-25T16:03:52.817Z"}
{"level":"warn","message":"Invalid contact format (non-string) for record with PIP number Chloroprocaine hydrochloride: [\"Sintetica Italia S.r.l\",\"E-mail: italia@sintetica.com\",\"Country: Switzerland\",\"Phone: +41 916404250\",\"Fax: +41 916468561\"]","timestamp":"2025-07-25T16:03:52.817Z"}
{"level":"warn","message":"Skipping invalid key in record: ","timestamp":"2025-07-25T16:03:52.817Z"}
{"level":"warn","message":"Invalid contact format (non-string) for record with PIP number Skimmed cow's milk powder: [\"DBV Technologies\",\"E-mail: isabelle.pascal@dbv-technologies.com / laurent.martin@dbv-technologies.com\",\"Country: France\",\"Phone: +33 155427895\",\"Fax: +33 143261083\"]","timestamp":"2025-07-25T16:03:52.818Z"}
{"level":"warn","message":"Skipping invalid key in record: ","timestamp":"2025-07-25T16:03:52.818Z"}
{"level":"warn","message":"Invalid contact format (non-string) for record with PIP number EMEA-000315-PIP01-08: [\"Recordati Rare Diseases\",\"Tel. +33 1 47 73 64 58\",\"E-mail: RRDinfo@recordati.com\"]","timestamp":"2025-07-25T16:03:52.818Z"}
{"level":"warn","message":"Skipping invalid key in record: ","timestamp":"2025-07-25T16:03:52.818Z"}
{"level":"warn","message":"Invalid contact format (non-string) for record with PIP number EMEA-000565-PIP01-09: [\"Eli Lilly & Company Limited\",\"E-mail: eu_paediatric@lilly.com\",\"Tel. +44 (0)1276 483000\"]","timestamp":"2025-07-25T16:03:52.818Z"}
{"level":"warn","message":"Skipping invalid key in record: ","timestamp":"2025-07-25T16:03:52.819Z"}
{"level":"warn","message":"Invalid contact format (non-string) for record with PIP number Clopidogrel: [\"Sanofi Pharma Bristol-Myers Squibb SNC\",\"E-mail: sylvie.gabriel@sanofi-aventis.com\",\"Country: France\",\"Phone: +33 153774152\",\"Fax: +33 153774133\"]","timestamp":"2025-07-25T16:03:52.819Z"}
{"level":"warn","message":"Skipping invalid key in record: ","timestamp":"2025-07-25T16:03:52.819Z"}
{"level":"warn","message":"Invalid contact format (non-string) for record with PIP number EMEA-000012-PIP01-07-M01: [\"Merck Sharp & Dohme Ltd.\",\"E-mail: regaffairseurope@organon.com\",\"Tel: +31 412770000\"]","timestamp":"2025-07-25T16:03:52.819Z"}
{"level":"warn","message":"Skipping invalid key in record: ","timestamp":"2025-07-25T16:03:52.819Z"}
{"level":"warn","message":"Invalid contact format (non-string) for record with PIP number Aluminium hydroxide adsorbed, depigmented glutaraldehyde polymerized, allergenic extract of birch, alder and hazel pollen: [\"LETI Pharma GmbH\",\"E-mail: renner@leti.de\",\"Country: Germany\",\"Phone: +49 2302202860\",\"Fax: +49 23022028620\"]","timestamp":"2025-07-25T16:03:52.819Z"}
{"level":"warn","message":"Skipping invalid key in record: ","timestamp":"2025-07-25T16:03:52.819Z"}
{"level":"warn","message":"Invalid contact format (non-string) for record with PIP number EMEA-000331-PIP01-08-M01: [\"AstraZeneca AB (Sweden)\",\"Tel. +46 8 5532791\",\"E-mail: paediatrics@astrazeneca.com\"]","timestamp":"2025-07-25T16:03:52.820Z"}
{"level":"warn","message":"Skipping invalid key in record: ","timestamp":"2025-07-25T16:03:52.820Z"}
{"level":"warn","message":"Invalid contact format (non-string) for record with PIP number Alanine,arginine,aspartic acid,cysteine/cystine,glutamic acid,glycine,histidine,isoleucine,leucine,lysine monohydrate,methionine,ornithine hydrochloride,phenylalanine,proline,serine,taurine,threonine,tryptophan,tyrosine,valine,sod...: [\"Baxter World Trade SPRL\",\"E-mail: jacek_bedkowski@baxter.com\",\"Country: Belgium\",\"Phone: +32 26501850\",\"Fax: +32 26501679\"]","timestamp":"2025-07-25T16:03:52.820Z"}
{"level":"warn","message":"Skipping record with missing or invalid PIP number: {\"Decision number\":\"P/191/2009\",\"PIP number\":[\"Alanine\",\"arginine\",\"aspartic acid\",\"cysteine/cystine\",\"glutamic acid\",\"glycine\",\"histidine\",\"isoleucine\",\"leucine\",\"lysine monohydrate\",\"methionine\",\"ornithine hydrochloride\",\"phenylalanine\",\"proline\",\"serine\",\"taurine\",\"threonine\",\"tryptophan\",\"tyrosine\",\"valine\",\"sod...\"],\"Active substance\":\"alanine;arginine;aspartic acid;cysteine;cystine;glutamic acid;glycine;histidine;isoleucine;leucine;lysine monohydrate;methionine;ornithine hydrochloride;phenylalanine;proline;serine;taurine;threonine;tryptophan;tyrosine;valine;sodium chloride;potassium acetate;magnesium acetate tetrahydrate;calcium chloride;sodium glycerophosphate;glucose;soya bean oil;olive oil\",\"Invented name\":null,\"Therapeutic area\":\"Nutrition\",\"Pharmaceutical forms\":\"Solution for infusion\",\"Condition / indication\":\"Parenteral nutrition\",\"Routes of administration\":\"Intravenous use\",\"Decision type\":\"PM: decision on the application for modification of an agreed PIP\",\"Decision date\":\"2009-10-02T00:00:00.000Z\",\"Compliance outcome\":\"Positive\",\"Compliance opinion date\":\"2009-10-16T00:00:00.000Z\",\"Compliance procedure number\":\"EMEA-C-000112-PIP01-07-M01\",\"Contact for public enquiries\":{\"company\":null,\"email\":null,\"phone\":null},\"First published date\":\"2009-12-07T00:00:00.000Z\",\"Last updated date\":\"2009-12-07T00:00:00.000Z\",\"PIP URL\":\"https://www.ema.europa.eu/en/medicines/human/paediatric-investigation-plans/alanine-arginine-aspartic-acid-cysteine-cystine-glutamic-acid-glycine-histidine-isoleucine-leucine-lysine-monohydrate-methionine-ornithine-hydrochloride-phenylalanine-proline-serine-taurine-threonine\"}","timestamp":"2025-07-25T16:03:52.820Z"}
{"level":"warn","message":"Skipping invalid key in record: ","timestamp":"2025-07-25T16:03:52.820Z"}
{"level":"warn","message":"Invalid contact format (non-string) for record with PIP number EMEA-000487-PIP01-08: [\"VeroScience EU Ltd\",\"E-mail: Paeds-Enquiries@veroscience.com\",\"Country: United States\",\"Phone: +1 5085320832\",\"Fax: +1 4018160524\"]","timestamp":"2025-07-25T16:03:52.821Z"}
{"level":"warn","message":"Skipping invalid key in record: ","timestamp":"2025-07-25T16:03:52.821Z"}
{"level":"warn","message":"Invalid contact format (non-string) for record with PIP number Aluminium hydroxide adsorbed, depigmented glutaraldehyde polymerized allergic extract of birch pollen: [\"LETI Pharma GmbH\",\"E-mail: renner@leti.de\",\"Country: Germany\",\"Phone: +49 2302202860\",\"Fax: +49 23022028620\"]","timestamp":"2025-07-25T16:03:52.821Z"}
{"level":"warn","message":"Skipping invalid key in record: ","timestamp":"2025-07-25T16:03:52.821Z"}
{"level":"warn","message":"Invalid contact format (non-string) for record with PIP number EMEA-000611-PIP01-09: [\"Pfizer Global Research & Development\",\"E-mail: PIP_Enquiries@pfizer.com\",\"Country: United Kingdom\",\"Phone: +44 13046446607\",\"Fax: +44 1304646607\"]","timestamp":"2025-07-25T16:03:52.821Z"}
{"level":"warn","message":"Skipping invalid key in record: ","timestamp":"2025-07-25T16:03:52.821Z"}
{"level":"warn","message":"Invalid contact format (non-string) for record with PIP number EMEA-000436-PIP01-08: [\"Pharmaxis Pharmaceuticals Limited\",\"E-mail: med.info@pharmaxis.com.au\",\"Tel.: +61 294547257\"]","timestamp":"2025-07-25T16:03:52.821Z"}
{"level":"warn","message":"Skipping invalid key in record: ","timestamp":"2025-07-25T16:03:52.821Z"}
{"level":"warn","message":"Invalid contact format (non-string) for record with PIP number Testosterone: [\"Procter & Gamble Pharmaceuticals UK Ltd\",\"E-mail: Medinfo.im@pg.com\",\"Country: Germany\",\"Phone: +49 1726583443\",\"Fax: +49 6196891378\"]","timestamp":"2025-07-25T16:03:52.821Z"}
{"level":"warn","message":"Skipping invalid key in record: ","timestamp":"2025-07-25T16:03:52.821Z"}
{"level":"warn","message":"Invalid contact format (non-string) for record with PIP number Sitagliptin phosphate monohydrate / simvastatin: [\"Merck Sharp & Dohme (Europe)\",\"Inc.\",\"Belgium\",\"E-mail: pip.information@merck.com\",\"Tel. +31 412663179\",\"Fax +31 412662571\"]","timestamp":"2025-07-25T16:03:52.822Z"}
{"level":"warn","message":"Skipping invalid key in record: ","timestamp":"2025-07-25T16:03:52.822Z"}
{"level":"warn","message":"Invalid contact format (non-string) for record with PIP number Simvastatin / sitagliptin phosphate monohydrate: [\"Merck Sharp & Dohme (Europe)\",\"Inc.\",\"Belgium\",\"E-mail: pip.information@merck.com\",\"Tel. +31 412663179\",\"Fax +31 412662571\"]","timestamp":"2025-07-25T16:03:52.822Z"}
{"level":"warn","message":"Skipping invalid key in record: ","timestamp":"2025-07-25T16:03:52.822Z"}
{"level":"warn","message":"Invalid contact format (non-string) for record with PIP number Sitagliptin phosphate monohydrate / simvastatin: [\"Merck Sharp & Dohme (Europe)\",\"Inc.\",\"Belgium\",\"E-mail: pip.information@merck.com\",\"Tel. +31 412663179\",\"Fax +31 412662571\"]","timestamp":"2025-07-25T16:03:52.822Z"}
{"level":"warn","message":"Skipping invalid key in record: ","timestamp":"2025-07-25T16:03:52.822Z"}
{"level":"warn","message":"Skipping invalid key in record: ","timestamp":"2025-07-25T16:03:52.822Z"}
{"level":"warn","message":"Invalid contact format (non-string) for record with PIP number Tramadol / paracetamol: [\"TEVA Pharma B.V.\",\"E-mail: sandy.eisen@tevauk.com\",\"Country: United Kingdom\",\"Phone: +44 7921495663\"]","timestamp":"2025-07-25T16:03:52.822Z"}
{"level":"warn","message":"Skipping invalid key in record: ","timestamp":"2025-07-25T16:03:52.822Z"}
{"level":"warn","message":"Skipping invalid key in record: ","timestamp":"2025-07-25T16:03:52.822Z"}
{"level":"warn","message":"Invalid contact format (non-string) for record with PIP number EMEA-000513-PIP01-08: [\"Solvay Pharma\",\"E-mail: jean-pascal.yaher@solvay.com\",\"Country: France\",\"Phone: +33 146258513\",\"Fax: +33 146258626\"]","timestamp":"2025-07-25T16:03:52.823Z"}
{"level":"warn","message":"Skipping invalid key in record: ","timestamp":"2025-07-25T16:03:52.823Z"}
{"level":"warn","message":"Invalid contact format (non-string) for record with PIP number Desvenlafaxine succinate monohydrate: [\"Laboratorios Almirall S.A.\",\"E-mail: fernando.ferrer@almirall.es\",\"Country: Spain\",\"Phone: +34 932913667\",\"Fax: +34 932912813\"]","timestamp":"2025-07-25T16:03:52.823Z"}
{"level":"warn","message":"Skipping invalid key in record: ","timestamp":"2025-07-25T16:03:52.823Z"}
{"level":"info","message":"CSV Headers: Decision number,PIP number,Active substance,Invented name,Therapeutic area,Pharmaceutical forms,Condition / indication,Routes of administration,Decision type,Decision date,Compliance outcome,Compliance opinion date,Compliance procedure number,Contact for public enquiries,First published date,Last updated date,PIP URL,","timestamp":"2025-07-25T16:03:52.830Z"}
{"level":"warn","message":"Skipping invalid key in record: ","timestamp":"2025-07-25T16:03:52.830Z"}
{"level":"warn","message":"Invalid contact format (non-string) for record with PIP number EMEA-000571-PIP01-09: [\"Procter & Gamble Pharmaceuticals UK Ltd\",\"E-mail: Medinfo.im@pg.com\",\"Country: Germany\",\"Phone: +49 1726583443\",\"Fax: +49 6196891378\"]","timestamp":"2025-07-25T16:03:52.830Z"}
{"level":"warn","message":"Skipping invalid key in record: ","timestamp":"2025-07-25T16:03:52.830Z"}
{"level":"warn","message":"Invalid contact format (non-string) for record with PIP number EMEA-000395-PIP01-08: [\"Auralis Limited\",\"E-mail: medinfo@auralis.co.uk\",\"Country: United Kingdom\",\"Phone: +44 1748828868\",\"Fax: +44 8703837414\"]","timestamp":"2025-07-25T16:03:52.830Z"}
{"level":"warn","message":"Skipping invalid key in record: ","timestamp":"2025-07-25T16:03:52.831Z"}
{"level":"warn","message":"Invalid contact format (non-string) for record with PIP number EMEA-000411-PIP01-08: [\"Sun Pharmaceutical Industries Europe B.V.\",\"E-mail: secretary.netherlands@sunpharma-europe.com\",\"Country: Netherlands\",\"Phone: +31 235685501\",\"Fax: +31 235685505\"]","timestamp":"2025-07-25T16:03:52.831Z"}
{"level":"warn","message":"Skipping invalid key in record: ","timestamp":"2025-07-25T16:03:52.831Z"}
{"level":"warn","message":"Invalid contact format (non-string) for record with PIP number EMEA-000514-PIP01-08: [\"Solvay Pharma\",\"E-mail: jean-pascal.yaher@solvay.com\",\"Country: France\",\"Phone: +33 146258513\",\"Fax: +33 146258626\"]","timestamp":"2025-07-25T16:03:52.831Z"}
{"level":"warn","message":"Skipping invalid key in record: ","timestamp":"2025-07-25T16:03:52.831Z"}
{"level":"warn","message":"Skipping invalid key in record: ","timestamp":"2025-07-25T16:03:52.831Z"}
{"level":"warn","message":"Invalid contact format (non-string) for record with PIP number EMEA-000042-PIP01-07: [\"Fresenius Kabi Deutschland GmbH\",\"E-mail: pr-fre@fresenius.com\",\"Country: Germany\",\"Phone: +49 61726080\",\"Fax: +49 61726082294\"]","timestamp":"2025-07-25T16:03:52.831Z"}
{"level":"warn","message":"Skipping invalid key in record: ","timestamp":"2025-07-25T16:03:52.831Z"}
{"level":"warn","message":"Invalid contact format (non-string) for record with PIP number Vicriviroc maleate: [\"Schering-Plough Europe\",\"E-mail: paediatric@spcorp.com\",\"Country: Netherlands\",\"Phone: +31 412662755\",\"Fax: +31 412662571\"]","timestamp":"2025-07-25T16:03:52.832Z"}
{"level":"warn","message":"Skipping invalid key in record: ","timestamp":"2025-07-25T16:03:52.832Z"}
{"level":"warn","message":"Invalid contact format (non-string) for record with PIP number Sitagliptin phosphate monohydrate / simvastatin: [\"Merck Sharp & Dohme (Europe)\",\"Inc.\",\"Belgium\",\"E-mail: pip.information@merck.com\",\"Tel. +31 412663179\",\"Fax +31 412662571\"]","timestamp":"2025-07-25T16:03:52.832Z"}
{"level":"warn","message":"Skipping invalid key in record: ","timestamp":"2025-07-25T16:03:52.832Z"}
{"level":"warn","message":"Invalid contact format (non-string) for record with PIP number Estradiol valerate / Dienogest: [\"Bayer Schering Pharma AG\",\"E-mail: pediatrics.medical-affairs-europe@bayerhealthcare.com\",\"Country: Germany\",\"Phone: +49 3046815333\",\"Fax: +49 3046895333\"]","timestamp":"2025-07-25T16:03:52.832Z"}
{"level":"warn","message":"Skipping invalid key in record: ","timestamp":"2025-07-25T16:03:52.832Z"}
{"level":"warn","message":"Invalid contact format (non-string) for record with PIP number Aqueous extract of grass pollen from Dactylis glomerata, Festuca pratensis, Holcus lanatus, Lolium perenne, Phleum pratense and Poa pratensis: [\"Allergopharma J. Ganzer KG\",\"E-mail: Anja.Menzel@Allergopharma.de\",\"Country: Germany\",\"Phone: +49 4072765464\",\"Fax: +49 4072765466\"]","timestamp":"2025-07-25T16:03:52.832Z"}
{"level":"warn","message":"Skipping invalid key in record: ","timestamp":"2025-07-25T16:03:52.832Z"}
{"level":"warn","message":"Invalid contact format (non-string) for record with PIP number Omacetaxine mepesuccinate: [\"ChemGenex Europe S.A.S.\",\"E-mail: abenichou@chemgenex.com\",\"Country: France\",\"Phone: +33 478429526\",\"Fax: +33 478425571\"]","timestamp":"2025-07-25T16:03:52.832Z"}
{"level":"warn","message":"Skipping invalid key in record: ","timestamp":"2025-07-25T16:03:52.832Z"}
{"level":"warn","message":"Invalid contact format (non-string) for record with PIP number Insulin glargine: [\"Sanofi-Aventis Deutschland GmbH\",\"E-mail: sylvie.gabriel@sanofi-aventis.com\",\"Country: France\",\"Phone: + 33 153774152\",\"Fax: 33 153774133\"]","timestamp":"2025-07-25T16:03:52.832Z"}
{"level":"warn","message":"Skipping invalid key in record: ","timestamp":"2025-07-25T16:03:52.833Z"}
{"level":"warn","message":"Invalid contact format (non-string) for record with PIP number Clostridium collagenase: [\"Pfizer Limited\",\"Tel. + 44 1304646607\",\"E-mail: pip_enquiries@pfizer.com\"]","timestamp":"2025-07-25T16:03:52.833Z"}
{"level":"warn","message":"Skipping invalid key in record: ","timestamp":"2025-07-25T16:03:52.833Z"}
{"level":"warn","message":"Invalid contact format (non-string) for record with PIP number Insulin glargine: [\"Sanofi-Aventis Deutschland GmbH\",\"E-mail: sylvie.gabriel@sanofi-aventis.com\",\"Country: France\",\"Phone: + 33 153774152\",\"Fax: + 33 153774133\"]","timestamp":"2025-07-25T16:03:52.833Z"}
{"level":"warn","message":"Skipping invalid key in record: ","timestamp":"2025-07-25T16:03:52.833Z"}
{"level":"warn","message":"Invalid contact format (non-string) for record with PIP number Drospirenone / ethinylestradiol, betadex clathrate / L-5-methyltetrahydrofolic acid, calcium salt: [\"Bayer Schering Pharma AG\",\"E-mail: pediatrics.medical-affairs-europe@bayerhealthcare.com\",\"Country: Germany\",\"Phone: +49 3046815333\",\"Fax: +49 3046895333\"]","timestamp":"2025-07-25T16:03:52.833Z"}
{"level":"warn","message":"Skipping invalid key in record: ","timestamp":"2025-07-25T16:03:52.833Z"}
{"level":"warn","message":"Invalid contact format (non-string) for record with PIP number Human plasma proteins: [\"Octapharma Pharmazeutika Produktionsges.m.b.H\",\"E-mail: medical-affairs@octapharma.com\",\"Country: Austria\",\"Phone: +43 1610321245\",\"Fax: +43 1610329249\"]","timestamp":"2025-07-25T16:03:52.833Z"}
{"level":"warn","message":"Skipping invalid key in record: ","timestamp":"2025-07-25T16:03:52.833Z"}
{"level":"warn","message":"Skipping invalid key in record: ","timestamp":"2025-07-25T16:03:52.833Z"}
{"level":"warn","message":"Invalid contact format (non-string) for record with PIP number Colesevelam hydrochloride: [\"Genzyme Europe B.V.\",\"E-mail: MedInfo@genzyme.com\",\"Tel.: +31 356991499\"]","timestamp":"2025-07-25T16:03:52.833Z"}
{"level":"warn","message":"Skipping invalid key in record: ","timestamp":"2025-07-25T16:03:52.834Z"}
{"level":"warn","message":"Invalid contact format (non-string) for record with PIP number Human autologous mesenchymal adult stem cells extracted from adipose tissue: [\"CELLERIX\",\"S.A.\",\"E-mail: mpascual@cellerix.com\",\"Country: Spain\",\"Phone: +34 918049264\",\"Fax: +34 918049263\"]","timestamp":"2025-07-25T16:03:52.834Z"}
{"level":"warn","message":"Skipping invalid key in record: ","timestamp":"2025-07-25T16:03:52.834Z"}
{"level":"warn","message":"Invalid contact format (non-string) for record with PIP number Pravastatin sodium / Fenofibrate: [\"Laboratoires SMB s.a.\",\"E-mail: regulatory@smb.be\",\"Country: Belgium\",\"Phone: +32 24114828\",\"Fax: +32 24120991\"]","timestamp":"2025-07-25T16:03:52.834Z"}
{"level":"warn","message":"Skipping invalid key in record: ","timestamp":"2025-07-25T16:03:52.834Z"}
{"level":"warn","message":"Skipping invalid key in record: ","timestamp":"2025-07-25T16:03:52.834Z"}
{"level":"warn","message":"Invalid contact format (non-string) for record with PIP number Dienogest / ethinylestradiol (as betadex clathrate) / L-5-methyltetrahydrofolic acid, calcium salt: [\"Bayer Schering Pharma AG\",\"E-mail: pediatrics.medical-affairs-europe@bayerhealthcare.com\",\"Country: Germany\",\"Phone: +49 3046815333\",\"Fax: +49 3046895333\"]","timestamp":"2025-07-25T16:03:52.834Z"}
{"level":"warn","message":"Skipping invalid key in record: ","timestamp":"2025-07-25T16:03:52.834Z"}
{"level":"warn","message":"Invalid contact format (non-string) for record with PIP number EMEA-000512-PIP01-08: [\"LFB Biotechnologies\",\"E-mail: chwedura@lfb.fr\",\"Country: France\",\"Phone: + 33 320494413\",\"Fax: + 33 320494418\"]","timestamp":"2025-07-25T16:03:52.835Z"}
{"level":"warn","message":"Skipping invalid key in record: ","timestamp":"2025-07-25T16:03:52.835Z"}
{"level":"warn","message":"Invalid contact format (non-string) for record with PIP number Human Papillomavirus1 Type 6 L1 protein / Human Papillomavirus1 Type 11 L1 protein / Human Papillomavirus1 Type 16 L1 protein / Human Papillomavirus1 Type 18 L1 protein: [\"Merck Sharp & Dohme (Europe) Inc.\",\"The Netherlands\",\"E-mail: pip.information@merck.com\",\"Tel. +31 4126 63179\",\"Fax +31 4126 62571\"]","timestamp":"2025-07-25T16:03:52.835Z"}
{"level":"warn","message":"Skipping invalid key in record: ","timestamp":"2025-07-25T16:03:52.835Z"}
{"level":"warn","message":"Skipping invalid key in record: ","timestamp":"2025-07-25T16:03:52.835Z"}
{"level":"warn","message":"Invalid contact format (non-string) for record with PIP number EMEA-000465-PIP01-08: [\"Alcon Laboratories (UK) Ltd.\",\"Doug.MacHatton@AlconLabs.com\",\"United States\",\"Phone: +1 8175518974\",\"Fax: +1 8176154607\"]","timestamp":"2025-07-25T16:03:52.835Z"}
{"level":"warn","message":"Skipping invalid key in record: ","timestamp":"2025-07-25T16:03:52.835Z"}
{"level":"warn","message":"Skipping invalid key in record: ","timestamp":"2025-07-25T16:03:52.835Z"}
{"level":"warn","message":"Invalid contact format (non-string) for record with PIP number EMEA-000444-PIP01-08: [\"Alcon Laboratories (UK) Ltd.\",\"Doug.MacHatton@AlconLabs.com\",\"United States\",\"Phone: +1 8175518974\",\"Fax: +1 8176154607\"]","timestamp":"2025-07-25T16:03:52.835Z"}
{"level":"warn","message":"Skipping invalid key in record: ","timestamp":"2025-07-25T16:03:52.836Z"}
{"level":"warn","message":"Invalid contact format (non-string) for record with PIP number Simvastatin / fenofibrate: [\"FOURNIER Laboratories Ireland Ltd\",\"E-mail: hubert.thole@solvay.com\",\"Country: Germany\",\"Phone: +49 5118573564\"]","timestamp":"2025-07-25T16:03:52.836Z"}
{"level":"warn","message":"Skipping invalid key in record: ","timestamp":"2025-07-25T16:03:52.836Z"}
{"level":"warn","message":"Invalid contact format (non-string) for record with PIP number Cladribine: [\"KGaA\",\"E-mail: service@merck.de\",\"Country: Germany\",\"Phone: +49 6151720\",\"Fax: +49 6151722000\"]","timestamp":"2025-07-25T16:03:52.836Z"}
{"level":"warn","message":"Skipping invalid key in record: ","timestamp":"2025-07-25T16:03:52.836Z"}
{"level":"warn","message":"Invalid contact format (non-string) for record with PIP number Bromfenac sodium sesquihydrate: [\"Croma Pharma GmbH\",\"E-mail: office@croma.at\",\"Country: Austria\",\"Phone: +43 2262684680\",\"Fax: +43 226268468 165\"]","timestamp":"2025-07-25T16:03:52.836Z"}
{"level":"warn","message":"Skipping invalid key in record: ","timestamp":"2025-07-25T16:03:52.836Z"}
{"level":"warn","message":"Invalid contact format (non-string) for record with PIP number Drospirenone / ethinylestradiol, betadex clathrate / L-5-methyltetrahydrofolic acid, calcium salt: [\"Bayer Schering Pharma AG\",\"E-mail: pediatrics.medical-affairs-europe@bayerhealthcare.com\",\"Country: Germany\",\"Phone: +49 3046815333\",\"Fax: +49 3046895333\"]","timestamp":"2025-07-25T16:03:52.836Z"}
{"level":"warn","message":"Skipping invalid key in record: ","timestamp":"2025-07-25T16:03:52.837Z"}
{"level":"warn","message":"Invalid contact format (non-string) for record with PIP number EMEA-000488-PIP01-08: [\"Advanced Accelerator Applications\",\"Email: infomed@adacap.com\",\"Tel. +33 (0)450993070\"]","timestamp":"2025-07-25T16:03:52.837Z"}
{"level":"warn","message":"Skipping invalid key in record: ","timestamp":"2025-07-25T16:03:52.837Z"}
{"level":"warn","message":"Invalid contact format (non-string) for record with PIP number Drospirenone / ethinylestradiol, betadex clathrate / L-5-methyltetrahydrofolic acid, calcium salt: [\"Bayer Schering Pharma AG\",\"E-mail: pediatrics.medical-affairs-europe@bayerhealthcare.com\",\"Country: Germany\",\"Phone: +49 3046815333\",\"Fax: +49 3046895333\"]","timestamp":"2025-07-25T16:03:52.837Z"}
{"level":"warn","message":"Skipping invalid key in record: ","timestamp":"2025-07-25T16:03:52.837Z"}
{"level":"warn","message":"Skipping invalid key in record: ","timestamp":"2025-07-25T16:03:52.837Z"}
{"level":"warn","message":"Invalid contact format (non-string) for record with PIP number Bismuth subcitrate potassium / Metronidazole / Tetracycline hydrochloride: [\"Axcan Pharma SA\",\"E-mail: cboudes@axcan.com\",\"Country: France\",\"Phone: +33 130461916\",\"Fax: +33 130466547\"]","timestamp":"2025-07-25T16:03:52.837Z"}
{"level":"warn","message":"Skipping invalid key in record: ","timestamp":"2025-07-25T16:03:52.837Z"}
{"level":"warn","message":"Invalid contact format (non-string) for record with PIP number Calcipotriol hydrate / hydrocortisone: [\"LEO Pharma A/S\",\"E-mail: paediatrics@leo-pharma.com\",\"Tel. +45 4494 5888\"]","timestamp":"2025-07-25T16:03:52.837Z"}
{"level":"warn","message":"Skipping invalid key in record: ","timestamp":"2025-07-25T16:03:52.838Z"}
{"level":"warn","message":"Invalid contact format (non-string) for record with PIP number Mercaptopurine monohydrate: [\"Nova Laboratories Limited\",\"E-mail: mercaptopurine.info@novalabs.co.uk\",\"Country: United Kingdom\",\"Phone: +44 1162230100\",\"Fax: +44 1162230101\"]","timestamp":"2025-07-25T16:03:52.838Z"}
{"level":"warn","message":"Skipping invalid key in record: ","timestamp":"2025-07-25T16:03:52.838Z"}
{"level":"warn","message":"Skipping invalid key in record: ","timestamp":"2025-07-25T16:03:52.838Z"}
{"level":"warn","message":"Invalid contact format (non-string) for record with PIP number Melatonin (Circadin): [\"RAD Neurim Pharmaceuticals EEC Ltd\",\"E-mail: talin@neurim.com\",\"Tel.: +972 37684902\"]","timestamp":"2025-07-25T16:03:52.838Z"}
{"level":"warn","message":"Skipping invalid key in record: ","timestamp":"2025-07-25T16:03:52.838Z"}
{"level":"warn","message":"Invalid contact format (non-string) for record with PIP number Bisoprolol fumarate / acetylsalicylic acid: [\"ASA Pharma Plc\",\"E-mail: anndonegan@asapharma.ie\",\"Tel.: +353 5224853\"]","timestamp":"2025-07-25T16:03:52.838Z"}
{"level":"info","message":"CSV Headers: Decision number,PIP number,Active substance,Invented name,Therapeutic area,Pharmaceutical forms,Condition / indication,Routes of administration,Decision type,Decision date,Compliance outcome,Compliance opinion date,Compliance procedure number,Contact for public enquiries,First published date,Last updated date,PIP URL,","timestamp":"2025-07-25T16:03:52.848Z"}
{"level":"warn","message":"Skipping invalid key in record: ","timestamp":"2025-07-25T16:03:52.848Z"}
{"level":"warn","message":"Invalid contact format (non-string) for record with PIP number Bisoprolol fumarate / acetylsalicylic acid: [\"ASA Pharma Plc\",\"E-mail: anndonegan@asapharma.ie\",\"Tel.: +353 5224853\"]","timestamp":"2025-07-25T16:03:52.848Z"}
{"level":"warn","message":"Skipping invalid key in record: ","timestamp":"2025-07-25T16:03:52.848Z"}
{"level":"warn","message":"Invalid contact format (non-string) for record with PIP number Bisoprolol fumarate / acetylsalicylic acid: [\"ASA Pharma Plc\",\"E-mail: anndonegan@asapharma.ie\",\"Tel.: +353 5224853\"]","timestamp":"2025-07-25T16:03:52.848Z"}
{"level":"warn","message":"Skipping invalid key in record: ","timestamp":"2025-07-25T16:03:52.849Z"}
{"level":"warn","message":"Invalid contact format (non-string) for record with PIP number EMEA-000433-PIP01-08: [\"Eli Lilly & Company Limited\",\"E-mail: eu_paediatric@lilly.com\",\"Tel. +44 (0)1276 483000\"]","timestamp":"2025-07-25T16:03:52.849Z"}
{"level":"warn","message":"Skipping invalid key in record: ","timestamp":"2025-07-25T16:03:52.849Z"}
{"level":"warn","message":"Invalid contact format (non-string) for record with PIP number Maribavir: [\"ViroPharma SPRL\",\"E-mail: john.watson@viropharma.com\",\"Country: United Kingdom\",\"Phone: +44 2075721222\",\"Fax: +44 2075721221\"]","timestamp":"2025-07-25T16:03:52.849Z"}
{"level":"warn","message":"Skipping invalid key in record: ","timestamp":"2025-07-25T16:03:52.849Z"}
{"level":"warn","message":"Invalid contact format (non-string) for record with PIP number Bisoprolol fumarate / acetylsalicylic acid: [\"ASA Pharma Plc\",\"E-mail: anndonegan@asapharma.ie\",\"Tel.: +353 5224853\"]","timestamp":"2025-07-25T16:03:52.849Z"}
{"level":"warn","message":"Skipping invalid key in record: ","timestamp":"2025-07-25T16:03:52.849Z"}
{"level":"warn","message":"Invalid contact format (non-string) for record with PIP number Bisoprolol fumarate / acetylsalicylic acid: [\"ASA Pharma Plc\",\"E-mail: anndonegan@asapharma.ie\",\"Tel.: +353 5224853\"]","timestamp":"2025-07-25T16:03:52.849Z"}
{"level":"warn","message":"Skipping invalid key in record: ","timestamp":"2025-07-25T16:03:52.850Z"}
{"level":"warn","message":"Invalid contact format (non-string) for record with PIP number Dexamethasone: [\"Allergan Pharmaceuticals International Limited\",\"E-mail: ml-eu_reg_affairs@allergan.com\",\"Tel. +44 (0)1628 4944444\"]","timestamp":"2025-07-25T16:03:52.850Z"}
{"level":"warn","message":"Skipping invalid key in record: ","timestamp":"2025-07-25T16:03:52.850Z"}
{"level":"warn","message":"Invalid contact format (non-string) for record with PIP number Glucose monohydrate: [\"Cblaya & Mhuguet S.L.\",\"E-mail: miguel@aguanafree.com\",\"Country: Spain\",\"Phone: +34 629232280\",\"Fax: +34 933713118\"]","timestamp":"2025-07-25T16:03:52.850Z"}
{"level":"warn","message":"Skipping invalid key in record: ","timestamp":"2025-07-25T16:03:52.850Z"}
{"level":"warn","message":"Invalid contact format (non-string) for record with PIP number EMEA-000435-PIP01-08: [\"Voisin Consulting SARL\",\"E-mail: Monique.allaire@infi.com\",\"Tel.: +1 6174531105\"]","timestamp":"2025-07-25T16:03:52.850Z"}
{"level":"warn","message":"Skipping invalid key in record: ","timestamp":"2025-07-25T16:03:52.851Z"}
{"level":"warn","message":"Invalid contact format (non-string) for record with PIP number EMEA-000278-PIP01-08-M01: [\"Sanofi Pasteur MSD SNC\",\"E-mail: piplan@spmsd.com\",\"Country: France\",\"Phone: +33 437284000\",\"Fax: Not available\"]","timestamp":"2025-07-25T16:03:52.851Z"}
{"level":"warn","message":"Skipping invalid key in record: ","timestamp":"2025-07-25T16:03:52.851Z"}
{"level":"warn","message":"Invalid contact format (non-string) for record with PIP number Anastrozole: [\"AstraZeneca AB (UK)\",\"Tel. +44 2037496236\",\"E-mail: paediatrics@astrazeneca.com\"]","timestamp":"2025-07-25T16:03:52.851Z"}
{"level":"warn","message":"Skipping invalid key in record: ","timestamp":"2025-07-25T16:03:52.851Z"}
{"level":"warn","message":"Invalid contact format (non-string) for record with PIP number EMEA-000189-PIP01-08: [\"Novo Nordisk A/S\",\"E-mail: pbq@novonordisk.com\",\"Tel.: +45 44439347\"]","timestamp":"2025-07-25T16:03:52.851Z"}
{"level":"warn","message":"Skipping invalid key in record: ","timestamp":"2025-07-25T16:03:52.851Z"}
{"level":"warn","message":"Invalid contact format (non-string) for record with PIP number Candesartan cilexetil: [\"Takeda Global Research and Development Centre (Europe) Ltd\",\"E-mail: m.mantock@tgrd.com\",\"Tel.: +44 2077595248\"]","timestamp":"2025-07-25T16:03:52.852Z"}
{"level":"warn","message":"Skipping invalid key in record: ","timestamp":"2025-07-25T16:03:52.852Z"}
{"level":"warn","message":"Invalid contact format (non-string) for record with PIP number Drospirenone / ethinylestradiol bethadex clathrate: [\"Bayer Schering Pharma AG\",\"E-mail: joachim.marr@bayerhealthcare.com\",\"Country: Germany\",\"Phone: +49 3046817617\",\"Fax: +49 3046815348\"]","timestamp":"2025-07-25T16:03:52.852Z"}
{"level":"warn","message":"Skipping invalid key in record: ","timestamp":"2025-07-25T16:03:52.852Z"}
{"level":"warn","message":"Invalid contact format (non-string) for record with PIP number Lapatinib ditosylate monohydrate: [\"Glaxo Group Limited\",\"Tel. +41 613 241 111\",\"E-mail: paediatric.enquiries@novartis.com\"]","timestamp":"2025-07-25T16:03:52.852Z"}
{"level":"warn","message":"Skipping invalid key in record: ","timestamp":"2025-07-25T16:03:52.852Z"}
{"level":"warn","message":"Invalid contact format (non-string) for record with PIP number P/12/2009: [\"PAREXEL Consulting\",\"E-mail:gemma.slade@parexel.com\",\"Country: UK\",\"Phone: +44 1895614615\",\"Fax: +44 1895614375\"]","timestamp":"2025-07-25T16:03:52.852Z"}
{"level":"warn","message":"Skipping invalid key in record: ","timestamp":"2025-07-25T16:03:52.852Z"}
{"level":"warn","message":"Skipping invalid key in record: ","timestamp":"2025-07-25T16:03:52.853Z"}
{"level":"warn","message":"Skipping invalid key in record: ","timestamp":"2025-07-25T16:03:52.853Z"}
{"level":"warn","message":"Invalid contact format (non-string) for record with PIP number EMEA-000126-PIP01-07: [\"Eli Lilly and Company Limited (US)\",\"Tel.: +1 31 75448941\",\"E-mail: wagle_asvari@lilly.com\"]","timestamp":"2025-07-25T16:03:52.853Z"}
{"level":"warn","message":"Skipping invalid key in record: ","timestamp":"2025-07-25T16:03:52.853Z"}
{"level":"warn","message":"Skipping invalid key in record: ","timestamp":"2025-07-25T16:03:52.853Z"}
{"level":"warn","message":"Invalid contact format (non-string) for record with PIP number EMEA-000377-PIP01-08: [\"Boehringer Ingelheim International GmbH\",\"Tel. +49 6132 778271\",\"Email: Paediatrics@boehringer-ingelheim.com\"]","timestamp":"2025-07-25T16:03:52.853Z"}
{"level":"warn","message":"Skipping invalid key in record: ","timestamp":"2025-07-25T16:03:52.853Z"}
{"level":"warn","message":"Invalid contact format (non-string) for record with PIP number Raltitrexed: [\"Hospira UK Limited\",\"E-mail: medinfouk@hospira.com\",\"Tel.: +44 1926821010\"]","timestamp":"2025-07-25T16:03:52.853Z"}
{"level":"warn","message":"Skipping invalid key in record: ","timestamp":"2025-07-25T16:03:52.853Z"}
{"level":"warn","message":"Invalid contact format (non-string) for record with PIP number EMEA-000399-PIP01-08: [\"Novartis Europharm Ltd.\",\"E-mail: paediatric.enquiries@novartis.com\",\"Country: Switzerland\",\"Phone: +41 613246715\",\"Fax: +41 613242224\"]","timestamp":"2025-07-25T16:03:52.853Z"}
{"level":"warn","message":"Skipping invalid key in record: ","timestamp":"2025-07-25T16:03:52.853Z"}
{"level":"warn","message":"Invalid contact format (non-string) for record with PIP number EMEA-000398-PIP01-08: [\"Novartis Europharm Ltd.\",\"E-mail: paediatric.enquiries@novartis.com\",\"Country: Switzerland\",\"Phone: +41 61 324 1111\",\"Fax: +41 61 324 8001\"]","timestamp":"2025-07-25T16:03:52.853Z"}
{"level":"warn","message":"Skipping invalid key in record: ","timestamp":"2025-07-25T16:03:52.854Z"}
{"level":"warn","message":"Invalid contact format (non-string) for record with PIP number EMEA-000397-PIP01-08: [\"Novartis Europharm Ltd.\",\"E-mail: paediatric.enquiries@novartis.com\",\"Country: Switzerland\",\"Phone: +41 61 324 1111\",\"Fax: +41 61 324 8001\"]","timestamp":"2025-07-25T16:03:52.854Z"}
{"level":"warn","message":"Skipping invalid key in record: ","timestamp":"2025-07-25T16:03:52.854Z"}
{"level":"warn","message":"Skipping invalid key in record: ","timestamp":"2025-07-25T16:03:52.854Z"}
{"level":"warn","message":"Invalid contact format (non-string) for record with PIP number Casopitant: [\"Glaxo Group Limited\",\"E-mail: eu.paediatric-plans@gsk.com\",\"Tel. +44 (0)20 8990 3650\"]","timestamp":"2025-07-25T16:03:52.854Z"}
{"level":"warn","message":"Skipping invalid key in record: ","timestamp":"2025-07-25T16:03:52.854Z"}
{"level":"warn","message":"Invalid contact format (non-string) for record with PIP number Human Papillomavirus type 16 L1 protein / Human Papillomavirus type 18 L1 protein: [\"GlaxoSmithKline Biologicals S.A.\",\"E-mail: eu.paediatric-plans@gsk.com\",\"Tel.: +1 438 899 8201\"]","timestamp":"2025-07-25T16:03:52.854Z"}
{"level":"warn","message":"Skipping invalid key in record: ","timestamp":"2025-07-25T16:03:52.854Z"}
{"level":"warn","message":"Skipping invalid key in record: ","timestamp":"2025-07-25T16:03:52.854Z"}
{"level":"warn","message":"Invalid contact format (non-string) for record with PIP number Ibuprofen, diphenhydramine hydrochloride: [\"Wyeth Consumer Healthcare\",\"E-mail: whilesa@wyeth.com\",\"Tel.: +44 2392682249\"]","timestamp":"2025-07-25T16:03:52.854Z"}
{"level":"warn","message":"Skipping invalid key in record: ","timestamp":"2025-07-25T16:03:52.854Z"}
{"level":"warn","message":"Invalid contact format (non-string) for record with PIP number Clopidogrel: [\"Bristol-Myers Squibb Pharma EEIG\",\"E-mail: sylvie.gabriel@sanofi-aventis.com\",\"Country: France\",\"Phone: +33 153774152\",\"Fax: +33 153774133\"]","timestamp":"2025-07-25T16:03:52.854Z"}
{"level":"warn","message":"Skipping invalid key in record: ","timestamp":"2025-07-25T16:03:52.855Z"}
{"level":"warn","message":"Invalid contact format (non-string) for record with PIP number Omega-3-acid (85% ethyl esters of eicosapentaenoic acid (EPA) and docosahexaenoic acid (DHA) in a ratio of 0.9-1.5), simvastatin: [\"Sigma-Tau SpA\",\"E-mail: Giulia.Bruno@sigma-tau.it\",\"Phone: +39 0691393657\"]","timestamp":"2025-07-25T16:03:52.855Z"}
{"level":"warn","message":"Skipping invalid key in record: ","timestamp":"2025-07-25T16:03:52.855Z"}
{"level":"warn","message":"Invalid contact format (non-string) for record with PIP number Sitagliptin phosphate monohydrate, metformin hydrochloride: [\"Merck Sharp and Dohme (Europe)\",\"Inc.\",\"Belgium\",\"E-mail: pip.information@merck.com\",\"Tel. +31 412663179\",\"Fax +31 412662571\"]","timestamp":"2025-07-25T16:03:52.855Z"}
{"level":"warn","message":"Skipping invalid key in record: ","timestamp":"2025-07-25T16:03:52.855Z"}
{"level":"warn","message":"Invalid contact format (non-string) for record with PIP number Perflubutane: [\"Nycomed Danmark ApS\",\"E-mail: kristina.allikmets@nycomed.com\",\"Tel.: +45 46771655\"]","timestamp":"2025-07-25T16:03:52.855Z"}
{"level":"warn","message":"Skipping invalid key in record: ","timestamp":"2025-07-25T16:03:52.855Z"}
{"level":"warn","message":"Invalid contact format (non-string) for record with PIP number EMEA-000044-PIP01-08: [\"Kuros Biosurgery International AG\",\"E-mail: info@kuros.ch\",\"Country: Switzerland\",\"Phone: +41 442005647\",\"Fax: +41 442005747\"]","timestamp":"2025-07-25T16:03:52.855Z"}
{"level":"warn","message":"Skipping invalid key in record: ","timestamp":"2025-07-25T16:03:52.855Z"}
{"level":"warn","message":"Invalid contact format (non-string) for record with PIP number Sitagliptin phosphate monohydrate, metformin hydrochloride: [\"Merck Sharp and Dohme (Europe)\",\"Inc.\",\"Belgium\",\"E-mail: pip.information@merck.com\",\"Tel. +31 412663179\",\"Fax +31 412662571\"]","timestamp":"2025-07-25T16:03:52.855Z"}
{"level":"warn","message":"Skipping invalid key in record: ","timestamp":"2025-07-25T16:03:52.855Z"}
{"level":"warn","message":"Invalid contact format (non-string) for record with PIP number Sitagliptin phosphate monohydrate, metformin hydrochloride: [\"Merck Sharp and Dohme (Europe)\",\"Inc.\",\"Belgium\",\"E-mail: pip.information@merck.com\",\"Tel. +31 412663179\",\"Fax +31 412662571\"]","timestamp":"2025-07-25T16:03:52.856Z"}
{"level":"warn","message":"Skipping invalid key in record: ","timestamp":"2025-07-25T16:03:52.856Z"}
{"level":"warn","message":"Invalid contact format (non-string) for record with PIP number 3-(1H-indol-3-yl)-4-(2-(4-methyl-1-piperazinyl)-4-quinazolinyl)-1H-pyrrole-2,5-dione acetate(1:1): [\"Novartis Europharm Limited\",\"E-mail: paediatric.enquiries@novartis.com\",\"Tel.: +41 613246715\"]","timestamp":"2025-07-25T16:03:52.856Z"}
{"level":"warn","message":"Skipping invalid key in record: ","timestamp":"2025-07-25T16:03:52.856Z"}
{"level":"warn","message":"Invalid contact format (non-string) for record with PIP number Pirfenidone: [\"InterMune\",\"Inc.\",\"E-mail: IR@intermune.com\",\"Country: United States\",\"Phone: +1 4154662200\",\"Fax: +1 4154662300\"]","timestamp":"2025-07-25T16:03:52.856Z"}
{"level":"warn","message":"Skipping invalid key in record: ","timestamp":"2025-07-25T16:03:52.856Z"}
{"level":"warn","message":"Invalid contact format (non-string) for record with PIP number Eprotirome: [\"KaroBio AB\",\"E-mail: jens.kristensen@karobio.com\",\"Country: Sweden\",\"Phone: +46 707556005\",\"Fax: +46 87745280\"]","timestamp":"2025-07-25T16:03:52.856Z"}
{"level":"warn","message":"Skipping invalid key in record: ","timestamp":"2025-07-25T16:03:52.856Z"}
{"level":"warn","message":"Invalid contact format (non-string) for record with PIP number EMEA-000368-PIP01-08: [\"Alcon Laboratories (UK) Ltd.\",\"Doug.MacHatton@AlconLabs.com\",\"United States\",\"Phone: +1 8175518974\",\"Fax: +1 8176154607\"]","timestamp":"2025-07-25T16:03:52.856Z"}
{"level":"warn","message":"Skipping invalid key in record: ","timestamp":"2025-07-25T16:03:52.856Z"}
{"level":"warn","message":"Invalid contact format (non-string) for record with PIP number Dienogest: [\"Bayer Schering Pharma AG\",\"E-mail: christian.seitz@bayerhealthcare.com\",\"Phone: +49 3046815539\"]","timestamp":"2025-07-25T16:03:52.856Z"}
{"level":"warn","message":"Skipping invalid key in record: ","timestamp":"2025-07-25T16:03:52.857Z"}
{"level":"warn","message":"Invalid contact format (non-string) for record with PIP number EMEA-000130-PIP01-07: [\"Baxter World Trade SA/NV\",\"E-mail: veronique_verstraeten@baxter.com\",\"Country: Belgium\",\"Phone: +32 26501679\",\"Fax: +32 26501679\"]","timestamp":"2025-07-25T16:03:52.857Z"}
{"level":"info","message":"CSV Headers: Decision number,PIP number,Active substance,Invented name,Therapeutic area,Pharmaceutical forms,Condition / indication,Routes of administration,Decision type,Decision date,Compliance outcome,Compliance opinion date,Compliance procedure number,Contact for public enquiries,First published date,Last updated date,PIP URL,","timestamp":"2025-07-25T16:03:52.866Z"}
{"level":"warn","message":"Skipping invalid key in record: ","timestamp":"2025-07-25T16:03:52.866Z"}
{"level":"warn","message":"Invalid contact format (non-string) for record with PIP number EMEA-000249-PIP01-08: [\"MedImmune\",\"LLC\",\"E-mail: dekkere@medimmune.com\",\"Country: United States\",\"Telephone: +1 3013984040\"]","timestamp":"2025-07-25T16:03:52.866Z"}
{"level":"warn","message":"Skipping invalid key in record: ","timestamp":"2025-07-25T16:03:52.867Z"}
{"level":"warn","message":"Skipping invalid key in record: ","timestamp":"2025-07-25T16:03:52.867Z"}
{"level":"warn","message":"Invalid contact format (non-string) for record with PIP number EMEA-000384-PIP01-08: [\"Merck Sharp & Dohme (Europe)\",\"Inc.\",\"The Netherlands\",\"E-mail: pip.information@merck.com\",\"Tel. +31 4126 63179\",\"Fax +31 4126 62571\"]","timestamp":"2025-07-25T16:03:52.867Z"}
{"level":"warn","message":"Skipping invalid key in record: ","timestamp":"2025-07-25T16:03:52.867Z"}
{"level":"warn","message":"Invalid contact format (non-string) for record with PIP number Chimeric murine-human anti Interleukin 6 monoclonal antibody: [\"EUSA Pharma (Netherlands) B.V.\",\"E-mail: stephen.matthews@eusapharma.com\",\"Tel. +44 (0)7384 547313\"]","timestamp":"2025-07-25T16:03:52.867Z"}
{"level":"warn","message":"Skipping invalid key in record: ","timestamp":"2025-07-25T16:03:52.867Z"}
{"level":"warn","message":"Skipping invalid key in record: ","timestamp":"2025-07-25T16:03:52.867Z"}
{"level":"warn","message":"Skipping invalid key in record: ","timestamp":"2025-07-25T16:03:52.868Z"}
{"level":"warn","message":"Invalid contact format (non-string) for record with PIP number EMEA-000268-PIP01-08: [\"AstraZeneca AB (Sweden)\",\"Tel. +46 8 5532791\",\"E-mail: paediatrics@astrazeneca.com\"]","timestamp":"2025-07-25T16:03:52.868Z"}
{"level":"warn","message":"Skipping invalid key in record: ","timestamp":"2025-07-25T16:03:52.868Z"}
{"level":"warn","message":"Invalid contact format (non-string) for record with PIP number Prilocaine, Lidocaine: [\"Plethora Solutions Limited\",\"E-mail: gale.kennedy@plethorasolutions.co.uk\",\"Country: UK\",\"Phone: +44 2030775400\",\"Fax: +44 2030775440\"]","timestamp":"2025-07-25T16:03:52.868Z"}
{"level":"warn","message":"Skipping invalid key in record: ","timestamp":"2025-07-25T16:03:52.868Z"}
{"level":"warn","message":"Invalid contact format (non-string) for record with PIP number Bortezomib: [\"Janssen-Cilag International NV\",\"E-mail: sglawe@jacde.jnj.com\",\"Country: Germany\",\"Phone: +49 1737467682\"]","timestamp":"2025-07-25T16:03:52.868Z"}
{"level":"warn","message":"Skipping invalid key in record: ","timestamp":"2025-07-25T16:03:52.868Z"}
{"level":"warn","message":"Invalid contact format (non-string) for record with PIP number Balaglitazone: [\"Rheoscience A/S\",\"Denmark\",\"E-mail: aos@rheoscience.com\",\"Tel. +45 440 1960\"]","timestamp":"2025-07-25T16:03:52.868Z"}
{"level":"warn","message":"Skipping invalid key in record: ","timestamp":"2025-07-25T16:03:52.868Z"}
{"level":"warn","message":"Invalid contact format (non-string) for record with PIP number EMEA-000110-PIP01-07: [\"Medivir AB\",\"E-mail: annelie.skagerlind@medivir.info\",\"Country: Sweden\",\"Phone: +46 854683184\",\"Fax: +46 854683199\"]","timestamp":"2025-07-25T16:03:52.868Z"}
{"level":"warn","message":"Skipping invalid key in record: ","timestamp":"2025-07-25T16:03:52.868Z"}
{"level":"warn","message":"Invalid contact format (non-string) for record with PIP number Eplivanserin hemifumarate: [\"Sanofi-aventis recherche & développement\",\"E-mail: sylvie.gabriel@sanofi-aventis.com\",\"Country: France\",\"Phone: +33 153774152\",\"Fax: +33 153774133\"]","timestamp":"2025-07-25T16:03:52.868Z"}
{"level":"warn","message":"Skipping invalid key in record: ","timestamp":"2025-07-25T16:03:52.868Z"}
{"level":"warn","message":"Skipping invalid key in record: ","timestamp":"2025-07-25T16:03:52.869Z"}
{"level":"warn","message":"Invalid contact format (non-string) for record with PIP number EMEA-000064-PIP01-07: [\"Merck Sharp and Dohme (Europe)\",\"Inc.\",\"Belgium\",\"Tel. +33 180464738\",\"E-mail: pip.information@merck.com\"]","timestamp":"2025-07-25T16:03:52.869Z"}
{"level":"warn","message":"Skipping invalid key in record: ","timestamp":"2025-07-25T16:03:52.869Z"}
{"level":"warn","message":"Invalid contact format (non-string) for record with PIP number EMEA-000071-PIP01-07: [\"Merck Sharp & Dohme (Europe)\",\"Inc.\",\"The Netherlands\",\"E-mail: pip.information@merck.com\",\"Tel. +31 4126 63179\",\"Fax +31 4126 62571\"]","timestamp":"2025-07-25T16:03:52.869Z"}
{"level":"warn","message":"Skipping invalid key in record: ","timestamp":"2025-07-25T16:03:52.869Z"}
{"level":"warn","message":"Invalid contact format (non-string) for record with PIP number Ribavirin: [\"Merck Sharp & Dohme (Europe)\",\"Inc.\",\"The Netherlands\",\"E-mail: pip.information@merck.com\",\"Tel. +31 4126 63179\",\"Fax +31 4126 62571\"]","timestamp":"2025-07-25T16:03:52.869Z"}
{"level":"warn","message":"Skipping invalid key in record: ","timestamp":"2025-07-25T16:03:52.869Z"}
{"level":"warn","message":"Invalid contact format (non-string) for record with PIP number EMEA-000253-PIP01-08: [\"Merck Sharp and Dohme (Europe)\",\"Inc.\",\"Belgium\",\"Tel. +33 180464738\",\"E-mail: pip.information@merck.com\"]","timestamp":"2025-07-25T16:03:52.869Z"}
{"level":"warn","message":"Skipping invalid key in record: ","timestamp":"2025-07-25T16:03:52.869Z"}
{"level":"warn","message":"Invalid contact format (non-string) for record with PIP number EMEA-000254-PIP01-08: [\"Merck Sharp and Dohme (Europe)\",\"Inc.\",\"Belgium\",\"Tel. +33 180464738\",\"E-mail: pip.information@merck.com\"]","timestamp":"2025-07-25T16:03:52.869Z"}
{"level":"warn","message":"Skipping invalid key in record: ","timestamp":"2025-07-25T16:03:52.869Z"}
{"level":"warn","message":"Invalid contact format (non-string) for record with PIP number Epoetin theta: [\"CT Arzneimittel GmbH\",\"E-mail: office@ct-arzneimittel.de\",\"Country: Germany\",\"Phone: +49 304090080\",\"Fax: +49 3040900821\"]","timestamp":"2025-07-25T16:03:52.869Z"}
{"level":"warn","message":"Skipping invalid key in record: ","timestamp":"2025-07-25T16:03:52.870Z"}
{"level":"warn","message":"Invalid contact format (non-string) for record with PIP number Epoetin theta: [\"Ratiopharm GmbH\",\"E-mail: info@ratiopharm.de\",\"Country: Germany\",\"Phone: +49 73140202\",\"Fax: +49 7314027832\"]","timestamp":"2025-07-25T16:03:52.870Z"}
{"level":"warn","message":"Skipping invalid key in record: ","timestamp":"2025-07-25T16:03:52.870Z"}
{"level":"warn","message":"Invalid contact format (non-string) for record with PIP number Epoetin theta: [\"Ratiopharm GmbH\",\"E-mail: info@ratiopharm.de\",\"Country: Germany\",\"Phone: +49 73140202\",\"Fax: +49 7314027832\"]","timestamp":"2025-07-25T16:03:52.870Z"}
{"level":"warn","message":"Skipping invalid key in record: ","timestamp":"2025-07-25T16:03:52.870Z"}
{"level":"warn","message":"Skipping invalid key in record: ","timestamp":"2025-07-25T16:03:52.870Z"}
{"level":"warn","message":"Skipping invalid key in record: ","timestamp":"2025-07-25T16:03:52.870Z"}
{"level":"warn","message":"Invalid contact format (non-string) for record with PIP number Atorvastatin calcium: [\"Pfizer Limited\",\"Tel. + 44 1304646607\",\"E-mail: pip_enquiries@pfizer.com\"]","timestamp":"2025-07-25T16:03:52.870Z"}
{"level":"warn","message":"Skipping invalid key in record: ","timestamp":"2025-07-25T16:03:52.870Z"}
{"level":"warn","message":"Skipping invalid key in record: ","timestamp":"2025-07-25T16:03:52.871Z"}
{"level":"warn","message":"Skipping invalid key in record: ","timestamp":"2025-07-25T16:03:52.871Z"}
{"level":"warn","message":"Invalid contact format (non-string) for record with PIP number EMEA-000251-PIP01-08: [\"Merck Sharp and Dohme (Europe)\",\"Inc.\",\"Belgium\",\"Tel. +33 180464738\",\"E-mail: pip.information@merck.com\"]","timestamp":"2025-07-25T16:03:52.871Z"}
{"level":"warn","message":"Skipping invalid key in record: ","timestamp":"2025-07-25T16:03:52.871Z"}
{"level":"warn","message":"Invalid contact format (non-string) for record with PIP number AP214 Acetate (Αcetyl-(Lys)6-α-MSH, acetate salt): [\"Action Pharma A/S\",\"E-mail: tj@actionpharma.com\",\"Country: Denmark\",\"Phone: +45 45475000\",\"Fax: +45 45475001\"]","timestamp":"2025-07-25T16:03:52.871Z"}
{"level":"warn","message":"Skipping invalid key in record: ","timestamp":"2025-07-25T16:03:52.871Z"}
{"level":"warn","message":"Invalid contact format (non-string) for record with PIP number Vernakalant hydrochloride: [\"Cardiome UK Limited\",\"E-mail: jmallison@cardiome.com\",\"Country: Canada\",\"Phone: +1 6046776905\",\"Fax: +1 6046766970\"]","timestamp":"2025-07-25T16:03:52.871Z"}
{"level":"warn","message":"Skipping invalid key in record: ","timestamp":"2025-07-25T16:03:52.871Z"}
{"level":"warn","message":"Invalid contact format (non-string) for record with PIP number EMEA-000216-PIP01-08: [\"Merck Sharp & Dohme (Europe) Inc.\",\"Tel.: +1 4388998201\",\"E-mail: axel_breitstadt@merck.com\"]","timestamp":"2025-07-25T16:03:52.871Z"}
{"level":"warn","message":"Skipping invalid key in record: ","timestamp":"2025-07-25T16:03:52.871Z"}
{"level":"warn","message":"Invalid contact format (non-string) for record with PIP number EMEA-000252-PIP01-08: [\"Merck Sharp and Dohme (Europe)\",\"Inc.\",\"Belgium\",\"Tel. +33 180464738\",\"E-mail: pip.information@merck.com\"]","timestamp":"2025-07-25T16:03:52.871Z"}
{"level":"warn","message":"Skipping invalid key in record: ","timestamp":"2025-07-25T16:03:52.872Z"}
{"level":"warn","message":"Skipping invalid key in record: ","timestamp":"2025-07-25T16:03:52.872Z"}
{"level":"warn","message":"Invalid contact format (non-string) for record with PIP number Elocalcitol: [\"BioXell SpA\",\"E-mail: lorenza.olivieri@bioxell.com\",\"Country: Italy\",\"Phone: +39 0221049545\",\"Fax: +39 0221049529\"]","timestamp":"2025-07-25T16:03:52.872Z"}
{"level":"warn","message":"Skipping invalid key in record: ","timestamp":"2025-07-25T16:03:52.872Z"}
{"level":"warn","message":"Invalid contact format (non-string) for record with PIP number Adenovirus-mediated Herpes simplex virus-thymidine kinase gene: [\"Ark Therapeutics Ltd\",\"E-mail: david.eckland@arktherapeutics.com\",\"Country: United Kingdom\",\"Phone: +44 2073887722\",\"Fax: +44 2073887805\"]","timestamp":"2025-07-25T16:03:52.872Z"}
{"level":"warn","message":"Skipping invalid key in record: ","timestamp":"2025-07-25T16:03:52.872Z"}
{"level":"warn","message":"Skipping invalid key in record: ","timestamp":"2025-07-25T16:03:52.872Z"}
{"level":"warn","message":"Skipping invalid key in record: ","timestamp":"2025-07-25T16:03:52.872Z"}
{"level":"warn","message":"Skipping invalid key in record: ","timestamp":"2025-07-25T16:03:52.872Z"}
{"level":"warn","message":"Invalid contact format (non-string) for record with PIP number Docetaxel: [\"Aventis Pharma SA\",\"E-mail: sylvie.gabriel@sanofi-aventis.com\",\"Country: France\",\"Phone: +33 153774152\",\"Fax: +33 153774133\"]","timestamp":"2025-07-25T16:03:52.872Z"}
{"level":"warn","message":"Skipping invalid key in record: ","timestamp":"2025-07-25T16:03:52.872Z"}
{"level":"warn","message":"Invalid contact format (non-string) for record with PIP number EMEA-000085-PIP01-07: [\"Boehringer Ingelheim International GmbH\",\"Tel. +49 6132 778271\",\"Email: Paediatrics@boehringer-ingelheim.com\"]","timestamp":"2025-07-25T16:03:52.873Z"}
{"level":"warn","message":"Skipping invalid key in record: ","timestamp":"2025-07-25T16:03:52.873Z"}
{"level":"warn","message":"Invalid contact format (non-string) for record with PIP number Roflumilast: [\"Nycomed GmbH\",\"E-mail: corporatecommunications@nycomed.com\",\"Country: Germany\",\"Phone: +49 7531840\",\"Fax: +49 7531842474\"]","timestamp":"2025-07-25T16:03:52.873Z"}
{"level":"warn","message":"Skipping invalid key in record: ","timestamp":"2025-07-25T16:03:52.873Z"}
{"level":"warn","message":"Invalid contact format (non-string) for record with PIP number EMEA-000104-PIP01-07: [\"NicOx S.A.\",\"E-mail: emea.contact@nicox.com\",\"Country: France\",\"Phone: +33 97245300\",\"Fax: +33 97245379\"]","timestamp":"2025-07-25T16:03:52.873Z"}
{"level":"warn","message":"Skipping invalid key in record: ","timestamp":"2025-07-25T16:03:52.873Z"}
{"level":"warn","message":"Invalid contact format (non-string) for record with PIP number Flosfluridine tidoxil: [\"Heidelberg Pharma AG\",\"E-mail: e.boehm@hdpharma.com\",\"Country: Germany\",\"Phone: +49 6203100963\",\"Fax: +49 6203100918\"]","timestamp":"2025-07-25T16:03:52.873Z"}
{"level":"warn","message":"Skipping invalid key in record: ","timestamp":"2025-07-25T16:03:52.873Z"}
{"level":"warn","message":"Invalid contact format (non-string) for record with PIP number EMEA-000008-PIP01-07: [\"Merck\",\"Sharp & Dohme (Europe) Inc.\",\"Tel. +31 412770000\",\"E-mail: regaffairseurope@organon.com\"]","timestamp":"2025-07-25T16:03:52.873Z"}
{"level":"info","message":"CSV Headers: Decision number,PIP number,Active substance,Invented name,Therapeutic area,Pharmaceutical forms,Condition / indication,Routes of administration,Decision type,Decision date,Compliance outcome,Compliance opinion date,Compliance procedure number,Contact for public enquiries,First published date,Last updated date,PIP URL,","timestamp":"2025-07-25T16:03:52.875Z"}
{"level":"warn","message":"Skipping invalid key in record: ","timestamp":"2025-07-25T16:03:52.876Z"}
{"level":"warn","message":"Invalid contact format (non-string) for record with PIP number EMEA-000045-PIP01-07: [\"Boehringer Ingelheim International GmbH\",\"Tel. +49 6132 778271\",\"Email: Paediatrics@boehringer-ingelheim.com\"]","timestamp":"2025-07-25T16:03:52.876Z"}
{"level":"warn","message":"Skipping invalid key in record: ","timestamp":"2025-07-25T16:03:52.876Z"}
{"level":"warn","message":"Skipping invalid key in record: ","timestamp":"2025-07-25T16:03:52.876Z"}
{"level":"warn","message":"Skipping invalid key in record: ","timestamp":"2025-07-25T16:03:52.876Z"}
{"level":"warn","message":"Skipping invalid key in record: ","timestamp":"2025-07-25T16:03:52.876Z"}
{"level":"warn","message":"Skipping invalid key in record: ","timestamp":"2025-07-25T16:03:52.876Z"}
{"level":"warn","message":"Invalid contact format (non-string) for record with PIP number EMEA-000074-PIP01-07: [\"GlaxoSmithKline R&D Limited\",\"E-mail: eu.paediatric-plans@gsk.com\",\"Country: United Kingdom\",\"Phone: +44 208 990 3650\",\"Fax: +44 208 990 3511\"]","timestamp":"2025-07-25T16:03:52.876Z"}
{"level":"warn","message":"Skipping invalid key in record: ","timestamp":"2025-07-25T16:03:52.877Z"}
{"level":"warn","message":"Invalid contact format (non-string) for record with PIP number Lasofoxifene tartrate: [\"Dr. Friedrich Eberth Arzneimittel GmbH\",\"E-mail: info@eberth.de\",\"Tel. +49 96289237670\",\"Fax +49 962892376799\"]","timestamp":"2025-07-25T16:03:52.877Z"}
{"level":"warn","message":"Skipping invalid key in record: ","timestamp":"2025-07-25T16:03:52.877Z"}
{"level":"warn","message":"Skipping invalid key in record: ","timestamp":"2025-07-25T16:03:52.877Z"}
{"level":"warn","message":"Invalid contact format (non-string) for record with PIP number Candesartan/Hydrochlorothiazide: [\"Takeda Global Research & Development Centre (Europe) Ltd\",\"E-mail: s.abel@tgrd.com\",\"Country: United Kingdom\",\"Phone: +44 2077595147\",\"Fax: +44 2077595273\"]","timestamp":"2025-07-25T16:03:52.877Z"}
{"level":"info","message":"CSV Headers: Decision number,PIP number,Active substance,Invented name,Therapeutic area,Pharmaceutical forms,Condition / indication,Routes of administration,Decision type,Decision date,Compliance outcome,Compliance opinion date,Compliance procedure number,Contact for public enquiries,First published date,Last updated date,PIP URL,","timestamp":"2025-07-25T16:03:52.878Z"}
{"level":"info","message":"CSV Headers: Decision number,PIP number,Active substance,Invented name,Therapeutic area,Pharmaceutical forms,Condition / indication,Routes of administration,Decision type,Decision date,Compliance outcome,Compliance opinion date,Compliance procedure number,Contact for public enquiries,First published date,Last updated date,PIP URL,","timestamp":"2025-07-25T16:03:52.879Z"}
{"level":"warn","message":"Skipping invalid key in record: ","timestamp":"2025-07-25T16:03:52.879Z"}
{"level":"warn","message":"Invalid contact format (non-string) for record with PIP number Candesartan/Hydrochlorothiazide: [\"AstraZeneca AB\",\"E-mail: paediatrics@astrazeneca.com\",\"Tel. +44 20 7304 5345\"]","timestamp":"2025-07-25T16:03:52.879Z"}
{"level":"info","message":"Processed batch: inserted 141, updated 19","timestamp":"2025-07-25T16:03:53.715Z"}
{"level":"info","message":"Upload complete. Processed 3168 records, inserted 3127 documents, updated 33 documents, skipped 8 records.","timestamp":"2025-07-25T16:03:53.715Z"}
{"level":"info","message":"MongoDB connection closed.","timestamp":"2025-07-25T16:03:53.720Z"}
